Date,Stock,Price,p/e,Sector Lowest,52 Week High,200d-EMA,Alpha,Beta,Worth
3/21/2022,AAPL,189.17,-5.64,80.57,209.62,193.44,0.0353,0.83,-51.24000000000001
3/21/2022,MSFT,429.4,0.43,90.66,347.73,430.35,0.0461,0.96,-15.890000000000043
3/21/2022,GOOGL,354.28,-5.28,118.28,409.31,344.04,0.0653,1.1,151.62999999999997
3/21/2022,NVDA,165.28,1.47,107.81,182.44,168.34,0.09,0.96,130.32999999999998
3/21/2022,META,353.52,1.59,131.26,329.75,363.31,0.0165,1.12,-49.75
3/21/2022,JPM,109.05,-5.35,131.53,146.58,119.34,0.0979,1.08,-111.42
3/21/2022,BAC,333.47,-1.8,108.6,470.87,336.12,0.0685,1.15,270.53000000000003
3/21/2022,WFC,362.02,-1.48,137.69,115.74,364.06,0.0586,1.05,290.49
3/21/2022,C,297.23,4.63,102.02,238.06,313.89,0.0404,0.88,204.46000000000004
3/21/2022,GS,143.25,-0.26,144.34,304.54,147.13,0.0282,0.87,-373.05999999999995
3/21/2022,PG,354.11,-6.33,82.72,124.71,360.98,0.0421,1.02,133.01000000000002
3/21/2022,KO,343.34,-6.55,81.41,429.19,354.7,0.0221,1.16,257.47999999999996
3/21/2022,PEP,210.3,-2.25,118.9,127.72,206.88,0.0719,0.91,-23.42999999999998
3/21/2022,MO,89.28,3.32,137.21,474.36,90.23,0.0663,0.94,24.730000000000004
3/21/2022,MNST,411.03,1.44,84.52,262.01,412.35,0.0888,0.91,340.18999999999994
3/21/2022,JNJ,121.51,3.59,85.94,460.76,122.6,0.0685,1.19,-136.65000000000003
3/21/2022,PFE,264.88,0.23,135.36,143.28,279.37,0.0863,0.93,197.51
3/21/2022,MRNA,147.23,-1.73,93.13,360.57,134.87,-0.0085,1.13,-120.54999999999998
3/21/2022,LLY,208.29,-4.88,135.27,405.32,202.02,0.05,0.92,-189.96
3/21/2022,UNH,370.32,-7.08,133.64,149.52,377.19,0.0711,1.11,-350.64000000000004
3/21/2022,XOM,86.95,2.83,85.53,214.09,93.47,0.055,0.93,-16.819999999999993
3/21/2022,CVX,103.02,-2.73,116.22,464.78,109.6,0.0748,1.09,-101.7
3/21/2022,COP,335.31,-10.87,85.31,359.54,328.07,0.0458,0.83,214.86
3/21/2022,PSX,117.86,5.44,118.0,432.78,104.99,0.0614,1.08,-0.7399999999999949
3/21/2022,SLB,136.58,-4.46,113.87,300.65,144.41,0.0279,0.95,81.81
3/21/2022,TSLA,186.83,-2.43,87.32,363.89,181.51,0.0628,0.86,-252.46
3/21/2022,F,165.35,-5.53,143.86,455.12,179.09,0.0591,1.12,145.44
3/21/2022,GM,162.37,-2.4,129.4,321.04,152.04,0.0453,1.09,82.15
3/21/2022,RIVN,361.93,1.06,111.59,238.76,364.67,0.0473,0.9,316.33
3/21/2022,LCID,171.63,-9.83,94.24,492.47,177.87,0.0319,1.12,130.60999999999999
3/21/2022,AMZN,430.9,-7.2,112.7,425.17,438.65,0.0731,0.89,167.91999999999996
3/21/2022,WMT,288.5,-7.33,100.24,262.95,278.22,0.031,1.1,213.81
3/21/2022,COST,269.19,5.82,89.84,327.02,265.14,0.0286,0.88,-492.41
3/21/2022,TGT,226.49,3.42,98.35,281.74,233.21,0.0069,1.09,-102.03999999999996
3/21/2022,HD,168.26,-0.36,108.43,168.55,182.96,0.033,1.0,-331.06
3/21/2022,BA,278.42,-1.23,88.81,159.36,277.8,0.045,1.07,-77.65999999999997
3/21/2022,LMT,423.39,-0.11,98.75,187.45,429.58,0.0563,0.99,-188.64999999999998
3/21/2022,NOC,170.29,-3.29,138.38,264.74,175.25,0.0388,1.08,-436.95000000000005
3/21/2022,GD,299.49,4.88,100.53,443.02,302.45,0.0335,0.95,-26.870000000000005
3/21/2022,RTX,114.05,-4.77,87.1,259.62,121.15,0.0407,0.93,-24.10000000000001
3/21/2022,VZ,186.54,5.58,89.16,234.26,175.25,0.0513,0.91,114.19999999999999
3/21/2022,T,206.68,-3.95,130.68,124.1,182.05,0.0596,0.87,180.56
3/21/2022,DIS,247.06,-13.32,109.54,310.49,246.42,0.0576,0.81,-13.95999999999998
3/21/2022,NFLX,420.39,-2.83,115.04,456.15,424.48,0.0481,1.13,-298.90999999999997
3/21/2022,CMCSA,401.89,2.55,144.07,418.84,402.44,0.0636,0.99,326.54999999999995
3/21/2022,AMD,239.65,-9.99,81.31,237.01,252.25,0.0575,0.85,74.58000000000001
3/21/2022,TSM,300.52,-8.23,149.77,432.88,306.0,0.0681,1.08,127.45999999999998
3/21/2022,INTC,89.68,-9.77,93.98,449.54,101.91,0.0316,1.01,6.0
3/21/2022,AVGO,427.11,-0.44,115.37,415.68,432.7,0.0402,1.05,340.92
3/21/2022,QCOM,283.41,-5.58,131.86,418.45,270.15,0.0408,1.19,58.28000000000003
4/21/2022,AAPL,413.57,-4.07,80.71,306.67,401.66,0.0482,1.14,173.16
4/21/2022,MSFT,295.54,4.72,140.96,404.43,313.24,0.0697,1.03,-149.75
4/21/2022,GOOGL,359.06,5.55,139.33,435.09,367.52,0.0431,0.82,156.41
4/21/2022,NVDA,448.22,4.42,102.67,199.88,441.36,0.0412,1.0,413.27000000000004
4/21/2022,META,329.02,4.24,120.47,232.28,330.96,0.0439,0.99,-74.25
4/21/2022,JPM,199.46,-3.18,81.14,439.94,225.19,0.0472,1.0,-21.00999999999999
4/21/2022,BAC,121.39,-2.72,93.81,389.78,113.36,0.0705,1.01,58.45
4/21/2022,WFC,120.69,-0.62,116.58,283.2,112.32,0.0171,1.01,49.16
4/21/2022,C,227.53,2.94,117.13,177.59,234.58,0.0646,0.86,134.76
4/21/2022,GS,221.87,7.57,149.69,210.89,234.49,0.0632,1.04,-294.43999999999994
4/21/2022,PG,106.34,-7.45,129.96,186.57,111.74,0.0474,1.11,-114.75999999999999
4/21/2022,KO,206.41,4.27,85.11,267.13,210.29,0.0175,1.0,120.55
4/21/2022,PEP,344.5,-0.4,95.36,169.14,357.74,0.0419,0.94,110.77000000000001
4/21/2022,MO,205.08,2.98,122.05,445.61,223.51,0.0149,0.93,140.53000000000003
4/21/2022,MNST,288.96,-1.14,84.45,326.52,273.69,0.0266,1.03,218.11999999999998
4/21/2022,JNJ,368.27,5.58,147.01,471.52,360.2,0.065,1.08,110.10999999999996
4/21/2022,PFE,378.11,-7.5,137.21,183.93,383.5,0.0545,0.9,310.74
4/21/2022,MRNA,407.63,6.53,86.98,430.88,398.77,0.0426,1.04,139.85000000000002
4/21/2022,LLY,135.76,-1.38,125.17,286.3,126.75,0.0504,0.84,-262.49
4/21/2022,UNH,238.59,-7.82,114.63,221.24,246.37,0.0155,1.03,-482.37
4/21/2022,XOM,201.87,5.85,85.84,428.67,210.96,0.0416,0.98,98.10000000000001
4/21/2022,CVX,359.02,-5.88,139.4,314.64,366.53,0.0729,1.13,154.29999999999998
4/21/2022,COP,405.55,5.76,140.9,159.91,418.29,0.0415,0.99,285.1
4/21/2022,PSX,384.09,-5.86,129.73,330.62,390.41,0.0419,0.85,265.49
4/21/2022,SLB,296.63,-7.01,124.43,394.38,297.54,0.0688,1.14,241.85999999999999
4/21/2022,TSLA,131.87,5.1,127.57,371.71,125.12,0.0662,0.99,-307.42
4/21/2022,F,392.9,-2.85,127.06,179.84,407.94,0.0662,0.8,372.98999999999995
4/21/2022,GM,157.42,-0.73,87.36,378.21,149.53,0.0598,0.98,77.19999999999999
4/21/2022,RIVN,408.3,-13.39,114.87,191.82,416.02,0.0701,1.04,362.7
4/21/2022,LCID,200.65,6.34,98.61,108.85,193.27,0.0716,1.06,159.63
4/21/2022,AMZN,271.1,11.02,124.54,154.14,286.17,0.0523,0.99,8.120000000000005
4/21/2022,WMT,135.82,-0.33,119.71,312.51,146.7,0.0586,1.02,61.129999999999995
4/21/2022,COST,141.56,-0.85,127.14,289.94,148.16,0.0784,1.1,-620.04
4/21/2022,TGT,336.13,-3.89,127.7,367.53,338.72,0.0592,0.8,7.600000000000023
4/21/2022,HD,258.69,-3.44,144.19,131.33,264.17,0.0331,0.81,-240.63
4/21/2022,BA,281.91,0.92,99.22,110.65,280.31,0.0132,0.98,-74.16999999999996
4/21/2022,LMT,332.38,-4.86,112.31,274.05,323.02,0.0886,1.18,-279.65999999999997
4/21/2022,NOC,306.78,6.98,128.7,187.29,301.56,0.0426,1.0,-300.46000000000004
4/21/2022,GD,347.81,-5.68,89.31,279.85,334.3,0.059,1.16,21.44999999999999
4/21/2022,RTX,217.35,8.19,141.28,458.35,227.46,0.0372,1.2,79.19999999999999
4/21/2022,VZ,290.63,5.48,134.09,463.12,272.63,0.0606,0.89,218.29
4/21/2022,T,384.62,6.88,148.08,460.81,359.85,0.051,1.1,358.5
4/21/2022,DIS,306.73,5.05,104.94,302.16,289.75,0.0586,1.07,45.710000000000036
4/21/2022,NFLX,243.67,-2.2,90.22,184.5,240.03,0.02,1.15,-475.63
4/21/2022,CMCSA,162.49,9.6,97.47,248.31,163.86,0.0228,0.89,87.15
4/21/2022,AMD,201.17,1.59,106.91,122.13,205.26,0.0585,1.01,36.099999999999994
4/21/2022,TSM,403.97,-7.49,120.45,233.57,400.21,0.0369,1.12,230.91000000000003
4/21/2022,INTC,111.08,4.17,122.99,462.46,114.9,0.026,0.98,27.39999999999999
4/21/2022,AVGO,153.5,-3.92,119.68,158.15,151.8,0.0403,0.99,67.31
4/21/2022,QCOM,277.88,7.96,121.88,348.06,299.8,0.0493,0.82,52.75
5/21/2022,AAPL,153.88,1.1,146.17,459.57,153.43,0.0462,0.89,-86.53
5/21/2022,MSFT,92.79,-0.88,135.61,142.02,101.72,0.0048,0.99,-352.5
5/21/2022,GOOGL,240.97,0.45,96.11,426.25,248.19,0.0425,1.18,38.31999999999999
5/21/2022,NVDA,440.82,5.33,122.5,471.99,427.59,0.0431,1.02,405.87
5/21/2022,META,433.09,5.3,98.46,222.88,406.59,0.033,0.86,29.819999999999993
5/21/2022,JPM,254.94,-1.47,140.68,286.05,262.11,0.0321,0.92,34.47
5/21/2022,BAC,352.77,-2.22,81.35,483.16,358.78,0.0926,0.9,289.83
5/21/2022,WFC,369.39,0.5,144.12,227.56,387.32,0.0449,1.14,297.86
5/21/2022,C,270.58,-1.38,133.3,180.71,268.41,0.047,1.07,177.81
5/21/2022,GS,370.74,-4.98,126.24,328.43,366.39,0.0845,0.9,-145.56999999999994
5/21/2022,PG,189.13,5.14,144.02,453.92,177.94,0.0329,1.17,-31.97
5/21/2022,KO,284.11,-13.02,80.33,353.29,289.45,0.0735,0.82,198.25
5/21/2022,PEP,205.77,-2.39,86.92,475.12,207.72,0.0131,1.11,-27.95999999999998
5/21/2022,MO,255.25,-3.3,92.22,328.65,267.71,0.048,1.08,190.7
5/21/2022,MNST,406.36,-4.77,105.1,345.77,407.76,0.072,1.0,335.52
5/21/2022,JNJ,330.97,-4.51,81.35,219.29,321.13,0.0731,0.86,72.81
5/21/2022,PFE,295.47,5.03,102.12,443.74,294.44,0.0363,0.92,228.10000000000002
5/21/2022,MRNA,315.46,3.9,127.08,454.86,299.57,0.005,0.88,47.68000000000001
5/21/2022,LLY,107.3,1.52,134.08,424.31,112.37,0.0312,0.92,-290.95
5/21/2022,UNH,390.96,6.17,90.54,409.32,383.99,0.0281,1.15,-330.00000000000006
5/21/2022,XOM,253.68,-4.82,141.88,464.29,249.29,0.0502,1.15,149.91000000000003
5/21/2022,CVX,317.98,-0.99,102.17,266.66,310.42,0.0581,1.17,113.26000000000002
5/21/2022,COP,332.77,-4.24,107.99,172.21,331.14,0.0224,1.01,212.32
5/21/2022,PSX,269.52,1.08,94.16,287.3,251.84,0.0182,0.93,150.92
5/21/2022,SLB,155.5,11.12,99.01,108.55,163.36,0.0718,0.9,100.72999999999999
5/21/2022,TSLA,220.96,2.72,122.74,227.86,215.91,0.0433,0.91,-218.33
5/21/2022,F,140.27,-4.28,87.51,487.51,144.84,0.0742,0.98,120.36000000000001
5/21/2022,GM,186.31,-4.71,128.67,281.06,190.91,0.0526,1.16,106.09
5/21/2022,RIVN,225.69,-3.48,134.36,315.03,222.17,0.0195,1.1,180.09
5/21/2022,LCID,292.05,8.45,132.89,180.42,287.57,0.0531,0.93,251.03
5/21/2022,AMZN,280.35,-4.08,123.58,317.17,284.48,0.0542,1.09,17.370000000000005
5/21/2022,WMT,327.9,1.38,81.83,252.0,302.63,0.0623,0.87,253.20999999999998
5/21/2022,COST,185.82,-5.04,105.26,256.26,177.06,0.0384,1.13,-575.78
5/21/2022,TGT,187.96,2.89,120.11,315.43,190.99,0.0787,0.83,-140.56999999999996
5/21/2022,HD,347.3,12.07,123.31,429.24,338.26,0.0373,1.12,-152.01999999999998
5/21/2022,BA,218.45,0.58,120.05,342.24,211.67,0.0683,1.04,-137.63
5/21/2022,LMT,115.46,1.79,149.19,219.15,121.44,0.0236,1.13,-496.58
5/21/2022,NOC,135.95,-0.32,134.46,404.32,124.88,0.0481,1.13,-471.29
5/21/2022,GD,289.0,3.14,134.37,447.29,285.36,0.0061,1.07,-37.360000000000014
5/21/2022,RTX,409.25,-3.36,95.48,489.7,403.16,0.0669,0.83,271.1
5/21/2022,VZ,389.58,0.21,85.03,370.35,382.96,0.0503,0.84,317.24
5/21/2022,T,419.27,8.01,90.4,318.7,425.37,0.0567,1.08,393.15
5/21/2022,DIS,281.09,-16.33,80.17,140.76,267.85,0.042,0.86,20.069999999999993
5/21/2022,NFLX,389.24,-0.03,122.0,371.79,385.03,0.039,1.04,-330.05999999999995
5/21/2022,CMCSA,298.78,-3.48,83.09,373.25,306.59,0.0265,0.95,223.43999999999997
5/21/2022,AMD,323.21,-8.84,114.17,251.94,297.03,0.0661,1.03,158.14
5/21/2022,TSM,463.36,-0.66,138.14,314.41,445.76,0.0763,0.87,290.3
5/21/2022,INTC,399.88,-8.17,82.45,183.11,404.01,0.0341,1.09,316.2
5/21/2022,AVGO,387.84,1.79,140.9,285.4,392.57,0.0254,1.04,301.65
5/21/2022,QCOM,261.32,-12.44,121.58,467.95,235.85,0.0664,1.04,36.19
6/21/2022,AAPL,226.74,-8.07,100.24,499.53,230.77,0.0135,0.83,-13.669999999999987
6/21/2022,MSFT,373.21,-0.25,130.62,232.15,363.28,0.072,0.97,-72.08000000000004
6/21/2022,GOOGL,429.24,0.33,108.03,365.84,434.51,0.0513,0.81,226.59
6/21/2022,NVDA,133.87,-7.94,131.72,189.78,128.25,0.0401,0.88,98.92
6/21/2022,META,130.41,3.37,107.56,231.49,130.01,0.0458,1.18,-272.86
6/21/2022,JPM,142.43,-2.17,100.43,441.63,151.45,0.0557,0.83,-78.03999999999999
6/21/2022,BAC,405.25,2.7,95.37,456.27,401.48,0.0606,1.17,342.31
6/21/2022,WFC,369.69,-4.34,126.73,184.46,368.26,0.0566,1.06,298.15999999999997
6/21/2022,C,184.89,-8.4,130.98,235.42,190.01,0.0394,0.81,92.11999999999999
6/21/2022,GS,307.57,3.99,92.45,205.65,297.97,0.0548,0.81,-208.73999999999995
6/21/2022,PG,411.24,2.99,108.63,143.52,423.07,0.0411,0.95,190.14000000000001
6/21/2022,KO,227.75,11.12,121.83,279.13,250.69,0.0747,0.91,141.89
6/21/2022,PEP,211.3,1.81,123.32,372.23,197.56,0.0399,0.98,-22.42999999999998
6/21/2022,MO,438.01,-2.28,114.95,176.74,417.45,0.0883,1.1,373.46
6/21/2022,MNST,132.49,-7.79,85.9,371.29,120.8,0.0717,1.02,61.650000000000006
6/21/2022,JNJ,109.59,0.53,113.67,127.81,115.66,0.0418,0.97,-148.57000000000002
6/21/2022,PFE,211.97,-4.59,94.85,305.77,194.72,0.0357,0.83,144.6
6/21/2022,MRNA,281.1,2.73,109.06,482.59,281.5,0.052,0.84,13.32000000000005
6/21/2022,LLY,130.21,-0.35,132.17,320.19,146.89,0.0677,0.81,-268.03999999999996
6/21/2022,UNH,263.29,0.8,138.8,233.05,263.15,0.0168,0.86,-457.67
6/21/2022,XOM,170.5,2.79,118.69,339.89,155.58,0.0532,0.99,66.73
6/21/2022,CVX,199.95,2.34,112.33,463.81,203.36,0.0386,1.12,-4.77000000000001
6/21/2022,COP,125.31,7.64,117.89,325.19,121.42,0.021,0.85,4.859999999999999
6/21/2022,PSX,252.4,2.45,90.61,302.14,236.95,0.0263,0.95,133.8
6/21/2022,SLB,363.3,2.41,98.39,314.32,359.61,0.0724,0.86,308.53000000000003
6/21/2022,TSLA,199.21,-2.72,91.69,432.28,208.08,0.0706,1.02,-240.08
6/21/2022,F,111.93,-1.28,144.42,288.63,98.65,0.066,1.19,92.02000000000001
6/21/2022,GM,264.27,0.29,99.73,193.54,265.36,0.0652,0.93,184.04999999999998
6/21/2022,RIVN,402.19,0.62,107.8,325.59,385.07,0.0779,0.82,356.59
6/21/2022,LCID,339.05,-3.86,123.19,458.21,337.86,0.0676,1.04,298.03000000000003
6/21/2022,AMZN,317.19,5.36,108.12,352.88,311.5,0.0414,0.89,54.20999999999998
6/21/2022,WMT,234.5,10.0,122.59,165.06,241.72,0.0512,1.03,159.81
6/21/2022,COST,304.59,4.15,120.28,385.45,299.34,0.0774,1.13,-457.01000000000005
6/21/2022,TGT,383.47,2.69,94.64,430.52,384.75,0.0394,1.15,54.940000000000055
6/21/2022,HD,349.99,0.46,82.06,165.55,354.99,0.0641,0.92,-149.32999999999998
6/21/2022,BA,240.51,-0.41,140.91,491.49,248.14,0.0818,1.14,-115.57
6/21/2022,LMT,373.14,-2.07,120.93,179.96,378.84,0.071,1.04,-238.89999999999998
6/21/2022,NOC,143.84,2.66,118.18,361.31,129.91,0.0303,0.84,-463.4
6/21/2022,GD,419.22,1.68,120.47,253.36,409.51,0.0191,0.92,92.86000000000001
6/21/2022,RTX,367.15,4.4,147.17,437.46,381.26,0.0378,1.06,228.99999999999997
6/21/2022,VZ,403.2,1.93,113.63,221.83,394.56,0.0525,1.09,330.86
6/21/2022,T,429.24,2.26,139.4,267.02,432.63,0.0539,0.82,403.12
6/21/2022,DIS,186.85,4.1,111.51,318.76,194.69,0.0286,0.91,-74.16999999999999
6/21/2022,NFLX,160.63,0.52,139.03,308.68,159.7,0.0767,1.06,-558.67
6/21/2022,CMCSA,151.03,1.59,140.13,122.65,146.4,0.0331,1.0,75.69
6/21/2022,AMD,95.38,-1.98,142.49,378.26,103.95,0.0475,1.02,-69.69
6/21/2022,TSM,109.48,0.18,135.56,313.08,103.78,0.062,1.11,-63.58
6/21/2022,INTC,159.98,3.04,80.25,403.47,167.43,0.0627,1.1,76.29999999999998
6/21/2022,AVGO,423.55,-3.11,90.19,430.0,405.06,0.0556,1.08,337.36
6/21/2022,QCOM,379.68,5.51,90.22,165.9,375.66,0.0617,0.84,154.55
7/21/2022,AAPL,238.92,4.96,108.31,433.17,222.44,0.044,1.11,-1.490000000000009
7/21/2022,MSFT,382.16,-2.86,137.32,235.48,382.58,0.0335,1.02,-63.129999999999995
7/21/2022,GOOGL,390.11,2.64,103.8,279.14,401.64,0.0597,0.98,187.46
7/21/2022,NVDA,172.74,8.1,128.21,362.77,170.96,0.028,0.93,137.79000000000002
7/21/2022,META,171.57,1.65,137.9,260.64,169.49,0.0439,1.07,-231.7
7/21/2022,JPM,133.75,-5.9,111.64,418.47,138.04,0.0468,1.19,-86.72
7/21/2022,BAC,319.82,2.92,137.14,215.74,335.67,0.0359,0.9,256.88
7/21/2022,WFC,278.61,-3.14,106.03,393.55,298.72,0.0533,1.05,207.08
7/21/2022,C,341.32,5.82,91.03,177.47,328.89,0.0743,0.89,248.55
7/21/2022,GS,127.21,-1.83,108.1,373.89,129.74,0.0548,1.0,-389.09999999999997
7/21/2022,PG,248.67,5.57,126.86,273.26,238.01,0.0466,0.98,27.569999999999993
7/21/2022,KO,417.7,1.28,140.05,435.01,423.82,0.0526,0.94,331.84
7/21/2022,PEP,190.86,2.34,117.99,125.18,204.5,0.0706,1.09,-42.869999999999976
7/21/2022,MO,416.8,0.88,124.67,202.7,412.12,0.0481,1.02,352.25
7/21/2022,MNST,130.45,2.6,92.32,151.08,119.89,0.0554,0.85,59.609999999999985
7/21/2022,JNJ,397.87,-0.85,130.85,426.29,379.86,0.0276,1.14,139.70999999999998
7/21/2022,PFE,419.7,-12.71,105.82,150.45,415.88,0.0014,0.95,352.33
7/21/2022,MRNA,184.61,-1.51,128.44,182.44,183.78,0.0577,1.03,-83.16999999999996
7/21/2022,LLY,319.19,4.36,141.7,231.58,312.42,0.0849,0.88,-79.06
7/21/2022,UNH,213.53,7.09,87.27,469.53,210.37,0.0499,1.15,-507.43000000000006
7/21/2022,XOM,402.24,-0.67,142.67,298.06,410.85,0.0767,1.16,298.47
7/21/2022,CVX,307.68,2.85,101.84,140.79,313.63,0.0665,1.03,102.96000000000001
7/21/2022,COP,281.38,-7.54,86.12,133.76,278.93,0.0763,0.92,160.93
7/21/2022,PSX,270.16,-4.8,143.08,475.71,263.22,0.0435,0.84,151.56000000000003
7/21/2022,SLB,234.61,-1.26,92.63,320.12,228.25,0.0523,1.1,179.84
7/21/2022,TSLA,86.5,-9.52,127.49,492.39,96.88,0.0147,1.13,-352.79
7/21/2022,F,335.38,6.42,95.51,192.95,318.18,0.062,1.06,315.46999999999997
7/21/2022,GM,133.18,-2.73,119.24,314.88,129.01,0.087,0.95,52.96000000000001
7/21/2022,RIVN,400.78,-8.19,122.44,146.77,400.91,0.0597,1.17,355.17999999999995
7/21/2022,LCID,173.54,-5.19,129.06,467.66,176.2,0.042,1.08,132.51999999999998
7/21/2022,AMZN,334.96,-0.69,88.01,203.92,346.89,0.0292,1.02,71.97999999999996
7/21/2022,WMT,217.24,3.47,134.68,343.96,218.01,0.0314,1.13,142.55
7/21/2022,COST,351.1,0.82,87.3,371.63,359.79,0.0533,1.11,-410.5
7/21/2022,TGT,327.89,2.84,103.72,478.84,332.51,0.0373,1.15,-0.6399999999999864
7/21/2022,HD,390.01,0.65,107.1,493.44,387.82,0.0535,0.96,-109.31
7/21/2022,BA,248.73,-3.78,108.9,398.18,241.0,0.0567,1.03,-107.35
7/21/2022,LMT,317.14,1.89,145.78,216.12,314.18,0.0542,1.18,-294.9
7/21/2022,NOC,176.18,-4.51,86.35,189.08,182.08,0.0523,0.81,-431.06
7/21/2022,GD,405.51,6.19,132.77,424.9,415.76,0.0436,1.1,79.14999999999998
7/21/2022,RTX,306.6,6.85,94.88,128.51,304.12,0.0538,0.99,168.45000000000002
7/21/2022,VZ,348.92,3.18,120.81,133.28,357.62,0.0517,0.88,276.58000000000004
7/21/2022,T,195.63,2.24,90.25,296.67,192.84,0.0718,0.92,169.51
7/21/2022,DIS,99.35,1.34,142.68,195.68,99.27,0.0314,1.13,-161.67
7/21/2022,NFLX,146.03,8.48,125.07,269.4,156.56,0.0551,0.99,-573.27
7/21/2022,CMCSA,349.75,-1.04,108.91,318.66,345.55,0.0337,1.05,274.40999999999997
7/21/2022,AMD,189.18,4.1,138.44,462.66,183.93,0.0055,0.96,24.110000000000014
7/21/2022,TSM,183.23,-5.98,98.31,388.87,190.56,0.0769,1.11,10.169999999999987
7/21/2022,INTC,318.13,2.86,82.18,436.74,324.56,0.0643,1.12,234.45
7/21/2022,AVGO,361.06,1.78,92.93,446.44,367.51,0.0647,0.91,274.87
7/21/2022,QCOM,266.07,-2.94,130.83,420.67,264.44,0.0441,0.9,40.94
8/21/2022,AAPL,183.27,5.51,106.78,109.25,175.85,0.0486,1.04,-57.139999999999986
8/21/2022,MSFT,327.8,-7.26,95.55,379.51,326.09,0.0322,1.14,-117.49000000000001
8/21/2022,GOOGL,437.09,3.85,87.17,312.17,426.86,0.0533,0.9,234.43999999999997
8/21/2022,NVDA,276.05,-7.6,107.72,284.77,265.86,0.043,0.98,241.10000000000002
8/21/2022,META,195.79,-5.86,149.2,128.07,205.79,0.021,0.88,-207.48
8/21/2022,JPM,182.88,-0.94,131.32,340.54,200.08,0.0827,0.8,-37.59
8/21/2022,BAC,100.13,1.88,117.21,419.75,101.1,0.0476,1.04,37.19
8/21/2022,WFC,327.82,-7.61,113.13,475.95,309.76,0.0604,0.87,256.28999999999996
8/21/2022,C,373.72,-0.89,141.31,296.39,371.07,0.0533,1.06,280.95000000000005
8/21/2022,GS,340.48,-6.92,143.46,228.35,354.59,0.0242,1.18,-175.82999999999993
8/21/2022,PG,328.37,-1.49,140.48,137.57,322.56,0.0633,1.18,107.27000000000001
8/21/2022,KO,248.32,8.93,119.74,255.46,225.77,0.0351,0.88,162.45999999999998
8/21/2022,PEP,114.27,-5.72,108.76,108.37,106.71,0.048,1.18,-119.46
8/21/2022,MO,185.01,-6.09,126.31,418.58,183.58,0.0801,0.95,120.46
8/21/2022,MNST,180.16,-2.36,125.54,118.08,150.2,0.0057,0.84,109.32
8/21/2022,JNJ,103.31,4.1,117.29,159.63,103.62,0.0631,1.16,-154.85000000000002
8/21/2022,PFE,174.24,11.79,115.7,168.06,181.45,0.0538,1.16,106.87
8/21/2022,MRNA,397.46,-11.32,140.13,446.25,392.29,0.0306,1.16,129.68
8/21/2022,LLY,431.93,-2.5,133.38,373.45,422.33,0.0296,1.07,33.68000000000001
8/21/2022,UNH,423.34,4.82,84.03,269.79,416.71,0.035,1.02,-297.62000000000006
8/21/2022,XOM,165.92,2.15,131.73,428.01,164.08,0.0843,1.02,62.14999999999999
8/21/2022,CVX,124.06,-4.84,97.65,254.83,125.39,0.0442,1.16,-80.66
8/21/2022,COP,105.8,4.44,88.61,116.53,111.56,0.0639,1.17,-14.650000000000006
8/21/2022,PSX,85.92,7.77,116.65,308.45,97.44,0.0472,0.99,-32.67999999999999
8/21/2022,SLB,288.69,0.46,130.21,352.99,277.28,0.0588,0.92,233.92
8/21/2022,TSLA,327.87,-3.27,142.48,333.46,316.26,0.024,1.07,-111.42000000000002
8/21/2022,F,176.44,1.03,119.02,209.47,161.7,0.0397,0.99,156.53
8/21/2022,GM,129.39,3.9,119.99,327.72,115.39,0.0342,0.82,49.16999999999999
8/21/2022,RIVN,435.07,2.68,88.82,385.34,424.0,0.0459,0.84,389.46999999999997
8/21/2022,LCID,298.31,-5.8,104.31,493.78,285.63,0.0375,0.93,257.29
8/21/2022,AMZN,159.39,8.38,95.59,384.22,152.57,0.0291,1.15,-103.59000000000003
8/21/2022,WMT,422.31,-1.19,97.19,137.21,428.5,0.0446,1.14,347.62
8/21/2022,COST,341.74,-1.81,81.99,229.49,342.13,0.0491,0.89,-419.86
8/21/2022,TGT,179.6,-2.62,104.03,316.46,173.11,0.0758,1.03,-148.92999999999998
8/21/2022,HD,237.09,-9.65,113.39,217.26,252.61,0.0812,0.92,-262.23
8/21/2022,BA,146.83,4.61,142.71,477.19,144.49,0.0597,1.05,-209.24999999999997
8/21/2022,LMT,186.51,2.64,143.8,179.71,189.59,0.0788,1.04,-425.53
8/21/2022,NOC,78.94,-13.15,102.62,467.52,92.71,0.0765,1.14,-528.3
8/21/2022,GD,330.1,6.91,111.28,172.51,329.01,0.0521,1.16,3.740000000000009
8/21/2022,RTX,97.79,-8.92,88.52,214.09,103.62,0.0434,1.01,-40.36
8/21/2022,VZ,292.95,3.7,90.55,306.56,290.5,0.0443,0.82,220.60999999999999
8/21/2022,T,441.99,-2.63,116.56,399.65,431.22,0.0698,0.86,415.87
8/21/2022,DIS,170.49,2.7,114.14,479.81,162.45,0.0585,0.98,-90.52999999999997
8/21/2022,NFLX,99.98,-10.25,123.67,466.14,93.22,0.065,0.93,-619.3199999999999
8/21/2022,CMCSA,367.62,-11.81,118.33,366.11,365.93,0.065,0.95,292.28
8/21/2022,AMD,187.73,2.62,111.0,451.38,193.03,0.0804,1.0,22.659999999999997
8/21/2022,TSM,379.42,-5.4,147.25,498.94,367.89,0.0518,0.96,206.36
8/21/2022,INTC,207.94,-3.41,146.95,491.08,198.65,0.0743,1.03,124.25999999999999
8/21/2022,AVGO,379.61,-1.48,82.91,171.95,405.0,0.0211,0.89,293.42
8/21/2022,QCOM,109.39,-6.16,137.87,325.03,116.53,0.0707,1.16,-115.74
9/21/2022,AAPL,235.69,4.61,140.58,184.82,239.81,0.0347,1.08,-4.719999999999999
9/21/2022,MSFT,250.97,-1.39,148.82,272.81,237.62,0.0223,1.0,-194.32000000000002
9/21/2022,GOOGL,220.15,-4.68,131.36,481.05,221.52,0.0745,1.13,17.5
9/21/2022,NVDA,202.39,-6.64,89.11,386.34,205.93,0.0253,0.85,167.44
9/21/2022,META,209.28,-5.39,114.39,119.67,226.34,0.0532,1.06,-193.98999999999998
9/21/2022,JPM,242.94,1.78,97.86,100.94,239.01,0.0576,1.06,22.47
9/21/2022,BAC,335.69,-0.78,104.42,485.03,339.44,0.0213,0.97,272.75
9/21/2022,WFC,118.29,0.0,138.86,236.55,103.94,0.0227,1.09,46.760000000000005
9/21/2022,C,110.57,-3.27,113.46,283.46,111.66,0.0319,1.15,17.799999999999997
9/21/2022,GS,265.97,-5.96,84.01,279.21,263.49,0.0305,0.97,-250.33999999999992
9/21/2022,PG,323.25,-2.87,80.68,200.84,305.81,0.0632,1.19,102.15
9/21/2022,KO,317.78,-4.57,117.08,131.23,340.58,0.055,1.08,231.91999999999996
9/21/2022,PEP,266.63,6.66,116.5,266.24,276.17,0.033,1.12,32.900000000000006
9/21/2022,MO,463.61,-2.06,118.29,129.11,445.98,0.0795,1.08,399.06
9/21/2022,MNST,128.28,-1.97,106.14,329.34,115.37,0.0506,1.01,57.44
9/21/2022,JNJ,152.5,-0.07,99.04,493.17,154.12,0.0064,0.92,-105.66000000000003
9/21/2022,PFE,230.24,-7.63,137.74,374.51,215.16,0.055,0.84,162.87
9/21/2022,MRNA,80.94,1.73,115.43,432.12,95.8,0.0487,1.15,-186.83999999999997
9/21/2022,LLY,298.45,9.34,139.61,205.77,279.5,0.0298,0.95,-99.80000000000001
9/21/2022,UNH,402.44,-0.81,87.81,283.53,392.57,0.0248,0.94,-318.52000000000004
9/21/2022,XOM,174.27,-7.89,145.87,182.65,180.11,0.0572,0.84,70.50000000000001
9/21/2022,CVX,270.65,-5.62,114.93,234.02,284.9,0.0725,1.15,65.92999999999998
9/21/2022,COP,131.52,0.32,141.96,412.34,121.61,0.0652,0.93,11.070000000000007
9/21/2022,PSX,352.02,-8.12,102.25,315.64,346.15,0.064,1.11,233.42
9/21/2022,SLB,84.55,1.98,132.38,465.6,100.77,0.0396,1.13,29.779999999999994
9/21/2022,TSLA,312.84,-7.87,142.75,462.47,303.69,0.0508,1.17,-126.45000000000005
9/21/2022,F,97.12,4.1,100.02,102.49,98.12,0.0686,1.08,77.21000000000001
9/21/2022,GM,384.17,-0.54,119.89,346.23,378.18,0.0748,0.93,303.95000000000005
9/21/2022,RIVN,192.44,-2.24,105.3,393.57,197.19,0.056,0.96,146.84
9/21/2022,LCID,171.46,5.2,122.85,218.68,165.85,0.0237,1.09,130.44
9/21/2022,AMZN,274.11,-3.1,137.35,181.45,272.13,0.0814,0.99,11.129999999999995
9/21/2022,WMT,229.4,-0.36,92.87,384.19,214.13,0.0363,1.16,154.71
9/21/2022,COST,100.75,-3.11,133.89,104.15,96.56,0.0335,0.89,-660.85
9/21/2022,TGT,155.04,-2.18,88.71,491.63,173.59,0.0591,0.86,-173.48999999999998
9/21/2022,HD,367.52,-3.71,149.38,327.37,354.32,0.0776,1.16,-131.8
9/21/2022,BA,160.84,11.87,107.01,163.4,143.54,0.0892,0.87,-195.23999999999998
9/21/2022,LMT,307.75,-1.51,89.21,251.2,313.49,0.0311,0.96,-304.28999999999996
9/21/2022,NOC,216.3,-0.4,123.09,181.48,206.98,0.0493,0.86,-390.94
9/21/2022,GD,323.3,-3.74,141.3,279.64,299.33,0.0908,0.9,-3.0600000000000023
9/21/2022,RTX,451.91,-9.65,113.44,385.41,436.47,0.0517,1.09,313.76
9/21/2022,VZ,138.48,4.45,117.21,438.14,147.68,0.032,0.88,66.13999999999999
9/21/2022,T,139.06,3.83,121.15,183.38,153.21,0.0632,0.95,112.94
9/21/2022,DIS,111.13,-4.54,127.86,427.47,102.12,0.0646,0.98,-149.89
9/21/2022,NFLX,129.64,-1.95,94.39,211.83,139.3,0.0502,1.05,-589.66
9/21/2022,CMCSA,437.92,-3.91,113.33,379.15,434.09,0.0354,1.0,362.58000000000004
9/21/2022,AMD,182.4,1.12,138.14,462.46,169.33,0.048,1.08,17.330000000000013
9/21/2022,TSM,189.29,1.05,149.88,438.43,185.34,0.0908,1.07,16.22999999999999
9/21/2022,INTC,308.99,-3.81,105.96,340.27,327.12,0.1063,1.09,225.31
9/21/2022,AVGO,431.42,0.53,96.02,449.93,421.73,0.041,1.01,345.23
9/21/2022,QCOM,390.76,1.99,149.99,309.63,384.43,0.0149,1.06,165.63
10/21/2022,AAPL,401.35,7.92,106.21,149.68,396.69,0.0367,1.02,160.94000000000003
10/21/2022,MSFT,402.85,-6.03,98.92,463.62,420.24,0.0203,0.91,-42.44
10/21/2022,GOOGL,401.14,-3.9,110.45,205.23,399.04,0.0238,1.06,198.48999999999998
10/21/2022,NVDA,376.3,2.1,136.32,426.74,377.24,0.0496,1.03,341.35
10/21/2022,META,285.98,-8.79,82.41,158.91,288.97,0.0526,0.92,-117.28999999999996
10/21/2022,JPM,172.46,-1.48,141.1,455.44,166.96,0.0543,1.1,-48.00999999999999
10/21/2022,BAC,116.35,1.45,137.65,274.98,110.5,0.0471,1.11,53.41
10/21/2022,WFC,200.22,-1.08,111.37,423.57,194.48,0.0457,0.83,128.69
10/21/2022,C,320.46,10.37,120.94,444.67,332.13,0.051,1.1,227.69
10/21/2022,GS,124.59,-7.2,82.56,489.99,132.55,0.065,0.84,-391.7199999999999
10/21/2022,PG,263.67,-1.64,118.55,181.57,236.89,0.0275,1.01,42.57000000000002
10/21/2022,KO,210.58,-9.21,102.0,284.62,195.32,0.0494,1.08,124.72000000000001
10/21/2022,PEP,306.05,1.82,145.13,386.31,312.7,0.0651,0.83,72.32000000000002
10/21/2022,MO,352.93,5.31,129.86,138.62,350.73,0.0514,0.9,288.38
10/21/2022,MNST,193.04,-4.44,98.77,198.14,191.32,0.0035,0.87,122.19999999999999
10/21/2022,JNJ,112.72,-8.8,144.46,335.4,95.1,0.0548,1.19,-145.44000000000003
10/21/2022,PFE,196.93,-1.66,139.51,146.45,180.8,0.0685,0.88,129.56
10/21/2022,MRNA,313.09,7.84,99.36,229.37,306.77,0.0488,1.06,45.31
10/21/2022,LLY,198.32,-6.34,100.41,399.13,187.46,0.0401,0.96,-199.93
10/21/2022,UNH,372.52,0.46,130.31,125.05,390.52,0.0506,0.85,-348.44000000000005
10/21/2022,XOM,194.49,-4.16,149.55,460.76,190.16,0.0729,1.08,90.72000000000001
10/21/2022,CVX,94.55,-2.67,116.74,456.74,101.7,0.0319,1.09,-110.17
10/21/2022,COP,336.58,7.41,135.16,352.5,329.24,0.0726,1.03,216.13
10/21/2022,PSX,440.46,-2.2,92.29,398.31,430.8,0.0669,0.95,321.86
10/21/2022,SLB,183.01,6.78,97.03,222.85,196.18,0.0453,0.91,128.23999999999998
10/21/2022,TSLA,217.8,-0.95,133.44,316.96,237.3,0.0607,1.19,-221.49
10/21/2022,F,260.02,10.56,111.42,214.82,256.5,0.0124,1.05,240.10999999999999
10/21/2022,GM,356.27,-1.8,90.52,412.87,369.32,0.0059,1.14,276.04999999999995
10/21/2022,RIVN,198.93,1.97,113.2,131.02,199.32,0.0685,0.86,153.33
10/21/2022,LCID,365.09,-4.21,82.48,167.73,356.04,0.0216,0.95,324.07
10/21/2022,AMZN,115.36,2.45,124.49,133.14,134.82,0.0931,0.98,-147.62
10/21/2022,WMT,74.41,2.21,123.07,427.25,91.05,0.0312,0.95,-0.28000000000000114
10/21/2022,COST,336.97,-1.49,103.04,391.54,336.87,0.0449,0.98,-424.63
10/21/2022,TGT,357.53,5.79,107.68,322.26,352.62,0.0316,1.04,29.0
10/21/2022,HD,120.21,0.93,86.39,309.78,109.13,0.0691,1.07,-379.11
10/21/2022,BA,443.24,-4.68,80.61,430.6,443.04,0.021,0.97,87.16000000000003
10/21/2022,LMT,373.12,0.95,135.2,171.25,362.83,0.0426,0.97,-238.91999999999996
10/21/2022,NOC,426.73,-5.25,97.79,252.61,436.45,0.0609,1.11,-180.51
10/21/2022,GD,205.66,2.64,147.09,273.42,221.13,0.0458,0.9,-120.70000000000002
10/21/2022,RTX,104.87,-16.64,109.88,311.08,101.94,0.0489,0.92,-33.28
10/21/2022,VZ,241.56,-6.02,122.9,231.71,250.22,0.0493,0.9,169.22
10/21/2022,T,147.62,7.1,128.71,138.69,156.08,0.0932,0.84,121.5
10/21/2022,DIS,200.86,-2.46,142.86,157.96,205.22,0.0412,0.92,-60.15999999999997
10/21/2022,NFLX,257.46,-3.63,82.69,339.82,264.58,0.0513,1.16,-461.84
10/21/2022,CMCSA,447.45,2.17,113.52,381.28,423.01,0.047,1.0,372.11
10/21/2022,AMD,162.86,-2.55,91.59,174.27,167.26,0.0517,0.95,-2.2099999999999795
10/21/2022,TSM,306.09,-8.23,125.77,306.26,315.58,0.0601,1.03,133.02999999999997
10/21/2022,INTC,393.59,0.94,137.62,388.13,381.97,0.0621,0.84,309.90999999999997
10/21/2022,AVGO,329.21,13.01,95.93,204.14,324.2,0.0372,0.81,243.01999999999998
10/21/2022,QCOM,419.37,-6.84,136.63,192.08,411.47,0.0385,0.93,194.24
11/21/2022,AAPL,286.24,-4.85,80.23,215.81,285.86,0.0382,0.81,45.83000000000001
11/21/2022,MSFT,276.78,4.32,99.39,414.63,271.43,0.049,0.99,-168.51000000000005
11/21/2022,GOOGL,393.27,5.65,110.55,442.43,402.69,0.0776,0.91,190.61999999999998
11/21/2022,NVDA,389.28,8.01,126.72,151.83,385.18,0.0347,0.81,354.33
11/21/2022,META,202.46,-1.97,126.26,311.39,204.41,0.0675,1.09,-200.80999999999997
11/21/2022,JPM,284.41,7.26,83.34,461.8,291.54,0.0504,0.86,63.940000000000026
11/21/2022,BAC,132.45,2.89,143.3,143.45,136.59,0.0372,0.88,69.50999999999999
11/21/2022,WFC,352.79,1.54,117.99,493.98,361.73,0.0464,0.8,281.26
11/21/2022,C,165.34,-2.62,135.41,119.68,160.33,0.0304,0.87,72.57000000000001
11/21/2022,GS,419.22,8.13,141.79,280.14,414.38,0.051,0.91,-97.08999999999992
11/21/2022,PG,317.15,-0.21,89.94,268.5,314.56,0.0407,0.98,96.04999999999998
11/21/2022,KO,420.18,3.68,96.79,191.23,416.04,0.0376,1.02,334.32
11/21/2022,PEP,414.83,-5.03,130.82,279.43,417.76,0.0594,1.05,181.1
11/21/2022,MO,307.31,2.47,108.26,340.06,289.96,0.0165,0.9,242.76
11/21/2022,MNST,375.31,-0.74,117.66,240.98,374.82,0.0422,1.01,304.47
11/21/2022,JNJ,251.62,-2.44,114.71,164.03,249.43,0.0384,1.09,-6.5400000000000205
11/21/2022,PFE,274.83,-13.73,146.16,220.49,261.29,0.0333,1.01,207.45999999999998
11/21/2022,MRNA,268.48,3.69,127.56,420.5,257.5,0.044,1.0,0.7000000000000455
11/21/2022,LLY,303.29,-2.53,135.5,167.13,300.17,0.0525,1.06,-94.95999999999998
11/21/2022,UNH,129.99,2.4,95.19,325.04,132.33,0.03,0.89,-590.97
11/21/2022,XOM,250.99,2.9,135.12,490.32,251.04,0.0333,0.94,147.22000000000003
11/21/2022,CVX,250.04,-1.64,146.12,346.87,225.37,0.0999,0.87,45.31999999999999
11/21/2022,COP,372.02,6.03,148.57,137.08,363.94,0.0632,1.19,251.57
11/21/2022,PSX,239.75,5.84,102.58,259.88,243.33,0.0422,1.06,121.15
11/21/2022,SLB,425.31,-2.17,111.77,344.54,426.72,0.0666,0.9,370.54
11/21/2022,TSLA,398.74,1.83,113.75,332.68,396.15,0.0596,0.84,-40.55000000000001
11/21/2022,F,165.13,-8.52,82.35,431.94,172.16,0.0447,1.02,145.22
11/21/2022,GM,236.47,-2.83,81.28,148.0,240.13,0.0656,1.02,156.25
11/21/2022,RIVN,182.95,3.25,144.76,140.21,173.03,0.0569,0.81,137.35
11/21/2022,LCID,208.69,5.62,146.24,480.7,210.65,0.048,1.06,167.67
11/21/2022,AMZN,254.45,-6.04,135.31,330.15,241.61,0.0638,0.9,-8.53000000000003
11/21/2022,WMT,307.63,2.34,103.26,195.49,306.69,0.0447,0.82,232.94
11/21/2022,COST,164.17,-3.19,120.95,331.49,170.63,0.0758,1.07,-597.4300000000001
11/21/2022,TGT,293.29,1.67,101.73,174.8,289.24,0.0361,0.96,-35.23999999999995
11/21/2022,HD,213.28,1.9,109.27,128.04,225.52,0.0401,0.98,-286.03999999999996
11/21/2022,BA,168.68,3.13,127.81,112.34,161.12,0.0252,1.05,-187.39999999999998
11/21/2022,LMT,436.57,10.61,134.19,233.04,444.34,0.003,1.09,-175.46999999999997
11/21/2022,NOC,256.06,-3.93,133.91,114.24,239.02,0.0457,0.97,-351.18
11/21/2022,GD,121.59,5.1,98.83,454.28,114.94,0.0201,1.08,-204.77
11/21/2022,RTX,443.26,-7.4,111.12,223.43,438.66,0.0405,0.98,305.11
11/21/2022,VZ,269.29,-9.77,112.88,130.12,257.33,0.0464,0.94,196.95000000000002
11/21/2022,T,145.71,5.55,99.87,194.98,124.8,0.0434,1.05,119.59
11/21/2022,DIS,245.29,-5.68,145.03,204.76,265.46,0.0455,0.86,-15.72999999999999
11/21/2022,NFLX,200.45,-8.58,98.92,240.88,212.1,0.0623,0.87,-518.8499999999999
11/21/2022,CMCSA,192.09,-0.44,96.89,308.29,182.48,0.0474,0.9,116.75
11/21/2022,AMD,120.62,7.9,93.71,375.96,114.94,0.0467,0.94,-44.44999999999999
11/21/2022,TSM,278.17,-7.08,87.46,229.5,278.21,0.0671,1.1,105.11000000000001
11/21/2022,INTC,207.76,1.38,106.32,426.67,203.91,0.0821,0.99,124.07999999999998
11/21/2022,AVGO,429.83,2.7,145.5,263.77,439.09,0.0691,0.81,343.64
11/21/2022,QCOM,164.03,1.27,130.81,386.65,156.3,0.0341,0.86,-61.099999999999994
12/21/2022,AAPL,409.28,-4.19,135.95,245.1,395.63,0.066,0.81,168.86999999999998
12/21/2022,MSFT,375.0,6.66,139.19,380.64,380.28,0.1021,1.08,-70.29000000000002
12/21/2022,GOOGL,328.41,7.5,98.23,498.29,321.8,0.0522,0.91,125.76000000000002
12/21/2022,NVDA,206.19,-1.91,114.16,143.48,216.93,0.0603,1.09,171.24
12/21/2022,META,398.5,-0.04,137.84,496.01,377.77,0.0417,0.83,-4.769999999999982
12/21/2022,JPM,394.59,-1.05,137.32,416.46,395.71,0.0437,1.01,174.11999999999998
12/21/2022,BAC,267.93,-6.44,87.73,420.63,254.78,0.0432,1.04,204.99
12/21/2022,WFC,358.2,9.4,87.74,462.52,370.92,0.047,0.9,286.66999999999996
12/21/2022,C,289.1,2.21,135.65,356.84,282.01,0.0534,1.0,196.33000000000004
12/21/2022,GS,410.7,5.38,111.85,480.69,413.76,0.0708,1.13,-105.60999999999996
12/21/2022,PG,405.34,7.66,133.52,385.86,402.99,0.0693,1.16,184.23999999999998
12/21/2022,KO,338.7,0.12,86.87,308.64,340.69,0.0473,1.14,252.83999999999997
12/21/2022,PEP,344.95,-5.41,127.98,137.37,370.11,0.0713,0.89,111.22
12/21/2022,MO,356.2,9.69,112.58,425.62,346.7,0.0475,0.92,291.65
12/21/2022,MNST,250.77,-2.99,86.72,402.04,241.44,0.1034,1.11,179.93
12/21/2022,JNJ,229.83,-1.3,132.44,112.47,234.84,0.0555,0.9,-28.330000000000013
12/21/2022,PFE,217.95,-5.5,120.83,299.82,215.25,0.0528,0.88,150.57999999999998
12/21/2022,MRNA,345.44,-0.93,80.23,155.09,339.73,0.0631,1.06,77.66000000000003
12/21/2022,LLY,364.68,-4.88,96.62,315.54,348.71,0.0108,0.87,-33.56999999999999
12/21/2022,UNH,97.78,8.27,99.33,375.67,92.32,0.0665,1.08,-623.1800000000001
12/21/2022,XOM,259.0,-2.7,145.36,359.68,273.72,0.0557,1.14,155.23000000000002
12/21/2022,CVX,332.45,-6.22,117.96,209.48,329.81,0.0489,0.85,127.72999999999999
12/21/2022,COP,294.31,0.7,124.1,254.86,309.05,0.0614,1.1,173.86
12/21/2022,PSX,106.72,7.81,94.84,492.83,105.76,-0.0014,1.06,-11.879999999999995
12/21/2022,SLB,315.2,-3.17,134.89,324.11,322.37,0.0459,1.13,260.43
12/21/2022,TSLA,208.19,1.15,89.47,137.7,196.38,0.0286,0.86,-231.10000000000002
12/21/2022,F,82.5,-0.27,140.26,178.22,92.93,0.036,0.91,62.59
12/21/2022,GM,150.01,-3.78,118.98,255.11,152.12,0.0357,1.18,69.78999999999999
12/21/2022,RIVN,191.74,10.94,122.28,486.68,206.46,0.0625,0.94,146.14000000000001
12/21/2022,LCID,384.89,-11.08,143.8,271.06,375.3,0.0594,1.04,343.87
12/21/2022,AMZN,401.41,0.46,135.28,424.94,401.86,0.0411,0.93,138.43
12/21/2022,WMT,412.28,-0.97,127.93,496.32,420.39,0.0296,0.93,337.59
12/21/2022,COST,210.03,-4.44,130.64,196.0,206.42,0.0641,0.97,-551.57
12/21/2022,TGT,135.97,-0.61,82.65,464.11,131.66,0.02,1.2,-192.55999999999997
12/21/2022,HD,142.1,4.29,126.11,466.58,145.86,0.0321,0.89,-357.22
12/21/2022,BA,181.6,-2.44,148.06,201.18,169.04,0.0461,0.81,-174.48
12/21/2022,LMT,297.26,3.75,111.05,353.52,297.88,0.0422,0.99,-314.78
12/21/2022,NOC,257.18,2.04,117.19,280.98,253.51,0.0724,0.99,-350.06
12/21/2022,GD,159.46,0.22,102.15,105.5,178.09,0.0774,1.07,-166.9
12/21/2022,RTX,355.65,0.05,124.35,179.88,351.93,0.0378,0.84,217.49999999999997
12/21/2022,VZ,117.22,0.77,93.96,398.77,137.1,0.0415,1.05,44.879999999999995
12/21/2022,T,216.3,1.36,147.77,415.12,222.85,0.0531,1.19,190.18
12/21/2022,DIS,168.28,3.33,89.26,130.97,159.13,0.0648,0.81,-92.73999999999998
12/21/2022,NFLX,441.34,2.44,129.37,273.22,428.9,0.028,0.95,-277.96
12/21/2022,CMCSA,323.24,2.6,139.9,134.26,338.8,0.0361,0.99,247.9
12/21/2022,AMD,313.87,-1.47,83.49,313.6,315.09,0.0439,0.97,148.8
12/21/2022,TSM,431.91,-2.0,83.79,494.36,423.89,0.0356,0.82,258.85
12/21/2022,INTC,349.7,-7.7,114.78,363.74,355.16,0.007,1.12,266.02
12/21/2022,AVGO,320.53,0.96,125.36,314.29,327.48,0.1022,1.02,234.33999999999997
12/21/2022,QCOM,246.33,13.07,129.9,299.0,240.43,0.0344,0.99,21.200000000000017
1/21/2022,AAPL,292.58,-8.63,121.32,142.58,298.36,0.0334,0.94,52.16999999999999
1/21/2022,MSFT,177.48,1.18,136.91,220.81,183.47,0.0295,1.12,-267.81000000000006
1/21/2022,GOOGL,292.59,-1.33,125.27,120.16,284.66,0.0618,1.09,89.93999999999997
1/21/2022,NVDA,238.62,-0.7,142.74,281.91,254.28,0.0283,1.17,203.67000000000002
1/21/2022,META,195.64,-3.61,100.33,230.2,201.81,0.0631,0.89,-207.63
1/21/2022,JPM,375.94,0.85,101.69,185.07,379.44,0.0618,1.17,155.47
1/21/2022,BAC,404.96,-3.21,100.54,168.32,405.38,0.0378,0.83,342.02
1/21/2022,WFC,96.55,-4.66,80.18,499.49,107.39,0.063,0.85,25.019999999999996
1/21/2022,C,198.56,7.64,132.72,416.29,207.34,0.0714,0.85,105.79
1/21/2022,GS,306.25,-2.55,147.33,276.07,316.08,0.0424,0.91,-210.05999999999995
1/21/2022,PG,295.2,-3.34,91.39,249.86,307.71,0.0625,1.1,74.1
1/21/2022,KO,363.55,6.35,138.5,433.32,353.65,0.0625,0.86,277.69
1/21/2022,PEP,103.02,-0.81,91.26,330.63,102.5,0.0169,1.16,-130.70999999999998
1/21/2022,MO,273.57,-2.71,103.82,275.93,284.5,0.0548,0.89,209.01999999999998
1/21/2022,MNST,148.95,-1.77,98.08,288.38,137.9,0.0412,1.17,78.10999999999999
1/21/2022,JNJ,370.71,-1.0,127.43,445.09,357.28,0.0704,0.84,112.54999999999995
1/21/2022,PFE,118.22,-5.23,145.75,274.09,122.72,0.0387,1.16,50.849999999999994
1/21/2022,MRNA,348.19,-2.06,121.19,392.42,347.21,0.0311,0.81,80.41000000000003
1/21/2022,LLY,380.89,6.43,142.7,412.82,374.9,0.0261,0.82,-17.360000000000014
1/21/2022,UNH,169.9,-1.65,122.55,391.89,168.99,0.0979,0.84,-551.0600000000001
1/21/2022,XOM,131.41,-6.71,106.99,391.12,122.63,0.0245,0.82,27.64
1/21/2022,CVX,355.28,4.59,135.7,161.81,349.41,0.0192,1.17,150.55999999999997
1/21/2022,COP,187.97,-8.8,101.41,398.75,177.89,0.0492,0.84,67.52
1/21/2022,PSX,246.04,-2.93,80.74,457.2,248.52,0.0773,0.96,127.44
1/21/2022,SLB,234.96,-4.73,124.36,452.85,225.33,0.0631,0.94,180.19
1/21/2022,TSLA,429.62,5.17,102.69,121.71,433.86,0.0181,0.98,-9.670000000000016
1/21/2022,F,136.47,-4.84,113.37,343.95,145.84,0.0583,1.11,116.56
1/21/2022,GM,177.39,2.54,138.15,399.19,177.83,0.0734,0.89,97.16999999999999
1/21/2022,RIVN,420.49,-3.06,97.93,448.89,438.42,0.0463,1.06,374.89
1/21/2022,LCID,101.35,-4.61,118.67,112.99,106.62,0.0771,1.05,60.32999999999999
1/21/2022,AMZN,380.79,-1.76,146.57,177.43,370.05,0.0463,1.14,117.81
1/21/2022,WMT,102.49,2.26,125.4,381.7,109.15,0.0324,0.91,27.799999999999997
1/21/2022,COST,439.61,3.64,118.68,364.37,425.56,0.0549,1.0,-321.99
1/21/2022,TGT,150.67,3.27,140.92,208.02,147.38,0.0443,1.08,-177.85999999999999
1/21/2022,HD,408.05,-1.52,114.15,106.15,422.23,0.047,0.96,-91.26999999999998
1/21/2022,BA,242.71,4.63,132.85,254.87,221.2,0.0285,0.95,-113.36999999999998
1/21/2022,LMT,104.02,-1.23,141.85,444.13,91.14,0.0271,1.05,-508.02
1/21/2022,NOC,347.45,3.33,130.02,179.33,331.24,0.0796,1.13,-259.79
1/21/2022,GD,194.1,5.51,115.77,355.56,188.31,0.0623,1.13,-132.26000000000002
1/21/2022,RTX,319.9,-7.2,81.42,389.29,308.56,0.0274,0.86,181.74999999999997
1/21/2022,VZ,329.35,4.94,111.84,199.07,318.08,0.0403,0.98,257.01
1/21/2022,T,171.82,0.51,117.73,259.01,161.96,0.0368,1.16,145.7
1/21/2022,DIS,431.37,0.69,132.56,316.33,443.95,0.0568,0.93,170.35000000000002
1/21/2022,NFLX,165.3,-3.61,145.82,357.72,170.27,0.0441,0.8,-554.0
1/21/2022,CMCSA,162.51,-6.34,105.69,274.6,160.04,0.0717,1.15,87.16999999999999
1/21/2022,AMD,144.28,7.1,113.58,468.2,137.76,0.0536,1.13,-20.789999999999992
1/21/2022,TSM,192.53,0.96,100.12,245.87,185.44,0.0499,1.19,19.47
1/21/2022,INTC,258.65,0.58,97.55,389.48,260.9,0.0332,1.15,174.96999999999997
1/21/2022,AVGO,215.49,-3.95,125.21,496.79,219.9,0.0279,1.01,129.3
1/21/2022,QCOM,275.26,-3.73,113.16,453.11,272.78,0.0516,0.93,50.129999999999995
2/21/2023,AAPL,103.59,4.28,90.9,119.69,96.65,0.0616,1.04,-136.82
2/21/2023,MSFT,380.71,-3.23,83.14,117.3,381.5,0.0407,0.8,-64.58000000000004
2/21/2023,GOOGL,384.67,-4.47,107.54,447.25,376.86,0.0046,1.08,182.02
2/21/2023,NVDA,154.92,12.46,128.66,445.94,168.72,0.0853,0.9,119.96999999999998
2/21/2023,META,215.49,3.8,129.27,351.24,205.59,0.0275,0.89,-187.77999999999997
2/21/2023,JPM,386.6,-4.25,146.74,193.16,392.55,0.0112,0.83,166.13000000000002
2/21/2023,BAC,160.69,7.15,119.6,143.37,159.84,0.0669,1.12,97.75
2/21/2023,WFC,155.6,-6.02,109.73,337.18,152.57,0.0483,1.12,84.07
2/21/2023,C,295.51,8.06,113.96,318.51,295.91,0.0515,1.02,202.74
2/21/2023,GS,380.94,3.14,101.11,314.84,385.86,0.0561,0.9,-135.36999999999995
2/21/2023,PG,274.23,-3.3,140.57,482.26,275.44,0.0542,0.8,53.130000000000024
2/21/2023,KO,435.37,-5.31,117.37,462.47,443.22,0.0478,0.83,349.51
2/21/2023,PEP,280.94,-8.54,94.59,120.14,298.93,0.0666,0.86,47.21000000000001
2/21/2023,MO,307.38,8.92,101.76,126.31,313.01,0.0571,1.0,242.82999999999998
2/21/2023,MNST,303.54,-2.89,98.78,318.48,298.82,0.0331,0.87,232.70000000000002
2/21/2023,JNJ,315.38,-0.97,149.08,492.83,332.9,0.0468,1.11,57.21999999999997
2/21/2023,PFE,187.99,-3.04,83.41,178.06,191.74,0.029,1.07,120.62
2/21/2023,MRNA,364.7,4.65,132.47,348.55,367.55,0.0425,0.93,96.92000000000002
2/21/2023,LLY,405.49,-6.46,144.05,142.52,400.26,0.0395,1.08,7.240000000000009
2/21/2023,UNH,358.37,-2.26,90.97,170.59,346.98,0.0797,0.9,-362.59000000000003
2/21/2023,XOM,179.72,-4.3,84.93,251.52,182.62,0.0319,0.89,75.95
2/21/2023,CVX,204.4,2.7,139.61,449.79,192.29,0.0147,0.94,-0.3199999999999932
2/21/2023,COP,121.92,11.28,145.36,324.35,132.95,0.0208,0.94,1.4699999999999989
2/21/2023,PSX,238.09,-0.18,88.57,302.64,230.7,0.0495,0.81,119.49000000000001
2/21/2023,SLB,323.88,-7.95,115.88,180.69,320.87,0.0635,1.1,269.11
2/21/2023,TSLA,298.67,-2.85,140.75,277.53,305.4,0.0525,0.85,-140.62
2/21/2023,F,432.75,-13.66,123.3,197.55,434.69,0.0421,1.18,412.84
2/21/2023,GM,274.27,-0.62,145.0,108.52,275.07,0.0517,0.83,194.04999999999998
2/21/2023,RIVN,137.88,-5.41,80.05,324.24,132.67,0.0571,0.86,92.28
2/21/2023,LCID,267.25,6.94,146.39,234.63,264.36,-0.0108,0.84,226.23
2/21/2023,AMZN,382.99,5.81,100.73,330.88,393.99,0.0495,0.8,120.00999999999999
2/21/2023,WMT,320.16,-0.67,83.53,488.85,324.37,0.0614,1.13,245.47000000000003
2/21/2023,COST,360.31,0.73,131.4,147.3,367.83,0.051,0.95,-401.29
2/21/2023,TGT,174.21,-0.98,143.45,423.77,184.12,0.0525,1.04,-154.31999999999996
2/21/2023,HD,207.39,1.5,145.81,274.18,206.04,0.0445,0.82,-291.93
2/21/2023,BA,206.58,2.43,94.52,323.41,211.26,0.0207,1.14,-149.49999999999997
2/21/2023,LMT,142.15,6.79,102.18,206.02,140.1,0.0786,1.08,-469.89
2/21/2023,NOC,396.49,4.34,88.23,190.67,380.87,0.0367,0.85,-210.75
2/21/2023,GD,262.94,-6.06,106.23,177.65,251.05,0.0591,1.19,-63.420000000000016
2/21/2023,RTX,209.19,0.05,101.17,316.18,195.1,0.0519,0.87,71.03999999999999
2/21/2023,VZ,248.85,0.64,89.7,335.32,249.5,0.0252,0.8,176.51
2/21/2023,T,307.26,9.01,80.66,307.51,311.15,0.0663,1.04,281.14
2/21/2023,DIS,247.11,2.74,119.48,382.0,251.91,0.0623,1.03,-13.909999999999968
2/21/2023,NFLX,216.31,2.02,142.46,324.21,222.22,0.0555,1.14,-502.98999999999995
2/21/2023,CMCSA,315.79,-10.01,81.65,330.83,331.6,0.0783,1.1,240.45000000000002
2/21/2023,AMD,237.26,5.99,121.94,304.36,225.56,0.0629,0.93,72.19
2/21/2023,TSM,393.7,-1.07,99.43,127.32,404.64,0.0608,0.91,220.64
2/21/2023,INTC,443.16,0.26,130.66,269.87,439.17,0.0329,1.04,359.48
2/21/2023,AVGO,261.92,0.73,130.01,435.42,263.9,0.0385,0.89,175.73000000000002
2/21/2023,QCOM,158.58,7.94,108.2,433.68,144.67,0.0673,1.14,-66.54999999999998
3/21/2023,AAPL,258.79,-7.57,130.63,306.55,265.97,0.0349,1.06,18.380000000000024
3/21/2023,MSFT,227.71,3.87,118.88,218.31,231.7,0.0286,1.18,-217.58
3/21/2023,GOOGL,355.58,1.97,112.64,301.75,354.18,0.0475,1.08,152.92999999999998
3/21/2023,NVDA,161.3,1.9,114.3,374.42,152.37,0.068,0.9,126.35000000000001
3/21/2023,META,279.52,-7.93,119.35,326.6,292.95,0.0488,0.85,-123.75
3/21/2023,JPM,245.75,-2.02,148.43,424.17,262.99,0.035,1.0,25.28
3/21/2023,BAC,250.83,1.46,90.2,229.63,274.93,0.0603,1.08,187.89000000000001
3/21/2023,WFC,235.55,-3.61,107.19,469.89,222.68,0.0619,0.87,164.02
3/21/2023,C,282.97,-6.03,137.95,365.38,284.63,0.0257,0.99,190.20000000000005
3/21/2023,GS,382.35,2.27,94.81,347.46,368.67,0.0491,1.1,-133.95999999999992
3/21/2023,PG,124.09,3.21,122.39,171.98,144.71,0.0432,0.91,-97.00999999999999
3/21/2023,KO,404.44,0.13,140.11,200.33,404.45,0.0207,1.06,318.58
3/21/2023,PEP,431.3,9.49,115.07,379.31,427.48,0.0027,0.86,197.57000000000002
3/21/2023,MO,342.66,5.19,101.54,262.54,341.5,0.0701,1.18,278.11
3/21/2023,MNST,432.8,1.5,94.32,105.81,437.53,0.0733,1.07,361.96000000000004
3/21/2023,JNJ,405.17,-3.38,140.87,258.83,415.69,0.0407,0.96,147.01
3/21/2023,PFE,186.87,3.63,101.2,221.92,179.03,0.0379,0.99,119.5
3/21/2023,MRNA,235.86,2.58,82.25,141.24,238.0,0.0327,0.84,-31.91999999999996
3/21/2023,LLY,147.15,10.71,81.11,275.74,153.41,0.0182,0.83,-251.1
3/21/2023,UNH,413.46,0.47,101.01,452.19,406.35,0.052,1.07,-307.50000000000006
3/21/2023,XOM,401.52,3.14,109.91,111.0,373.09,0.0777,1.15,297.75
3/21/2023,CVX,199.76,-4.56,140.38,409.57,195.24,0.064,0.9,-4.960000000000008
3/21/2023,COP,273.9,0.58,98.01,203.74,252.95,0.065,1.12,153.45
3/21/2023,PSX,349.27,-4.66,98.06,232.38,358.88,0.0725,1.02,230.67
3/21/2023,SLB,310.0,-0.66,142.38,337.99,306.35,0.0821,0.86,255.23
3/21/2023,TSLA,420.8,-7.42,100.08,364.07,417.3,0.0619,0.94,-18.49000000000001
3/21/2023,F,131.41,-0.68,89.12,302.09,118.28,0.0459,1.16,111.5
3/21/2023,GM,175.92,0.08,148.88,269.19,161.51,0.0525,0.88,95.69999999999999
3/21/2023,RIVN,134.88,-2.3,109.06,189.66,127.14,0.0752,0.82,89.28
3/21/2023,LCID,339.54,6.95,117.77,202.91,355.92,0.0729,0.86,298.52000000000004
3/21/2023,AMZN,444.51,3.4,94.87,119.82,441.97,0.0835,1.11,181.52999999999997
3/21/2023,WMT,345.73,4.56,119.95,475.06,352.34,0.0711,0.82,271.04
3/21/2023,COST,181.74,-8.36,137.82,364.42,202.01,0.0391,1.14,-579.86
3/21/2023,TGT,287.93,1.64,120.74,251.97,290.86,0.0745,1.14,-40.599999999999966
3/21/2023,HD,134.68,-8.54,86.99,273.78,121.87,0.0622,0.85,-364.64
3/21/2023,BA,277.24,-2.72,93.4,337.97,272.84,0.0831,1.12,-78.83999999999997
3/21/2023,LMT,170.87,-1.52,112.47,152.26,172.7,0.0345,1.06,-441.16999999999996
3/21/2023,NOC,223.49,4.95,114.55,383.15,211.95,0.0786,1.17,-383.75
3/21/2023,GD,332.05,2.62,97.61,365.22,333.69,0.0269,1.12,5.689999999999998
3/21/2023,RTX,178.33,8.02,87.51,388.02,193.64,0.0596,0.94,40.18000000000001
3/21/2023,VZ,234.24,5.99,102.15,205.57,241.86,0.0804,1.11,161.9
3/21/2023,T,240.66,-3.71,121.88,456.23,244.27,0.0389,1.02,214.54
3/21/2023,DIS,128.76,1.78,94.49,290.54,139.74,0.0464,0.81,-132.26
3/21/2023,NFLX,385.09,4.4,91.54,119.18,378.44,0.0438,0.97,-334.21
3/21/2023,CMCSA,358.91,2.8,146.44,491.0,338.01,0.0254,1.07,283.57000000000005
3/21/2023,AMD,277.01,10.06,123.16,395.54,279.98,0.0608,1.16,111.94
3/21/2023,TSM,339.79,-2.52,137.28,232.71,333.77,0.0617,0.94,166.73000000000002
3/21/2023,INTC,443.94,-11.66,111.88,167.37,444.01,0.0146,0.94,360.26
3/21/2023,AVGO,189.82,-0.02,84.55,117.32,185.17,0.0686,0.82,103.63
3/21/2023,QCOM,417.02,-0.07,99.02,262.26,423.75,0.0608,1.01,191.89
4/21/2023,AAPL,341.51,-5.86,91.69,303.33,341.28,0.0574,1.04,101.1
4/21/2023,MSFT,406.6,7.9,97.96,331.78,416.26,0.0422,0.98,-38.69
4/21/2023,GOOGL,308.88,-7.48,116.35,186.53,314.0,0.0608,1.18,106.22999999999999
4/21/2023,NVDA,398.46,-1.81,126.79,496.3,392.78,0.0366,1.08,363.51
4/21/2023,META,420.55,-0.72,143.28,179.4,422.49,0.0231,1.02,17.28000000000003
4/21/2023,JPM,211.8,9.92,112.13,227.54,200.76,0.0509,1.02,-8.669999999999987
4/21/2023,BAC,220.15,5.23,143.53,414.94,223.41,0.061,1.17,157.21
4/21/2023,WFC,288.73,5.44,107.2,162.59,299.54,0.0709,1.19,217.20000000000002
4/21/2023,C,279.13,6.62,118.72,193.83,272.05,0.0208,0.96,186.36
4/21/2023,GS,441.94,4.35,136.63,433.71,434.22,0.0717,1.14,-74.36999999999995
4/21/2023,PG,244.92,5.44,121.85,334.97,243.19,0.0559,0.83,23.819999999999993
4/21/2023,KO,374.0,-0.76,128.06,408.07,377.93,0.0658,0.8,288.14
4/21/2023,PEP,446.88,-3.66,125.82,254.49,437.88,0.0454,0.84,213.15
4/21/2023,MO,141.92,-7.26,133.09,121.72,143.57,0.0719,1.03,77.36999999999999
4/21/2023,MNST,356.59,-0.34,98.16,392.63,354.7,0.0607,1.0,285.75
4/21/2023,JNJ,215.1,2.47,85.67,485.08,232.84,0.0648,1.16,-43.06000000000003
4/21/2023,PFE,131.92,7.76,112.98,195.2,151.07,0.0622,1.06,64.54999999999998
4/21/2023,MRNA,124.09,-7.03,98.64,331.1,114.87,0.0511,0.85,-143.68999999999997
4/21/2023,LLY,88.9,1.49,93.72,459.78,90.89,-0.0035,0.96,-309.35
4/21/2023,UNH,387.35,-0.86,88.28,344.93,398.93,0.0374,0.91,-333.61
4/21/2023,XOM,239.47,0.18,130.74,208.89,220.23,0.0583,1.15,135.7
4/21/2023,CVX,437.75,-3.65,109.2,163.47,438.01,0.0622,0.87,233.03
4/21/2023,COP,226.93,7.17,132.21,236.16,245.17,0.0514,0.93,106.48
4/21/2023,PSX,426.28,-0.45,83.48,228.4,418.17,0.072,0.93,307.67999999999995
4/21/2023,SLB,321.24,1.42,119.26,447.05,303.84,0.0249,1.1,266.47
4/21/2023,TSLA,80.2,-4.52,113.37,197.6,91.67,0.0591,0.91,-359.09000000000003
4/21/2023,F,186.51,3.45,124.78,268.53,193.94,0.0576,0.98,166.6
4/21/2023,GM,273.71,-0.75,83.53,182.16,265.25,0.0437,1.06,193.48999999999998
4/21/2023,RIVN,366.68,4.05,119.63,313.28,368.55,0.0906,0.92,321.08
4/21/2023,LCID,338.83,0.78,116.39,193.55,328.63,0.0558,0.95,297.81
4/21/2023,AMZN,153.48,5.55,86.24,229.65,147.31,0.0712,0.97,-109.50000000000003
4/21/2023,WMT,346.14,-3.03,100.92,429.91,330.05,0.0524,1.08,271.45
4/21/2023,COST,408.1,3.32,147.59,153.98,414.99,0.0637,0.89,-353.5
4/21/2023,TGT,400.63,-5.46,95.74,321.54,407.62,0.0593,1.02,72.10000000000002
4/21/2023,HD,230.75,-1.84,110.89,364.43,227.7,0.034,0.98,-268.57
4/21/2023,BA,191.78,1.47,130.21,405.37,208.73,0.0444,1.04,-164.29999999999998
4/21/2023,LMT,348.7,-0.64,106.49,345.31,326.54,0.0835,0.84,-263.34
4/21/2023,NOC,387.41,3.87,145.78,166.7,381.9,0.0233,0.87,-219.82999999999998
4/21/2023,GD,192.07,-3.63,93.94,371.07,191.74,0.0488,0.84,-134.29000000000002
4/21/2023,RTX,137.29,-1.51,128.88,258.57,137.34,0.0642,1.06,-0.8600000000000136
4/21/2023,VZ,289.54,-3.64,144.36,385.11,290.66,0.0625,0.96,217.20000000000002
4/21/2023,T,451.12,-5.25,139.19,417.91,433.31,0.0217,1.18,425.0
4/21/2023,DIS,263.3,0.22,97.54,264.29,260.09,0.0785,0.93,2.2800000000000296
4/21/2023,NFLX,104.72,-2.31,125.68,152.73,104.58,0.0716,0.99,-614.5799999999999
4/21/2023,CMCSA,362.07,0.67,107.73,141.81,343.81,0.0501,0.89,286.73
4/21/2023,AMD,428.41,-1.51,127.2,288.24,449.3,0.0356,1.0,263.34000000000003
4/21/2023,TSM,172.98,1.33,118.73,435.16,160.65,0.1019,0.83,-0.0800000000000125
4/21/2023,INTC,109.12,6.67,110.93,317.91,102.0,0.0544,1.18,25.439999999999998
4/21/2023,AVGO,109.49,-0.08,136.39,388.31,126.21,0.064,0.89,23.299999999999997
4/21/2023,QCOM,386.58,3.86,118.86,456.0,384.64,0.0354,1.05,161.45
5/21/2023,AAPL,321.73,11.29,91.98,259.39,313.46,0.029,0.99,81.32000000000002
5/21/2023,MSFT,238.1,0.16,149.49,492.31,241.34,0.047,0.89,-207.19000000000003
5/21/2023,GOOGL,397.27,-2.21,123.83,423.74,397.28,0.0586,0.8,194.61999999999998
5/21/2023,NVDA,459.6,-10.33,126.46,284.72,446.43,0.07,0.87,424.65000000000003
5/21/2023,META,411.78,-5.81,104.43,360.33,418.58,0.0374,1.19,8.509999999999991
5/21/2023,JPM,202.89,-3.01,121.21,305.21,214.22,0.0653,1.15,-17.580000000000013
5/21/2023,BAC,278.36,-5.87,137.0,421.52,273.78,0.0336,1.04,215.42000000000002
5/21/2023,WFC,416.71,5.85,116.56,121.82,418.45,0.0847,0.89,345.17999999999995
5/21/2023,C,432.16,2.47,128.09,488.45,422.16,0.0225,1.06,339.39000000000004
5/21/2023,GS,207.04,-2.71,149.48,188.45,215.15,0.0712,0.82,-309.27
5/21/2023,PG,106.78,-2.05,80.17,182.66,104.55,0.0795,1.07,-114.32
5/21/2023,KO,417.68,6.9,97.16,469.52,406.63,0.0265,1.08,331.82
5/21/2023,PEP,419.42,-0.79,125.62,485.17,424.78,0.0463,0.82,185.69000000000003
5/21/2023,MO,416.25,-6.02,129.44,423.67,430.96,0.0311,0.88,351.7
5/21/2023,MNST,175.25,-0.61,128.92,436.34,174.26,0.0248,0.82,104.41
5/21/2023,JNJ,423.43,-4.99,111.73,295.0,422.21,0.0365,1.2,165.26999999999998
5/21/2023,PFE,141.97,4.98,82.45,149.7,152.97,0.036,1.05,74.6
5/21/2023,MRNA,135.79,3.25,86.57,449.96,116.5,0.0554,1.04,-131.98999999999998
5/21/2023,LLY,198.24,-6.99,82.07,236.99,209.95,0.0286,1.13,-200.01
5/21/2023,UNH,231.5,3.09,81.39,236.57,252.66,0.0725,1.12,-489.46000000000004
5/21/2023,XOM,307.56,-1.07,105.41,218.57,309.28,0.0639,1.01,203.79000000000002
5/21/2023,CVX,229.63,-1.4,145.47,128.1,240.91,0.0604,0.93,24.909999999999997
5/21/2023,COP,315.04,-5.36,110.68,419.76,294.66,0.0833,0.97,194.59000000000003
5/21/2023,PSX,117.8,-3.31,130.37,267.02,112.68,0.0609,0.83,-0.7999999999999972
5/21/2023,SLB,144.2,-10.33,129.47,334.03,122.99,0.0304,1.2,89.42999999999998
5/21/2023,TSLA,366.41,4.22,142.42,153.85,379.25,0.0411,1.15,-72.88
5/21/2023,F,332.78,-0.28,136.45,214.78,317.86,0.0563,0.88,312.86999999999995
5/21/2023,GM,249.69,6.13,87.24,461.31,241.83,0.0167,1.03,169.47
5/21/2023,RIVN,414.28,-5.21,88.82,252.64,424.83,0.0793,0.96,368.67999999999995
5/21/2023,LCID,191.95,5.24,90.63,404.71,191.56,0.0433,0.94,150.92999999999998
5/21/2023,AMZN,151.65,-3.95,98.56,259.13,158.76,0.051,0.92,-111.33000000000001
5/21/2023,WMT,188.84,2.08,124.26,421.69,205.76,0.091,1.2,114.15
5/21/2023,COST,295.3,5.68,90.7,145.19,305.02,0.0524,1.0,-466.3
5/21/2023,TGT,244.15,-4.13,114.01,431.72,251.18,0.0565,1.04,-84.37999999999997
5/21/2023,HD,183.85,4.22,98.61,176.76,183.41,0.0409,1.11,-315.47
5/21/2023,BA,301.46,-3.63,129.68,210.6,282.12,0.0508,0.83,-54.620000000000005
5/21/2023,LMT,164.72,-4.59,87.36,471.25,165.85,0.0137,0.82,-447.31999999999994
5/21/2023,NOC,272.97,3.7,108.9,120.54,269.01,0.0638,1.18,-334.27
5/21/2023,GD,391.97,-4.71,85.06,424.06,400.09,0.0698,1.11,65.61000000000001
5/21/2023,RTX,192.22,5.82,141.53,417.93,204.76,0.0355,1.18,54.06999999999999
5/21/2023,VZ,139.6,-10.89,138.73,184.56,160.72,0.0756,0.86,67.25999999999999
5/21/2023,T,310.65,3.5,99.22,377.64,318.43,0.0345,0.94,284.53
5/21/2023,DIS,110.53,0.9,99.3,499.39,90.62,0.0487,1.07,-150.48999999999998
5/21/2023,NFLX,398.68,-15.38,148.53,260.52,395.93,0.0601,0.91,-320.61999999999995
5/21/2023,CMCSA,152.73,2.39,135.71,436.21,157.84,0.0991,1.05,77.38999999999999
5/21/2023,AMD,126.59,-0.51,125.51,434.56,134.89,0.0476,1.07,-38.47999999999999
5/21/2023,TSM,385.91,0.88,134.61,469.81,396.51,0.0315,1.14,212.85000000000002
5/21/2023,INTC,172.54,-1.35,95.01,404.34,173.62,0.0592,0.81,88.85999999999999
5/21/2023,AVGO,241.26,-0.68,102.75,181.15,227.55,0.0402,1.17,155.07
5/21/2023,QCOM,332.97,-8.24,145.11,416.93,328.94,0.0741,1.03,107.84000000000003
6/21/2023,AAPL,382.09,1.88,122.0,312.66,385.22,0.0576,1.05,141.67999999999998
6/21/2023,MSFT,131.3,9.06,113.88,262.37,126.11,0.0146,1.13,-313.99
6/21/2023,GOOGL,89.22,3.05,123.28,234.52,91.47,0.0619,1.14,-113.43
6/21/2023,NVDA,205.07,-6.59,115.84,261.04,202.35,0.064,0.88,170.12
6/21/2023,META,272.14,3.0,127.04,447.76,267.01,0.0509,1.14,-131.13
6/21/2023,JPM,185.41,-4.75,96.91,111.67,173.46,0.0647,1.12,-35.06
6/21/2023,BAC,89.39,-0.99,144.85,344.7,94.53,0.0781,0.97,26.450000000000003
6/21/2023,WFC,433.26,3.38,132.88,384.03,438.27,0.0391,1.08,361.73
6/21/2023,C,335.04,3.47,126.5,364.95,354.9,0.0628,0.85,242.27000000000004
6/21/2023,GS,226.37,-9.17,129.89,325.44,231.99,0.0258,0.83,-289.93999999999994
6/21/2023,PG,318.65,-8.02,121.71,421.31,311.31,0.074,0.9,97.54999999999998
6/21/2023,KO,340.43,-3.86,126.42,213.01,351.61,0.0707,1.0,254.57
6/21/2023,PEP,398.56,11.76,84.05,245.94,406.01,0.0467,0.9,164.83
6/21/2023,MO,249.14,1.77,82.43,414.53,246.31,0.0759,1.03,184.58999999999997
6/21/2023,MNST,356.85,1.63,88.6,237.74,333.98,0.0366,0.89,286.01
6/21/2023,JNJ,258.67,3.52,145.06,108.54,271.66,0.0701,1.1,0.5099999999999909
6/21/2023,PFE,326.15,1.51,99.55,223.97,319.15,0.082,1.09,258.78
6/21/2023,MRNA,167.96,15.03,97.46,135.95,153.56,0.0596,0.92,-99.81999999999996
6/21/2023,LLY,105.21,-0.24,92.0,354.91,100.93,0.0633,0.96,-293.04
6/21/2023,UNH,171.85,-0.79,85.86,128.41,174.41,0.0217,1.09,-549.11
6/21/2023,XOM,402.54,2.32,87.06,485.83,410.8,-0.0059,0.9,298.77000000000004
6/21/2023,CVX,295.02,1.96,112.41,477.51,295.0,0.0643,0.95,90.29999999999998
6/21/2023,COP,223.63,0.57,93.67,140.26,230.63,0.0456,1.11,103.17999999999999
6/21/2023,PSX,151.5,-8.76,146.33,302.9,150.25,0.0556,1.1,32.900000000000006
6/21/2023,SLB,263.13,-1.61,85.49,216.75,269.7,0.0625,1.05,208.35999999999999
6/21/2023,TSLA,390.72,5.79,109.93,419.87,403.85,0.0076,0.9,-48.56999999999999
6/21/2023,F,186.05,-5.27,116.56,452.96,204.25,0.0639,1.02,166.14000000000001
6/21/2023,GM,322.64,-2.63,86.59,240.89,320.27,0.0569,1.04,242.42
6/21/2023,RIVN,327.99,-5.01,127.24,292.55,316.0,0.0699,0.86,282.39
6/21/2023,LCID,154.85,-4.84,117.33,184.99,160.41,0.0375,0.9,113.82999999999998
6/21/2023,AMZN,170.67,-4.96,123.69,483.12,156.19,0.0239,1.15,-92.31000000000003
6/21/2023,WMT,387.74,-7.93,103.25,418.43,381.91,0.01,1.03,313.05
6/21/2023,COST,318.33,-5.22,84.46,139.24,323.45,0.0901,1.03,-443.27000000000004
6/21/2023,TGT,369.52,-6.55,139.98,201.42,367.17,0.0468,1.14,40.99000000000001
6/21/2023,HD,300.5,3.15,127.99,411.33,291.98,0.0258,1.12,-198.82
6/21/2023,BA,131.83,8.9,86.49,138.13,135.26,0.0751,1.13,-224.24999999999997
6/21/2023,LMT,406.24,-4.47,95.99,493.19,390.42,0.0293,0.83,-205.79999999999995
6/21/2023,NOC,379.39,2.55,81.83,453.05,368.04,0.056,1.17,-227.85000000000002
6/21/2023,GD,371.06,2.53,140.3,499.0,349.18,0.0383,1.03,44.69999999999999
6/21/2023,RTX,119.9,-0.67,82.49,306.31,131.44,0.0594,1.18,-18.25
6/21/2023,VZ,323.41,-0.78,82.36,103.77,327.91,0.0003,1.14,251.07000000000002
6/21/2023,T,325.79,-4.46,146.84,359.17,344.02,0.0476,1.03,299.67
6/21/2023,DIS,106.55,-11.72,122.27,383.28,117.42,0.0657,0.92,-154.46999999999997
6/21/2023,NFLX,148.56,-2.14,96.22,169.58,155.82,0.0803,1.16,-570.74
6/21/2023,CMCSA,90.62,-0.98,146.56,491.71,111.95,0.0472,0.86,15.280000000000001
6/21/2023,AMD,272.79,4.04,104.22,362.56,276.3,0.0311,0.91,107.72000000000003
6/21/2023,TSM,160.2,8.29,121.94,346.58,160.48,0.0039,0.99,-12.860000000000014
6/21/2023,INTC,424.8,0.65,85.3,481.34,419.96,0.0464,0.97,341.12
6/21/2023,AVGO,400.54,2.78,126.6,462.82,419.25,0.0683,0.94,314.35
6/21/2023,QCOM,258.39,0.06,113.52,107.89,252.24,0.0465,0.83,33.25999999999999
7/21/2023,AAPL,403.86,5.3,143.96,112.36,418.05,0.0531,0.89,163.45000000000002
7/21/2023,MSFT,426.95,-2.6,142.03,392.44,426.49,0.0379,0.84,-18.340000000000032
7/21/2023,GOOGL,357.34,-5.13,120.69,460.59,346.3,0.037,0.95,154.68999999999997
7/21/2023,NVDA,384.58,1.75,94.88,469.26,367.72,0.0198,1.06,349.63
7/21/2023,META,203.44,0.43,86.95,328.74,197.55,0.0645,1.15,-199.82999999999998
7/21/2023,JPM,207.98,-0.31,132.74,156.84,209.49,0.033,0.87,-12.490000000000009
7/21/2023,BAC,444.44,2.01,112.05,112.2,444.1,0.0328,1.01,381.5
7/21/2023,WFC,207.28,10.52,96.57,118.36,213.18,0.057,0.95,135.75
7/21/2023,C,212.55,2.93,124.08,469.1,201.56,0.0694,1.15,119.78000000000002
7/21/2023,GS,155.11,-8.17,115.7,204.83,150.83,0.0667,1.14,-361.19999999999993
7/21/2023,PG,231.07,1.79,107.04,228.11,237.3,0.0546,0.95,9.969999999999999
7/21/2023,KO,205.35,-6.26,85.42,477.05,201.05,0.0676,0.89,119.49
7/21/2023,PEP,407.41,-0.66,106.71,357.93,400.41,0.0596,1.02,173.68000000000004
7/21/2023,MO,444.04,-6.1,144.59,122.13,445.22,0.0607,0.84,379.49
7/21/2023,MNST,111.21,1.05,100.27,386.3,106.22,0.0443,1.09,40.36999999999999
7/21/2023,JNJ,220.74,-5.16,82.4,482.38,221.52,0.0524,0.98,-37.420000000000016
7/21/2023,PFE,187.51,0.54,146.25,494.6,184.76,0.1077,0.95,120.13999999999999
7/21/2023,MRNA,402.59,4.37,109.29,464.5,394.93,0.0382,1.02,134.81
7/21/2023,LLY,151.02,-5.35,80.26,486.29,129.49,0.0559,1.09,-247.23
7/21/2023,UNH,346.22,-7.19,91.24,448.63,344.91,0.0378,1.09,-374.74
7/21/2023,XOM,114.07,-3.07,96.43,170.04,96.6,0.0324,0.98,10.299999999999997
7/21/2023,CVX,161.62,-1.33,148.46,435.55,154.26,0.0683,0.93,-43.099999999999994
7/21/2023,COP,346.13,1.13,82.72,126.48,349.93,0.052,1.15,225.68
7/21/2023,PSX,311.15,0.13,132.92,311.79,310.86,0.0445,0.81,192.54999999999998
7/21/2023,SLB,339.72,-6.42,112.03,361.69,327.84,0.0228,0.82,284.95000000000005
7/21/2023,TSLA,102.89,-0.45,109.58,338.28,102.36,0.0569,1.08,-336.40000000000003
7/21/2023,F,452.36,-1.79,147.63,125.81,431.64,0.0537,0.9,432.45
7/21/2023,GM,391.88,-2.76,126.02,289.63,386.71,0.0477,0.82,311.65999999999997
7/21/2023,RIVN,411.85,-5.18,144.95,371.06,418.16,0.035,0.82,366.25
7/21/2023,LCID,411.23,-6.62,114.93,176.66,407.5,0.038,0.89,370.21000000000004
7/21/2023,AMZN,212.92,-6.52,96.52,270.93,209.85,0.0306,1.14,-50.06000000000003
7/21/2023,WMT,140.16,-0.6,113.09,367.81,155.87,0.0446,0.84,65.47
7/21/2023,COST,275.17,3.87,90.16,287.42,253.82,0.0432,0.81,-486.43
7/21/2023,TGT,239.44,-3.72,110.55,148.84,246.79,0.0372,0.95,-89.08999999999997
7/21/2023,HD,361.71,10.95,105.9,187.93,352.02,0.0687,0.81,-137.61
7/21/2023,BA,413.55,9.19,130.47,268.46,427.64,0.0769,1.14,57.47000000000003
7/21/2023,LMT,332.72,-5.56,111.41,161.85,337.37,0.0347,1.1,-279.31999999999994
7/21/2023,NOC,71.48,14.43,84.86,277.35,91.34,0.0718,0.99,-535.76
7/21/2023,GD,301.4,8.14,122.18,275.16,302.51,0.0588,1.05,-24.960000000000036
7/21/2023,RTX,206.58,-0.13,113.02,112.93,198.88,0.0539,1.06,68.43
7/21/2023,VZ,148.52,0.47,109.13,432.44,149.2,0.046,0.93,76.18
7/21/2023,T,192.51,1.34,92.62,417.31,195.52,0.0494,0.81,166.39
7/21/2023,DIS,287.98,2.53,92.04,114.34,293.3,0.0344,1.1,26.960000000000036
7/21/2023,NFLX,212.29,1.55,91.78,335.68,214.57,0.0765,0.91,-507.01
7/21/2023,CMCSA,95.51,-0.43,97.51,280.89,95.98,0.077,0.85,20.17
7/21/2023,AMD,211.92,-0.14,130.22,106.38,211.04,0.0456,0.94,46.849999999999994
7/21/2023,TSM,381.93,-3.62,126.51,326.23,385.84,0.0783,0.88,208.87
7/21/2023,INTC,312.89,9.37,146.01,257.24,324.54,0.0792,0.82,229.20999999999998
7/21/2023,AVGO,388.73,-6.69,107.16,283.18,394.43,0.0767,1.02,302.54
7/21/2023,QCOM,229.53,-1.5,112.86,125.88,217.74,0.0623,0.82,4.400000000000006
8/21/2023,AAPL,180.59,-6.43,97.13,228.84,188.58,0.041,0.9,-59.81999999999999
8/21/2023,MSFT,207.64,0.52,97.91,284.81,211.68,0.0594,0.98,-237.65000000000003
8/21/2023,GOOGL,338.07,4.87,96.78,460.37,334.84,0.0296,0.83,135.42
8/21/2023,NVDA,279.09,0.68,117.38,193.83,278.57,0.0445,0.84,244.14
8/21/2023,META,278.27,1.44,103.51,453.86,287.6,0.0738,1.07,-125.0
8/21/2023,JPM,212.1,-1.37,107.7,254.81,212.96,0.0411,1.0,-8.370000000000005
8/21/2023,BAC,289.01,3.57,100.55,282.31,289.23,0.0565,1.07,226.07
8/21/2023,WFC,351.91,4.09,145.49,362.36,355.01,0.0389,1.15,280.38
8/21/2023,C,344.11,-1.18,134.74,110.99,333.05,0.0527,0.9,251.34000000000003
8/21/2023,GS,103.77,1.45,124.22,343.88,113.74,0.0237,1.19,-412.53999999999996
8/21/2023,PG,165.96,-5.3,135.98,123.42,180.12,0.0335,1.05,-55.139999999999986
8/21/2023,KO,238.6,0.29,114.39,178.29,227.93,0.0527,1.02,152.74
8/21/2023,PEP,303.83,-0.01,128.69,227.49,293.21,0.0158,1.12,70.1
8/21/2023,MO,104.64,-1.47,139.74,453.82,108.82,0.0486,0.85,40.09
8/21/2023,MNST,253.96,2.59,129.17,414.4,254.36,0.0744,1.16,183.12
8/21/2023,JNJ,350.11,-2.48,127.07,227.14,340.19,0.0619,1.03,91.94999999999999
8/21/2023,PFE,273.02,1.47,115.17,247.92,284.23,0.0469,1.05,205.64999999999998
8/21/2023,MRNA,208.56,-3.17,89.82,434.64,206.9,0.0421,0.97,-59.21999999999997
8/21/2023,LLY,342.33,-7.41,83.41,447.82,328.03,0.0751,0.86,-55.920000000000016
8/21/2023,UNH,281.63,-2.13,92.68,306.63,297.33,0.0681,1.01,-439.33000000000004
8/21/2023,XOM,151.61,-0.18,88.93,364.36,155.14,0.0448,1.01,47.84000000000002
8/21/2023,CVX,153.31,-4.51,133.31,321.3,158.62,0.0556,1.15,-51.41
8/21/2023,COP,300.44,-3.08,134.82,178.69,286.68,0.0586,1.07,179.99
8/21/2023,PSX,358.93,9.44,130.01,273.29,363.94,0.0125,0.87,240.33
8/21/2023,SLB,269.79,-2.33,96.68,293.76,293.16,0.0555,1.11,215.02
8/21/2023,TSLA,174.21,-12.08,119.29,231.31,186.06,0.0224,1.02,-265.08000000000004
8/21/2023,F,103.4,-5.15,139.56,380.78,96.09,0.0646,1.01,83.49000000000001
8/21/2023,GM,200.17,2.29,124.23,287.63,206.34,0.0353,0.94,119.94999999999999
8/21/2023,RIVN,193.71,0.75,132.38,151.87,202.8,0.0263,0.82,148.11
8/21/2023,LCID,289.58,10.92,141.56,199.64,287.15,0.0206,0.86,248.55999999999997
8/21/2023,AMZN,362.46,1.03,86.45,368.42,374.02,0.0321,0.99,99.47999999999996
8/21/2023,WMT,188.49,0.01,116.75,394.71,172.84,0.0491,1.08,113.80000000000001
8/21/2023,COST,223.17,-4.99,146.25,335.64,220.29,0.0202,1.0,-538.4300000000001
8/21/2023,TGT,393.96,2.36,94.46,332.43,391.93,0.0428,1.19,65.43
8/21/2023,HD,286.1,-0.91,111.97,305.09,270.84,0.0539,1.01,-213.21999999999997
8/21/2023,BA,113.93,6.42,86.7,275.01,108.77,0.0724,0.9,-242.14999999999998
8/21/2023,LMT,139.52,8.27,94.22,465.66,139.74,0.0239,1.05,-472.52
8/21/2023,NOC,354.01,-0.56,131.76,147.25,364.2,0.0484,0.91,-253.23000000000002
8/21/2023,GD,309.64,-3.35,149.56,228.7,310.31,0.0562,1.03,-16.720000000000027
8/21/2023,RTX,200.86,1.74,81.08,100.53,215.83,0.0323,0.98,62.71000000000001
8/21/2023,VZ,263.17,-1.36,93.02,160.14,245.95,0.0623,1.01,190.83
8/21/2023,T,135.04,3.87,147.97,140.55,132.64,0.0325,0.98,108.91999999999999
8/21/2023,DIS,113.78,5.1,134.03,304.18,110.13,0.0638,0.85,-147.23999999999998
8/21/2023,NFLX,385.8,0.89,137.31,161.08,381.14,0.0199,0.87,-333.49999999999994
8/21/2023,CMCSA,343.26,-13.19,106.11,234.71,337.58,0.0518,0.84,267.91999999999996
8/21/2023,AMD,322.6,2.78,120.88,139.59,338.25,0.0434,0.85,157.53000000000003
8/21/2023,TSM,281.73,8.54,125.78,100.62,292.97,0.0518,1.05,108.67000000000002
8/21/2023,INTC,191.64,-8.44,119.73,266.63,188.08,0.0542,1.11,107.95999999999998
8/21/2023,AVGO,108.09,3.0,128.77,357.75,102.02,0.033,1.11,21.900000000000006
8/21/2023,QCOM,121.73,7.13,148.31,427.69,125.45,0.0471,0.93,-103.39999999999999
9/21/2023,AAPL,403.33,0.65,137.26,405.72,389.84,0.0562,0.82,162.92
9/21/2023,MSFT,215.97,6.8,139.09,460.52,212.14,0.0386,0.99,-229.32000000000002
9/21/2023,GOOGL,182.37,-2.27,121.91,234.34,180.49,0.0572,0.86,-20.28
9/21/2023,NVDA,146.19,-2.27,88.61,295.87,141.89,0.0715,1.09,111.24
9/21/2023,META,350.58,-5.15,87.46,335.77,350.1,0.0403,1.19,-52.69
9/21/2023,JPM,256.33,-2.26,114.57,121.73,236.94,0.0384,1.18,35.859999999999985
9/21/2023,BAC,335.42,-4.34,100.88,149.14,338.91,0.0284,1.17,272.48
9/21/2023,WFC,152.81,-3.9,93.73,195.72,146.91,0.0541,0.86,81.28
9/21/2023,C,440.45,2.54,82.75,387.4,442.71,0.0307,1.05,347.68
9/21/2023,GS,216.3,1.28,125.47,418.47,205.94,0.0568,0.94,-300.00999999999993
9/21/2023,PG,207.22,-10.34,105.01,396.5,219.93,0.0672,1.09,-13.879999999999995
9/21/2023,KO,123.68,0.37,130.48,349.61,119.97,0.0758,1.0,37.82000000000001
9/21/2023,PEP,298.83,-7.76,135.78,255.66,292.18,0.0396,0.8,65.1
9/21/2023,MO,201.13,10.28,109.12,403.8,193.65,0.0587,1.04,136.57999999999998
9/21/2023,MNST,124.78,-4.64,107.38,149.71,130.65,0.0714,1.0,53.94
9/21/2023,JNJ,426.03,6.52,133.32,123.17,416.89,0.0071,0.95,167.86999999999995
9/21/2023,PFE,409.63,-9.77,82.42,485.52,401.47,0.0409,0.87,342.26
9/21/2023,MRNA,377.19,1.3,112.98,304.84,372.9,0.0638,1.07,109.41000000000003
9/21/2023,LLY,103.22,4.47,118.74,419.14,96.93,0.0467,1.06,-295.03
9/21/2023,UNH,260.38,-4.02,114.03,471.06,275.98,0.0551,0.86,-460.58000000000004
9/21/2023,XOM,363.91,-4.76,96.4,268.42,358.6,0.0783,0.98,260.14000000000004
9/21/2023,CVX,106.86,3.63,83.82,131.89,104.55,0.0387,1.07,-97.86
9/21/2023,COP,405.83,-1.43,133.76,319.89,391.05,0.0655,0.9,285.38
9/21/2023,PSX,193.46,-4.31,138.64,150.45,195.59,0.0677,0.87,74.86000000000001
9/21/2023,SLB,393.1,-3.52,89.48,307.97,397.81,0.0704,1.17,338.33000000000004
9/21/2023,TSLA,271.93,-9.48,112.62,147.47,260.76,0.0734,1.0,-167.36
9/21/2023,F,338.22,-2.63,110.91,185.29,354.46,0.065,0.83,318.31
9/21/2023,GM,167.13,-10.88,128.57,213.94,187.43,0.041,1.0,86.91
9/21/2023,RIVN,383.6,4.99,89.3,254.86,368.9,0.0253,0.99,338.0
9/21/2023,LCID,143.73,-1.77,139.77,139.53,140.47,0.0265,1.05,102.70999999999998
9/21/2023,AMZN,367.94,-1.7,126.5,299.18,378.56,0.0702,1.11,104.95999999999998
9/21/2023,WMT,340.95,7.08,119.22,151.85,331.93,0.0296,1.11,266.26
9/21/2023,COST,390.75,-3.85,87.97,169.24,394.05,0.0407,1.02,-370.85
9/21/2023,TGT,136.92,6.67,85.0,149.97,133.4,0.0587,0.81,-191.60999999999999
9/21/2023,HD,449.4,-6.08,117.12,143.73,447.2,0.0712,0.87,-49.920000000000016
9/21/2023,BA,290.78,5.82,85.63,321.28,300.05,0.0485,0.86,-65.30000000000001
9/21/2023,LMT,399.38,-0.55,102.81,147.17,412.07,0.084,1.07,-212.65999999999997
9/21/2023,NOC,188.3,4.36,113.48,175.82,177.16,0.0788,1.08,-418.94
9/21/2023,GD,178.49,-5.29,138.77,348.42,185.2,0.0482,0.98,-147.87
9/21/2023,RTX,162.05,9.72,118.13,369.32,160.68,0.078,0.83,23.900000000000006
9/21/2023,VZ,406.13,2.62,111.71,188.1,399.93,0.04,0.97,333.78999999999996
9/21/2023,T,380.26,-0.99,119.29,141.52,372.52,0.0551,1.05,354.14
9/21/2023,DIS,347.34,-0.87,136.78,293.82,358.17,0.0472,0.88,86.32
9/21/2023,NFLX,412.49,-4.26,84.63,202.05,416.32,0.0683,1.05,-306.80999999999995
9/21/2023,CMCSA,434.18,4.13,114.19,248.66,437.41,0.0309,0.93,358.84000000000003
9/21/2023,AMD,121.44,2.85,82.29,400.95,149.51,0.0358,0.92,-43.629999999999995
9/21/2023,TSM,315.18,-0.08,100.98,415.14,318.58,0.0605,1.05,142.12
9/21/2023,INTC,348.43,1.7,136.62,343.48,348.14,0.0385,1.06,264.75
9/21/2023,AVGO,332.22,-4.87,101.44,177.0,328.32,0.0505,0.83,246.03000000000003
9/21/2023,QCOM,256.79,-2.48,113.43,362.34,252.51,0.0674,1.02,31.660000000000025
10/21/2023,AAPL,96.15,4.39,94.24,138.75,109.26,0.0219,1.08,-144.26
10/21/2023,MSFT,393.05,-5.46,102.34,328.52,392.21,0.0653,1.01,-52.24000000000001
10/21/2023,GOOGL,439.06,3.16,104.39,145.27,446.31,0.0701,1.08,236.41
10/21/2023,NVDA,289.5,5.46,148.55,401.31,280.25,0.033,1.03,254.55
10/21/2023,META,329.04,2.62,116.6,175.17,320.03,0.029,1.0,-74.22999999999996
10/21/2023,JPM,191.0,-3.87,139.41,245.5,198.7,0.0498,1.05,-29.47
10/21/2023,BAC,279.88,-2.53,145.99,134.29,269.13,0.0694,0.98,216.94
10/21/2023,WFC,206.23,10.39,131.35,291.88,205.6,0.0459,0.81,134.7
10/21/2023,C,356.05,4.04,126.32,345.14,335.86,0.0384,0.83,263.28000000000003
10/21/2023,GS,428.44,-2.46,148.88,161.99,422.59,0.078,1.11,-87.86999999999995
10/21/2023,PG,359.6,-4.22,123.09,251.67,359.88,0.046,0.97,138.50000000000003
10/21/2023,KO,232.83,-4.61,81.55,200.98,238.05,0.059,0.84,146.97000000000003
10/21/2023,PEP,367.79,0.64,118.18,254.46,368.29,0.0439,1.17,134.06000000000003
10/21/2023,MO,371.24,4.49,136.95,166.15,360.48,0.0076,1.07,306.69
10/21/2023,MNST,302.1,-6.96,138.38,255.0,293.63,0.0754,1.03,231.26000000000002
10/21/2023,JNJ,193.1,-2.32,113.17,191.06,196.46,0.0073,1.02,-65.06000000000003
10/21/2023,PFE,402.36,-4.82,98.7,467.73,407.75,0.0384,0.82,334.99
10/21/2023,MRNA,255.6,-1.35,87.29,436.65,242.0,0.052,0.99,-12.179999999999978
10/21/2023,LLY,172.43,-15.55,80.44,280.01,159.39,0.0563,0.87,-225.82
10/21/2023,UNH,419.52,-2.19,101.48,488.55,414.18,0.0552,0.87,-301.44000000000005
10/21/2023,XOM,151.36,3.86,110.96,412.25,158.96,0.0613,0.98,47.59000000000002
10/21/2023,CVX,161.61,8.63,121.83,285.58,175.71,0.0545,1.04,-43.109999999999985
10/21/2023,COP,412.39,-2.89,101.99,149.17,430.09,0.0533,0.83,291.94
10/21/2023,PSX,232.42,-4.32,82.39,213.04,226.58,0.0299,0.85,113.82
10/21/2023,SLB,323.53,3.28,125.54,468.81,310.66,0.0604,1.14,268.76
10/21/2023,TSLA,259.03,0.88,118.59,263.86,240.49,0.0313,0.92,-180.26000000000005
10/21/2023,F,271.28,0.69,149.01,105.41,280.02,0.0428,0.91,251.36999999999998
10/21/2023,GM,301.15,10.24,105.3,199.38,289.44,0.044,0.84,220.92999999999998
10/21/2023,RIVN,129.31,4.37,133.05,410.58,144.98,0.0506,1.11,83.71000000000001
10/21/2023,LCID,419.84,-3.88,128.23,198.71,412.06,0.0485,1.04,378.82
10/21/2023,AMZN,313.4,-2.96,119.44,109.33,318.39,0.0607,1.03,50.41999999999996
10/21/2023,WMT,412.49,-0.76,99.54,420.52,423.01,0.0478,0.98,337.8
10/21/2023,COST,124.1,-1.34,100.87,446.79,110.92,0.0499,0.97,-637.5
10/21/2023,TGT,219.38,-22.31,148.92,152.51,224.07,0.0376,0.85,-109.14999999999998
10/21/2023,HD,329.07,-8.71,111.15,182.84,340.14,0.0624,0.82,-170.25
10/21/2023,BA,324.03,2.24,102.67,261.85,304.25,0.05,1.2,-32.05000000000001
10/21/2023,LMT,185.94,4.2,98.0,358.36,183.93,0.0158,0.97,-426.09999999999997
10/21/2023,NOC,222.58,-6.2,83.22,215.62,220.01,0.0618,1.02,-384.65999999999997
10/21/2023,GD,82.33,0.74,106.42,225.3,108.99,0.0809,0.84,-244.03000000000003
10/21/2023,RTX,394.44,6.51,125.66,370.85,402.13,0.0555,1.05,256.28999999999996
10/21/2023,VZ,396.61,-3.3,90.16,357.45,418.02,0.0943,1.0,324.27
10/21/2023,T,404.93,-0.95,144.08,469.36,400.65,0.0329,1.07,378.81
10/21/2023,DIS,90.69,-5.63,99.51,158.99,92.49,0.0815,1.06,-170.32999999999998
10/21/2023,NFLX,330.03,7.45,133.52,225.92,326.25,0.0467,0.82,-389.27
10/21/2023,CMCSA,161.31,0.22,119.73,402.14,159.25,0.0595,0.86,85.97
10/21/2023,AMD,373.98,12.22,133.78,451.81,378.02,0.0737,1.12,208.91000000000003
10/21/2023,TSM,229.57,-0.43,124.68,139.15,232.93,0.028,1.06,56.50999999999999
10/21/2023,INTC,336.73,-1.62,115.88,461.7,355.33,0.0561,1.07,253.05
10/21/2023,AVGO,254.45,6.55,115.64,139.52,264.17,0.0525,1.05,168.26
10/21/2023,QCOM,346.02,-3.64,96.88,134.48,343.95,0.0334,0.86,120.88999999999999
11/21/2023,AAPL,355.95,0.08,105.74,173.08,357.66,0.0501,1.18,115.53999999999999
11/21/2023,MSFT,441.32,10.22,97.29,448.58,432.84,0.0317,1.02,-3.9700000000000273
11/21/2023,GOOGL,406.88,9.7,92.06,151.56,408.23,0.0419,0.96,204.23
11/21/2023,NVDA,181.84,9.07,110.87,417.64,183.07,0.0872,1.01,146.89
11/21/2023,META,260.13,5.48,98.01,214.42,266.35,0.0471,0.87,-143.14
11/21/2023,JPM,341.5,-3.38,110.09,460.6,345.16,0.0235,1.16,121.03
11/21/2023,BAC,439.63,0.27,131.35,294.95,423.08,0.0556,0.95,376.69
11/21/2023,WFC,408.41,-3.26,104.77,238.13,402.78,0.0186,1.17,336.88
11/21/2023,C,179.96,2.27,89.04,354.92,184.96,0.033,1.16,87.19000000000001
11/21/2023,GS,450.92,4.03,108.47,196.77,434.34,0.02,1.02,-65.38999999999993
11/21/2023,PG,169.23,4.94,132.66,134.05,164.68,0.0462,1.18,-51.870000000000005
11/21/2023,KO,331.84,-0.65,124.31,425.57,324.31,0.0969,0.84,245.97999999999996
11/21/2023,PEP,415.72,1.5,135.5,470.1,423.29,0.0541,1.06,181.99000000000004
11/21/2023,MO,251.97,-7.19,84.13,149.15,258.55,0.06,1.17,187.42000000000002
11/21/2023,MNST,237.55,1.29,80.21,104.86,231.72,0.0389,1.18,166.71
11/21/2023,JNJ,185.75,-3.49,148.24,463.25,190.11,0.077,1.07,-72.41000000000003
11/21/2023,PFE,247.82,5.76,97.32,200.07,231.55,0.056,0.99,180.45
11/21/2023,MRNA,215.89,2.0,135.72,199.06,232.78,0.0251,0.81,-51.889999999999986
11/21/2023,LLY,102.0,-7.26,107.35,306.43,107.91,0.032,0.94,-296.25
11/21/2023,UNH,204.54,-4.58,114.87,237.42,222.42,0.0346,1.13,-516.4200000000001
11/21/2023,XOM,356.4,5.05,86.43,349.59,349.56,0.0361,0.82,252.63
11/21/2023,CVX,336.56,-5.7,111.47,262.6,344.85,0.063,0.84,131.84
11/21/2023,COP,239.12,0.43,125.75,347.45,235.82,0.0195,0.87,118.67
11/21/2023,PSX,261.62,-9.6,85.81,191.76,269.46,0.0431,0.93,143.02
11/21/2023,SLB,254.66,-7.21,120.07,214.14,249.07,0.0384,1.17,199.89
11/21/2023,TSLA,393.71,2.99,148.33,364.95,390.07,0.048,0.87,-45.58000000000004
11/21/2023,F,253.28,4.78,121.8,318.6,262.29,0.0271,0.97,233.37
11/21/2023,GM,369.55,3.68,120.51,306.29,384.16,0.0745,0.93,289.33000000000004
11/21/2023,RIVN,241.64,4.12,103.61,120.98,245.39,0.0178,0.83,196.04
11/21/2023,LCID,257.14,-3.6,99.9,176.19,259.67,0.0552,0.98,216.11999999999998
11/21/2023,AMZN,222.82,-9.28,95.62,498.19,214.79,0.0334,0.91,-40.160000000000025
11/21/2023,WMT,349.74,4.24,97.44,115.75,347.56,0.03,0.92,275.05
11/21/2023,COST,390.49,5.07,122.91,213.64,393.76,0.0467,0.84,-371.11
11/21/2023,TGT,397.74,5.01,115.4,294.34,391.67,0.0439,0.9,69.21000000000004
11/21/2023,HD,178.79,3.73,141.87,237.02,178.5,0.0539,0.9,-320.53
11/21/2023,BA,442.02,-1.04,123.43,347.7,436.86,0.0284,1.07,85.94
11/21/2023,LMT,276.21,-7.56,97.48,392.35,275.7,0.0646,0.91,-335.83
11/21/2023,NOC,411.75,8.71,84.65,156.19,424.5,0.0734,0.8,-195.49
11/21/2023,GD,347.96,-6.81,144.68,375.44,350.74,0.0221,1.08,21.599999999999966
11/21/2023,RTX,442.2,1.09,120.31,451.49,437.65,0.0288,0.84,304.04999999999995
11/21/2023,VZ,142.51,5.45,127.17,394.96,156.02,0.014,0.86,70.16999999999999
11/21/2023,T,273.77,5.33,139.44,393.94,271.69,0.0566,0.99,247.64999999999998
11/21/2023,DIS,308.7,13.56,148.74,414.52,298.57,0.0475,0.89,47.68000000000001
11/21/2023,NFLX,221.52,-10.65,137.41,185.32,214.17,0.0701,0.89,-497.78
11/21/2023,CMCSA,366.37,3.4,94.77,145.22,373.89,0.0475,0.82,291.03
11/21/2023,AMD,232.33,1.19,129.5,318.89,237.76,0.0844,0.86,67.26000000000002
11/21/2023,TSM,170.4,-2.25,88.17,169.01,180.61,0.0619,1.18,-2.6599999999999966
11/21/2023,INTC,106.5,-6.02,143.02,434.87,98.36,0.0651,1.0,22.819999999999993
11/21/2023,AVGO,277.7,-4.67,119.59,389.41,280.1,0.0563,0.84,191.51
11/21/2023,QCOM,151.55,2.15,107.08,334.59,150.26,0.0398,0.98,-73.57999999999998
12/21/2023,AAPL,299.96,-0.67,106.92,337.52,298.73,0.0758,0.98,59.54999999999998
12/21/2023,MSFT,293.86,-4.49,90.5,201.62,293.44,0.0782,0.99,-151.43
12/21/2023,GOOGL,145.75,-1.77,116.1,358.87,161.02,0.0518,1.12,-56.900000000000006
12/21/2023,NVDA,311.79,-7.75,112.7,162.69,318.67,0.067,0.98,276.84000000000003
12/21/2023,META,362.65,-4.9,101.64,289.19,358.29,0.0506,0.85,-40.620000000000005
12/21/2023,JPM,201.88,6.4,102.12,190.43,184.92,0.0367,1.15,-18.590000000000003
12/21/2023,BAC,208.0,1.51,127.56,232.14,203.34,0.0781,0.98,145.06
12/21/2023,WFC,94.75,1.4,81.61,262.82,94.31,0.0487,1.12,23.22
12/21/2023,C,307.72,-10.19,135.82,128.88,322.32,0.0416,0.95,214.95000000000005
12/21/2023,GS,115.44,-3.6,114.35,244.5,111.28,0.0656,0.95,-400.86999999999995
12/21/2023,PG,214.84,-0.5,86.48,279.24,212.94,0.0603,1.0,-6.259999999999991
12/21/2023,KO,225.45,5.69,139.75,447.59,223.04,0.0494,0.93,139.58999999999997
12/21/2023,PEP,205.11,-5.49,100.05,394.49,204.27,0.0226,1.14,-28.619999999999976
12/21/2023,MO,245.51,-1.96,127.21,472.77,238.84,0.0559,1.14,180.95999999999998
12/21/2023,MNST,278.56,-12.3,126.06,332.31,279.71,0.0498,0.94,207.72
12/21/2023,JNJ,278.78,2.3,110.88,236.28,273.39,0.0608,0.8,20.619999999999948
12/21/2023,PFE,215.39,2.27,98.62,318.12,221.32,0.0323,1.01,148.01999999999998
12/21/2023,MRNA,236.75,4.13,94.93,115.43,229.51,0.0548,0.85,-31.029999999999973
12/21/2023,LLY,338.39,2.39,105.81,426.77,361.1,0.0891,1.19,-59.860000000000014
12/21/2023,UNH,226.99,3.52,139.32,188.17,228.2,0.0644,0.88,-493.97
12/21/2023,XOM,327.56,4.7,91.18,346.99,329.0,0.0641,0.85,223.79000000000002
12/21/2023,CVX,326.93,-1.37,149.72,286.82,330.29,0.057,1.19,122.21000000000001
12/21/2023,COP,374.53,0.08,149.44,239.36,347.85,0.0325,1.03,254.07999999999998
12/21/2023,PSX,373.34,-3.88,111.06,228.88,371.04,0.0514,1.05,254.73999999999998
12/21/2023,SLB,303.43,-4.56,82.42,319.43,302.47,0.0479,1.03,248.66
12/21/2023,TSLA,403.86,-3.87,140.49,431.59,416.3,0.063,0.84,-35.43000000000001
12/21/2023,F,262.64,2.34,126.73,133.49,258.18,0.0354,1.09,242.73
12/21/2023,GM,242.93,1.59,122.51,180.68,240.1,0.0942,1.05,162.71
12/21/2023,RIVN,343.77,-3.55,101.61,425.55,329.19,0.0364,0.94,298.16999999999996
12/21/2023,LCID,430.76,-0.44,125.68,420.01,428.3,0.0638,1.0,389.74
12/21/2023,AMZN,267.23,3.29,132.82,140.42,268.27,0.028,1.01,4.25
12/21/2023,WMT,290.25,4.54,95.94,461.76,297.23,0.0785,0.94,215.56
12/21/2023,COST,411.61,-2.65,130.62,356.35,409.21,0.0473,0.93,-349.99
12/21/2023,TGT,149.29,-0.88,145.37,244.1,146.44,0.0439,0.87,-179.23999999999998
12/21/2023,HD,351.07,-3.32,141.68,351.5,348.99,0.0749,1.04,-148.25
12/21/2023,BA,368.23,-0.44,139.62,294.95,367.76,0.0898,1.17,12.150000000000034
12/21/2023,LMT,178.7,-0.48,143.14,426.09,186.16,0.0189,0.96,-433.34
12/21/2023,NOC,155.33,5.76,131.69,199.94,142.64,0.0739,1.15,-451.90999999999997
12/21/2023,GD,371.2,4.55,94.46,133.03,386.26,0.0201,0.9,44.839999999999975
12/21/2023,RTX,103.72,1.84,114.87,388.65,91.42,0.0807,1.07,-34.43000000000001
12/21/2023,VZ,282.85,1.94,126.39,118.5,276.32,0.0917,1.14,210.51000000000002
12/21/2023,T,254.98,-2.48,131.88,176.08,264.86,0.0573,0.98,228.85999999999999
12/21/2023,DIS,162.28,-4.58,113.94,202.93,190.3,0.0276,0.95,-98.73999999999998
12/21/2023,NFLX,280.42,-7.75,83.29,301.37,272.2,0.0733,0.84,-438.87999999999994
12/21/2023,CMCSA,315.28,-2.16,114.44,276.75,313.61,0.0528,1.2,239.93999999999997
12/21/2023,AMD,148.76,-1.38,131.51,449.23,139.0,0.023,1.01,-16.310000000000002
12/21/2023,TSM,403.64,-2.25,127.29,356.03,392.5,0.0908,1.04,230.57999999999998
12/21/2023,INTC,329.46,5.73,114.72,469.56,313.87,0.0434,1.15,245.77999999999997
12/21/2023,AVGO,292.52,3.38,145.8,359.23,273.08,0.0522,0.85,206.32999999999998
12/21/2023,QCOM,161.23,5.58,99.68,213.01,151.84,0.0381,0.8,-63.900000000000006
1/21/2024,AAPL,132.16,0.49,109.22,278.61,134.32,0.036,1.14,-108.25
1/21/2024,MSFT,333.82,0.98,125.94,116.07,309.87,0.0472,0.9,-111.47000000000003
1/21/2024,GOOGL,147.56,2.29,105.33,412.66,153.26,0.0287,1.12,-55.09
1/21/2024,NVDA,357.67,5.55,106.99,207.56,360.26,0.0321,0.82,322.72
1/21/2024,META,352.3,8.16,90.12,121.52,342.21,0.0462,0.83,-50.96999999999997
1/21/2024,JPM,416.89,1.12,114.59,161.91,399.92,0.0727,1.13,196.42
1/21/2024,BAC,319.49,-5.25,145.1,338.17,313.94,0.0714,0.89,256.55
1/21/2024,WFC,261.23,-12.43,88.78,156.74,263.97,0.0509,1.07,189.70000000000002
1/21/2024,C,436.64,8.8,136.36,240.29,431.58,0.0689,0.83,343.87
1/21/2024,GS,442.43,-2.73,129.51,219.22,444.93,0.0254,1.05,-73.87999999999994
1/21/2024,PG,352.62,-0.63,125.76,299.12,353.07,0.0878,0.8,131.52
1/21/2024,KO,266.47,-5.57,105.45,243.47,262.77,0.0418,1.05,180.61
1/21/2024,PEP,349.78,4.16,96.34,285.53,351.05,0.0346,0.91,116.04999999999998
1/21/2024,MO,112.69,0.49,97.84,310.32,113.95,0.0098,1.19,48.14
1/21/2024,MNST,289.65,-6.99,88.67,161.98,272.53,0.0395,1.12,218.80999999999997
1/21/2024,JNJ,205.4,-0.62,98.45,141.25,211.13,0.0569,1.08,-52.76000000000002
1/21/2024,PFE,146.83,5.24,102.61,152.83,141.76,0.0529,0.97,79.46000000000001
1/21/2024,MRNA,136.5,-2.73,88.11,411.45,155.7,0.0459,0.88,-131.27999999999997
1/21/2024,LLY,184.54,-9.4,94.54,228.68,187.36,0.0308,0.94,-213.71
1/21/2024,UNH,337.25,-0.05,107.41,154.22,336.16,0.0547,1.17,-383.71000000000004
1/21/2024,XOM,143.71,-4.01,113.08,398.35,129.2,0.0451,0.91,39.94000000000001
1/21/2024,CVX,304.55,-9.1,83.54,353.17,296.34,0.0178,1.02,99.83000000000001
1/21/2024,COP,337.2,-2.16,118.04,441.89,324.76,0.0445,0.81,216.75
1/21/2024,PSX,252.26,-5.88,127.86,259.52,243.52,0.0556,1.05,133.66
1/21/2024,SLB,246.88,-3.11,137.09,219.91,234.63,0.0549,0.98,192.10999999999999
1/21/2024,TSLA,189.98,1.39,147.82,145.31,162.34,0.0615,1.13,-249.31000000000003
1/21/2024,F,194.11,-2.05,91.37,202.07,192.51,0.0476,1.0,174.20000000000002
1/21/2024,GM,224.67,3.8,86.54,322.31,217.68,0.0488,0.9,144.45
1/21/2024,RIVN,149.88,1.56,148.8,230.54,145.16,0.0706,1.1,104.28
1/21/2024,LCID,276.91,-1.62,83.39,237.51,283.57,0.0393,0.82,235.89000000000001
1/21/2024,AMZN,335.11,-2.34,96.93,222.03,348.51,0.0594,1.11,72.13
1/21/2024,WMT,229.89,10.84,90.08,208.03,256.37,0.0538,1.01,155.2
1/21/2024,COST,188.91,6.37,142.24,440.25,186.65,0.04,1.06,-572.69
1/21/2024,TGT,311.01,7.35,96.96,420.37,305.55,0.0038,0.94,-17.519999999999982
1/21/2024,HD,245.29,7.5,114.69,208.06,236.38,0.0493,0.86,-254.03
1/21/2024,BA,301.54,3.98,113.34,471.77,301.17,0.0762,0.94,-54.539999999999964
1/21/2024,LMT,131.77,-3.04,101.65,244.28,140.83,0.047,0.96,-480.27
1/21/2024,NOC,243.63,6.0,102.81,377.89,257.42,0.0669,1.13,-363.61
1/21/2024,GD,411.32,5.15,114.38,427.72,420.07,0.0784,1.16,84.95999999999998
1/21/2024,RTX,236.86,6.55,141.73,184.85,241.72,0.0361,1.09,98.71000000000001
1/21/2024,VZ,105.16,3.43,127.59,379.36,98.7,0.0589,1.15,32.81999999999999
1/21/2024,T,136.74,9.09,133.73,289.13,126.89,0.0524,1.16,110.62
1/21/2024,DIS,249.15,9.19,85.75,184.67,258.76,0.0521,1.08,-11.869999999999976
1/21/2024,NFLX,104.63,-0.05,127.08,374.58,107.21,0.0535,0.97,-614.67
1/21/2024,CMCSA,269.31,1.95,148.81,247.64,240.31,0.0913,1.04,193.97
1/21/2024,AMD,279.08,-3.23,149.92,466.96,267.27,0.0608,0.81,114.00999999999999
1/21/2024,TSM,183.07,-8.56,94.99,400.79,190.13,0.0565,0.81,10.009999999999991
1/21/2024,INTC,355.74,-2.91,106.48,202.56,363.57,0.0413,1.01,272.06
1/21/2024,AVGO,303.74,1.75,104.55,482.12,307.73,0.0558,0.84,217.55
1/21/2024,QCOM,282.67,1.39,82.05,437.28,295.37,0.0707,0.89,57.54000000000002
2/21/2024,AAPL,319.24,7.6,110.31,264.16,322.22,0.045,1.06,78.83000000000001
2/21/2024,MSFT,399.25,1.31,114.55,248.57,402.21,0.0567,0.98,-46.04000000000002
2/21/2024,GOOGL,273.88,-7.54,117.4,405.84,288.08,0.0425,0.88,71.22999999999999
2/21/2024,NVDA,397.33,-2.83,137.2,395.43,419.84,0.0618,0.96,362.38
2/21/2024,META,269.58,-1.09,128.92,111.73,276.42,0.0342,1.18,-133.69
2/21/2024,JPM,123.44,4.17,138.92,196.69,113.96,0.0829,0.89,-97.03
2/21/2024,BAC,203.2,-2.62,105.47,135.28,191.01,0.0527,1.03,140.26
2/21/2024,WFC,409.08,6.0,133.58,243.49,421.09,0.062,1.02,337.54999999999995
2/21/2024,C,254.28,8.31,92.82,111.1,256.8,0.0842,0.95,161.51
2/21/2024,GS,334.7,4.78,93.01,276.11,342.64,0.013,1.14,-181.60999999999996
2/21/2024,PG,120.46,-4.15,94.52,396.51,136.06,0.05,1.18,-100.64
2/21/2024,KO,289.86,-5.64,100.74,249.52,287.26,0.0702,0.97,204.0
2/21/2024,PEP,400.94,-2.71,108.47,108.72,394.79,0.0812,0.91,167.21
2/21/2024,MO,395.03,-2.39,112.76,159.41,403.69,0.0128,1.02,330.47999999999996
2/21/2024,MNST,195.91,-3.23,138.14,386.15,183.32,0.0375,1.19,125.07
2/21/2024,JNJ,228.94,1.54,102.98,254.73,228.76,0.026,1.05,-29.220000000000027
2/21/2024,PFE,182.77,2.63,96.92,136.21,186.66,0.0507,0.84,115.4
2/21/2024,MRNA,188.42,4.3,80.73,160.0,175.26,0.0415,1.08,-79.35999999999999
2/21/2024,LLY,242.15,7.38,135.5,385.92,241.13,0.0338,0.94,-156.1
2/21/2024,UNH,351.59,-4.47,88.65,234.74,350.67,0.0551,1.15,-369.37000000000006
2/21/2024,XOM,379.86,-1.01,93.53,267.42,369.77,0.0485,0.98,276.09000000000003
2/21/2024,CVX,329.46,-3.08,83.88,315.22,334.18,0.0266,0.87,124.73999999999998
2/21/2024,COP,322.74,7.65,112.6,497.02,333.95,0.0821,1.08,202.29000000000002
2/21/2024,PSX,180.69,-5.16,143.68,411.01,178.42,0.0708,0.85,62.09
2/21/2024,SLB,252.74,-0.77,119.69,214.94,253.69,0.0375,0.82,197.97
2/21/2024,TSLA,119.2,3.1,102.86,258.94,112.96,0.0387,0.94,-320.09000000000003
2/21/2024,F,166.75,2.54,135.31,217.68,176.52,0.0442,1.17,146.84
2/21/2024,GM,392.01,1.03,147.65,306.08,385.86,0.0835,1.08,311.78999999999996
2/21/2024,RIVN,325.11,-2.67,107.63,339.7,320.32,0.082,1.12,279.51
2/21/2024,LCID,237.57,-6.45,91.78,306.28,234.56,0.0435,1.07,196.54999999999998
2/21/2024,AMZN,289.15,-0.07,103.96,381.07,283.06,0.0862,1.06,26.16999999999996
2/21/2024,WMT,217.84,0.45,128.31,372.44,199.92,0.0519,0.88,143.15
2/21/2024,COST,354.15,-10.41,114.64,300.46,355.18,0.0383,1.14,-407.45000000000005
2/21/2024,TGT,303.19,-2.46,80.71,290.33,296.76,0.0709,1.17,-25.339999999999975
2/21/2024,HD,326.14,-2.68,134.0,339.58,344.73,0.0388,0.84,-173.18
2/21/2024,BA,425.8,-0.2,143.06,298.46,423.63,0.0068,1.14,69.72000000000003
2/21/2024,LMT,228.35,4.7,138.63,345.73,244.86,0.0053,0.94,-383.68999999999994
2/21/2024,NOC,81.96,0.3,144.45,237.12,94.58,0.0818,0.88,-525.28
2/21/2024,GD,434.19,5.14,95.84,231.89,437.1,0.0371,0.88,107.82999999999998
2/21/2024,RTX,176.16,6.26,87.51,132.41,169.67,0.0613,0.93,38.00999999999999
2/21/2024,VZ,353.37,7.09,146.24,491.29,355.81,0.0328,0.87,281.03
2/21/2024,T,336.04,-2.52,81.13,469.34,324.94,0.0185,0.85,309.92
2/21/2024,DIS,406.86,7.43,107.84,343.52,395.38,0.0824,0.85,145.84000000000003
2/21/2024,NFLX,147.09,0.57,135.42,403.59,142.52,0.1178,0.81,-572.2099999999999
2/21/2024,CMCSA,161.48,-1.35,115.33,429.1,151.48,0.0461,1.2,86.13999999999999
2/21/2024,AMD,269.7,0.55,117.93,401.45,267.75,0.0575,1.01,104.63
2/21/2024,TSM,336.09,-0.72,92.84,289.45,345.67,0.0711,0.86,163.02999999999997
2/21/2024,INTC,350.57,6.74,112.83,223.98,357.22,0.0443,0.93,266.89
2/21/2024,AVGO,408.65,3.46,100.03,288.86,398.69,0.0507,1.14,322.46
2/21/2024,QCOM,123.49,-3.31,87.79,458.31,127.74,0.0714,1.07,-101.64
3/21/2024,AAPL,267.44,-2.59,102.03,357.89,274.41,0.0543,0.82,27.03
3/21/2024,MSFT,384.72,-0.07,124.06,183.73,369.72,0.082,1.09,-60.56999999999999
3/21/2024,GOOGL,137.73,1.4,105.21,169.06,130.62,0.0277,0.88,-64.92000000000002
3/21/2024,NVDA,351.04,6.67,103.29,295.65,355.3,0.0537,0.97,316.09000000000003
3/21/2024,META,327.98,-4.91,109.84,303.96,308.05,0.0488,0.96,-75.28999999999996
3/21/2024,JPM,267.33,5.42,139.1,391.07,254.4,0.0453,1.06,46.859999999999985
3/21/2024,BAC,117.92,1.74,116.23,244.03,125.74,0.0258,1.16,54.980000000000004
3/21/2024,WFC,407.81,11.5,129.2,448.62,431.19,0.0729,1.05,336.28
3/21/2024,C,423.0,-8.48,82.02,342.78,409.97,0.0541,0.84,330.23
3/21/2024,GS,308.08,6.46,134.68,351.38,332.56,0.0595,1.16,-208.22999999999996
3/21/2024,PG,98.37,3.37,88.39,239.98,108.28,0.0196,0.86,-122.72999999999999
3/21/2024,KO,366.41,8.48,97.56,352.84,359.67,0.0562,1.0,280.55
3/21/2024,PEP,232.91,-7.84,108.5,282.03,229.07,0.0619,0.88,-0.8199999999999932
3/21/2024,MO,244.84,3.56,94.2,359.83,270.08,0.0727,0.88,180.29000000000002
3/21/2024,MNST,176.89,1.62,147.32,230.86,164.64,0.1,0.86,106.04999999999998
3/21/2024,JNJ,135.85,-3.01,145.41,249.43,154.46,0.0491,1.08,-122.31000000000003
3/21/2024,PFE,261.53,0.08,142.78,210.15,248.2,0.0545,1.15,194.15999999999997
3/21/2024,MRNA,275.79,-3.02,132.03,150.7,292.46,0.0612,0.98,8.010000000000048
3/21/2024,LLY,255.4,7.42,115.81,267.44,269.58,0.0493,1.02,-142.85
3/21/2024,UNH,344.63,0.66,91.68,143.46,353.15,0.0701,1.01,-376.33000000000004
3/21/2024,XOM,409.19,3.49,132.9,174.15,394.7,0.0684,0.88,305.42
3/21/2024,CVX,415.74,9.06,85.28,346.17,433.45,0.045,1.02,211.02
3/21/2024,COP,177.14,0.24,91.47,490.28,178.03,0.0294,1.11,56.68999999999998
3/21/2024,PSX,226.59,-6.58,146.69,440.57,222.09,0.0618,0.89,107.99000000000001
3/21/2024,SLB,350.26,3.42,89.4,306.73,356.08,0.0386,0.86,295.49
3/21/2024,TSLA,205.86,3.59,109.68,399.04,200.31,0.0401,0.95,-233.43
3/21/2024,F,339.94,2.3,105.72,496.87,338.59,0.082,1.1,320.03
3/21/2024,GM,336.26,-6.03,87.99,244.76,336.83,0.0494,0.9,256.03999999999996
3/21/2024,RIVN,342.15,6.92,107.81,310.45,316.2,0.0338,0.96,296.54999999999995
3/21/2024,LCID,358.34,0.21,85.88,278.76,365.23,0.0625,0.81,317.32
3/21/2024,AMZN,173.36,1.83,106.65,315.5,193.02,0.0252,1.06,-89.62
3/21/2024,WMT,203.7,-6.76,106.81,394.62,203.43,0.0365,0.99,129.01
3/21/2024,COST,159.59,-3.47,114.52,365.17,158.77,0.0471,1.05,-602.01
3/21/2024,TGT,299.6,2.66,130.42,403.73,306.59,0.0464,0.98,-28.92999999999995
3/21/2024,HD,288.47,7.15,144.6,309.78,275.33,0.0478,1.06,-210.84999999999997
3/21/2024,BA,319.18,1.61,91.94,284.9,310.61,0.059,1.0,-36.89999999999998
3/21/2024,LMT,318.43,-0.53,99.09,395.95,330.66,0.0498,1.06,-293.60999999999996
3/21/2024,NOC,257.66,-1.11,108.51,321.89,254.63,0.0641,1.06,-349.58
3/21/2024,GD,147.03,-2.07,147.4,461.82,150.58,0.0519,1.02,-179.33
3/21/2024,RTX,208.05,-0.77,110.31,353.0,223.59,0.0735,1.01,69.9
3/21/2024,VZ,150.21,4.75,85.76,153.48,158.58,0.0819,0.81,77.87
3/21/2024,T,163.24,5.88,142.87,364.92,173.9,0.0694,1.05,137.12
3/21/2024,DIS,346.53,-1.92,143.76,436.44,341.15,0.0454,1.02,85.50999999999999
3/21/2024,NFLX,333.73,-2.69,120.75,357.47,331.67,0.063,1.13,-385.56999999999994
3/21/2024,CMCSA,431.98,5.94,100.79,496.91,429.07,0.0547,1.04,356.64
3/21/2024,AMD,392.94,8.48,103.79,180.64,381.24,0.0643,1.15,227.87
3/21/2024,TSM,275.29,2.43,81.16,115.14,270.42,0.0637,1.13,102.23000000000002
3/21/2024,INTC,71.5,2.75,133.14,201.23,94.09,0.0231,0.83,-12.180000000000007
3/21/2024,AVGO,221.94,7.49,94.94,159.93,216.11,0.0545,1.01,135.75
3/21/2024,QCOM,168.56,-4.24,95.36,258.26,166.73,0.0208,1.09,-56.56999999999999
