Stock,Price,Weights
AAPL,189.17,545.3160649374666
MSFT,429.4,-269.83255981084915
GOOGL,354.28,-13328.800768457482
NVDA,165.28,-12312.439941080114
META,353.52,-459.4691480605121
JPM,109.05,1634.9165498669322
BAC,333.47,-20783.91708134757
WFC,362.02,-22326.367117495396
C,297.23,-15763.964100082238
GS,143.25,18103.386820053413
PG,354.11,-9921.276096528878
KO,343.34,-18712.84169213323
PEP,210.3,-2487.5596704994546
MO,89.28,-8037.589993418917
MNST,411.03,-22969.91527979495
JNJ,121.51,5037.7030563692915
PFE,264.88,-17026.26201759245
MRNA,147.23,3925.594504286071
LLY,208.29,6812.114400307293
UNH,370.32,19155.129909603547
XOM,86.95,-2466.4822976009973
CVX,103.02,1013.6203423191313
COP,335.31,-16195.522285436664
PSX,117.86,-5102.753740428873
SLB,136.58,-10173.13633028515
TSLA,186.83,13018.562562376947
F,165.35,-15789.384579239328
GM,162.37,-10638.296485478268
RIVN,361.93,-23018.837768167712
LCID,171.63,-12781.183049875508
AMZN,430.9,-13606.947896998217
WMT,288.5,-16835.796895908494
COST,269.19,29514.307001882396
TGT,226.49,3516.350645899844
HD,168.26,17517.558096091194
BA,278.42,2917.99666871453
LMT,423.39,10846.089044066737
NOC,170.29,22722.403216446048
GD,299.49,-1152.6271237183319
RTX,114.05,-2217.7204746618495
VZ,186.54,-10216.282553966414
T,206.68,-16301.9199274793
DIS,247.06,-3192.6630824613057
NFLX,420.39,16518.730218026303
CMCSA,401.89,-25160.576996516153
AMD,239.65,-7432.011700646102
TSM,300.52,-13800.443428485161
INTC,89.68,-5295.510566970894
AVGO,427.11,-24688.71598590629
QCOM,283.41,-8520.359478309552
AAPL,413.57,-12253.62504543857
MSFT,295.54,5029.47502300885
GOOGL,359.06,-14228.429429606584
NVDA,448.22,-27951.771786466816
META,329.02,1725.1171089767931
JPM,199.46,-1791.0972702977479
BAC,121.39,-8016.964650070566
WFC,120.69,-8128.27569637208
C,227.53,-12436.574620493839
GS,221.87,13932.419513892015
PG,106.34,1733.3047320450346
KO,206.41,-10404.651494372514
PEP,344.5,-9022.762266689339
MO,205.08,-13834.360794157785
MNST,288.96,-16321.417902011346
JNJ,368.27,-11567.015018909044
PFE,378.11,-23859.86328190152
MRNA,407.63,-10333.369663399071
LLY,135.76,11750.550246128549
UNH,238.59,27238.46087213113
XOM,201.87,-9335.851103284946
CVX,359.02,-14224.014008246368
COP,405.55,-21601.271574669543
PSX,384.09,-20820.898658127684
SLB,296.63,-19963.410589039355
TSLA,131.87,14562.010795079063
F,392.9,-27137.587854991503
GM,157.42,-8540.543123785863
RIVN,408.3,-26192.237354767378
LCID,200.65,-13147.371271320411
AMZN,271.1,-3858.7073408104784
WMT,135.82,-8979.617478076603
COST,141.56,34872.6147477788
TGT,336.13,-4448.277344811587
HD,258.69,10784.21722645777
BA,281.91,2438.7847415438764
LMT,332.38,15005.807809842014
NOC,306.78,16018.291796426025
GD,347.81,-3366.6136421814062
RTX,217.35,-10455.437609319555
VZ,290.63,-18627.732916481054
T,384.62,-27481.34063284833
DIS,306.73,-5649.976289119411
NFLX,243.67,28238.926312819232
CMCSA,162.49,-8933.84849462022
AMD,201.17,-5727.261530348158
TSM,403.97,-17823.183620922737
INTC,111.08,-7330.080236996126
AVGO,153.5,-9003.756110234559
QCOM,277.88,-7132.5840722887115
AAPL,153.88,-742.808651056606
MSFT,92.79,17090.955773910493
GOOGL,240.97,-5782.811641053698
NVDA,440.82,-29012.961828325057
META,433.09,-3080.723220514129
JPM,254.94,-7179.766294997863
BAC,352.77,-20695.601810142725
WFC,369.39,-23218.62972623292
C,270.58,-15744.45703923496
GS,370.74,5880.950409525869
PG,189.13,-3711.3793239332017
KO,284.11,-15394.07136671505
PEP,205.77,-1588.622568702889
MO,255.25,-15270.920126940711
MNST,406.36,-24047.194338205485
JNJ,330.97,-6303.956250028184
PFE,295.47,-17761.137507426647
MRNA,315.46,-7098.343672446538
LLY,107.3,12739.148997983308
UNH,390.96,19824.361821948165
XOM,253.68,-15235.194041347148
CVX,317.98,-9942.48389828178
COP,332.77,-16403.37943984743
PSX,269.52,-12403.353021556339
SLB,155.5,-9568.036112874344
TSLA,220.96,9998.799559483548
F,140.27,-11868.208350095834
GM,186.31,-11950.133883750224
RIVN,225.69,-16698.915518884445
LCID,292.05,-19932.701992545928
AMZN,280.35,-5248.288986100766
WMT,327.9,-17886.688255219833
COST,185.82,33295.05140906829
TGT,187.96,4607.1429831622245
HD,347.3,6627.330435740896
BA,218.45,4540.344702180059
LMT,115.46,25924.357486325185
NOC,135.95,24630.239211658685
GD,289.0,-2152.5308435504553
RTX,409.25,-19698.74255002024
VZ,389.58,-21978.974590421185
T,419.27,-26483.662346455072
DIS,281.09,-3503.186000310992
NFLX,389.24,18254.809150461326
CMCSA,298.78,-16724.652404678825
AMD,323.21,-13591.626091197386
TSM,463.36,-21904.078103653115
INTC,399.88,-21582.05521579461
AVGO,387.84,-23247.666633090786
QCOM,261.32,-7173.216355205554
AAPL,226.74,-3207.3812702083537
MSFT,373.21,1341.3673140861983
GOOGL,429.24,-16803.011468061926
NVDA,133.87,-11976.619908428163
META,130.41,13473.152827961676
JPM,142.43,588.1006605660481
BAC,405.25,-24033.492297180503
WFC,369.69,-22523.928195668537
C,184.89,-11201.406054557936
GS,307.57,11565.089266613395
PG,411.24,-14016.19674668913
KO,227.75,-13048.21122462379
PEP,211.3,-3149.08448063185
MO,438.01,-26193.38136619913
MNST,132.49,-7914.31343948581
JNJ,109.59,5101.575666687351
PFE,211.97,-12758.709839974357
MRNA,281.1,-4463.08542986324
LLY,130.21,11697.683633531155
UNH,263.29,25041.854769690766
XOM,170.5,-8945.589230320924
CVX,199.95,-4085.5859173469826
COP,125.31,-5083.43954092453
PSX,252.4,-11263.349155021608
SLB,363.3,-22029.806327229908
TSLA,199.21,11956.942420921368
F,111.93,-12258.292379001372
GM,264.27,-14663.776652354956
RIVN,402.19,-25324.675336565324
LCID,339.05,-23221.673062509
AMZN,317.19,-6370.052149713711
WMT,234.5,-13957.086410362424
COST,304.59,25964.222804316687
TGT,383.47,-5522.807668834521
HD,349.99,8504.395574415705
BA,240.51,1979.2996525205958
LMT,373.14,12626.845191634253
NOC,143.84,25117.113022482616
GD,419.22,-8475.273610903367
RTX,367.15,-19255.65092982899
VZ,403.2,-23624.63215382551
T,429.24,-29347.958541875985
DIS,186.85,721.463172294715
NFLX,160.63,30532.708121971365
CMCSA,151.03,-10206.038440300656
AMD,95.38,-2084.417690977097
TSM,109.48,-1814.1569674997932
INTC,159.98,-8064.307900453425
AVGO,423.55,-23473.36589909256
QCOM,379.68,-11104.747930908185
AAPL,238.92,-3617.30081391324
MSFT,382.16,429.9476971361572
GOOGL,390.11,-14123.687371913604
NVDA,172.74,-13823.479561819791
META,171.57,9656.816187249813
JPM,133.75,502.2258663022825
BAC,319.82,-20559.32925012152
WFC,278.61,-16902.97883887013
C,341.32,-17559.642036279372
GS,127.21,20428.36621544264
PG,248.67,-5870.642078126696
KO,417.7,-25275.96550845498
PEP,190.86,-1180.834374246942
MO,416.8,-25390.210755546523
MNST,130.45,-7215.232490437029
JNJ,397.87,-12631.978006337189
PFE,419.7,-24898.309514163655
MRNA,184.61,638.8123522213731
LLY,319.19,1005.261504521667
UNH,213.53,29863.2472602849
XOM,402.24,-23115.283740046358
CVX,307.68,-8929.89651586375
COP,281.38,-12555.943347896251
PSX,270.16,-15290.960178023795
SLB,234.61,-14658.4684127337
TSLA,86.5,16313.405524623651
F,335.38,-22151.131742636288
GM,133.18,-8539.497987706447
RIVN,400.78,-25811.927320374667
LCID,173.54,-14231.394944135087
AMZN,334.96,-6348.028767200914
WMT,217.24,-14168.890787573948
COST,351.1,24733.104614507327
TGT,327.89,-2906.3371767765575
HD,390.01,4384.059406554783
BA,248.73,3050.573595287512
LMT,317.14,14730.891847456905
NOC,176.18,24853.880176410716
GD,405.51,-8487.01907565828
RTX,306.6,-12691.086178019072
VZ,348.92,-20654.853546324608
T,195.63,-14035.83249330262
DIS,99.35,4438.632179662359
NFLX,146.03,32354.661944974327
CMCSA,349.75,-20538.28240896165
AMD,189.18,-7157.0682027166295
TSM,183.23,-4692.992296391833
INTC,318.13,-17143.20938717707
AVGO,361.06,-19950.67249106757
QCOM,266.07,-7419.1932685875345
AAPL,183.27,341.21455453265014
MSFT,327.8,4889.343439367412
GOOGL,437.09,-16047.653327316722
NVDA,276.05,-19106.774105145687
META,195.79,7803.803531093107
JPM,182.88,-2809.664744025571
BAC,100.13,-7777.728027190448
WFC,327.82,-20335.467297998734
C,373.72,-22162.582594645828
GS,340.48,6968.391027748393
PG,328.37,-10915.737400614293
KO,248.32,-14122.613077200187
PEP,114.27,3306.829578183019
MO,185.01,-13152.152185889167
MNST,180.16,-11609.772186052101
JNJ,103.31,5357.094886465529
PFE,174.24,-10663.929433503303
MRNA,397.46,-12832.611813956917
LLY,431.93,-5539.198320855141
UNH,423.34,18559.16549434538
XOM,165.92,-9502.427974288921
CVX,124.06,1070.558473096024
COP,105.8,-2298.8972760413512
PSX,85.92,-2886.444775984464
SLB,288.69,-19413.20681722774
TSLA,327.87,2635.2472122906534
F,176.44,-14490.795889519237
GM,129.39,-8150.286275324808
RIVN,435.07,-26387.094255189477
LCID,298.31,-20227.15222599927
AMZN,159.39,3130.1558108071235
WMT,422.31,-23733.175941880847
COST,341.74,25725.734015589747
TGT,179.6,5609.635941147435
HD,237.09,12967.32984092437
BA,146.83,7391.467883380119
LMT,186.51,22284.574579730466
NOC,78.94,28658.584515356943
GD,330.1,-2662.109763884935
RTX,97.79,-1408.9172574971512
VZ,292.95,-16513.491636046325
T,441.99,-29510.903670732314
DIS,170.49,1115.2003931340746
NFLX,99.98,33890.33842249255
CMCSA,367.62,-22470.405654216604
AMD,187.73,-5868.933814409333
TSM,379.42,-18178.095355102338
INTC,207.94,-14198.174054957775
AVGO,379.61,-20044.77626898634
QCOM,109.39,1198.0876794788442
AAPL,235.69,-4342.711809520681
MSFT,250.97,7276.151107870562
GOOGL,220.15,-6505.977121227181
NVDA,202.39,-14325.335444458724
META,209.28,8650.308472026922
JPM,242.94,-4026.6941444734857
BAC,335.69,-20722.89333008882
WFC,118.29,-8862.462330094468
C,110.57,-6138.258900777262
GS,265.97,13762.105716562563
PG,323.25,-8124.658525528947
KO,317.78,-18132.51479093311
PEP,266.63,-5547.022831274582
MO,463.61,-27671.29491205324
MNST,128.28,-8282.244801639576
JNJ,152.5,2486.054331534872
PFE,230.24,-15986.118359807964
MRNA,80.94,6609.855691687987
LLY,298.45,2512.4245237855043
UNH,402.44,19330.13864588161
XOM,174.27,-10421.287472811355
CVX,270.65,-7951.905712872662
COP,131.52,-6975.263421304414
PSX,352.02,-17811.789773330256
SLB,84.55,-8216.396751130264
TSLA,312.84,3011.3966333819976
F,97.12,-8813.735619208905
GM,384.17,-22702.59103213191
RIVN,192.44,-13657.985438938917
LCID,171.46,-12887.05593441058
AMZN,274.11,-5171.148641204808
WMT,229.4,-13195.013272932385
COST,100.75,37207.59340148729
TGT,155.04,7284.2143550819055
HD,367.52,3979.611409612729
BA,160.84,9189.932723618815
LMT,307.75,17593.499156265643
NOC,216.3,21112.635819306834
GD,323.3,-4258.282057599839
RTX,451.91,-22889.739078946477
VZ,138.48,-9286.934918157234
T,139.06,-11929.32881434106
DIS,111.13,3700.001132205371
NFLX,129.64,34415.29227534279
CMCSA,437.92,-25948.48796948495
AMD,182.4,-6861.52603614502
TSM,189.29,-7211.41149056182
INTC,308.99,-17724.3063211482
AVGO,431.42,-24098.74882859781
QCOM,390.76,-14869.473825188534
AAPL,401.35,-11927.251720429691
MSFT,402.85,347.42374790654947
GOOGL,401.14,-15105.78152838353
NVDA,376.3,-26018.52250067593
META,285.98,5557.388872683593
JPM,172.46,-2928.201110335266
BAC,116.35,-9292.224138552025
WFC,200.22,-12717.25041358002
C,320.46,-18180.21131691204
GS,124.59,21259.979164326378
PG,263.67,-6386.6173397456905
KO,210.58,-11917.403715801145
PEP,306.05,-9512.722595295609
MO,352.93,-21722.94465479736
MNST,193.04,-11398.360560460696
JNJ,112.72,2743.0225361670277
PFE,196.93,-13450.374690336886
MRNA,313.09,-5056.85513264407
LLY,198.32,8907.255225424697
UNH,372.52,19497.67733877311
XOM,194.49,-12215.147367138097
CVX,94.55,1486.7278668880967
COP,336.58,-17827.39609681611
PSX,440.46,-22323.851090483702
SLB,183.01,-11449.305260249404
TSLA,217.8,9357.812870801978
F,260.02,-18528.28747631357
GM,356.27,-20009.079386802914
RIVN,198.93,-13628.325882331239
LCID,365.09,-22206.01843046113
AMZN,115.36,4655.083613192266
WMT,74.41,-5845.842122097679
COST,336.97,24690.99421623875
TGT,357.53,-4289.919899549918
HD,120.21,20954.010154583313
BA,443.24,-6746.94487588652
LMT,373.12,12118.171438071833
NOC,426.73,10057.728406165
GD,205.66,2338.0409108809167
RTX,104.87,-3269.402340691247
VZ,241.56,-15257.218020616478
T,147.62,-12531.837319416665
DIS,200.86,-1347.6215267489856
NFLX,257.46,27391.458027713466
CMCSA,447.45,-26270.630571244874
AMD,162.86,-3149.9360603406258
TSM,306.09,-12747.784089440678
INTC,393.59,-23850.368568519327
AVGO,329.21,-17330.653026754782
QCOM,419.37,-15933.62532715512
AAPL,286.24,-4892.779957751729
MSFT,276.78,7927.442929232174
GOOGL,393.27,-14870.31541443369
NVDA,389.28,-25480.711173335178
META,202.46,8193.141813738663
JPM,284.41,-6345.28982510564
BAC,132.45,-10111.876229083531
WFC,352.79,-21683.859501595598
C,165.34,-9820.514065095462
GS,419.22,3033.7930711833105
PG,317.15,-8268.315770361136
KO,420.18,-22818.699971810136
PEP,414.83,-14993.659794967924
MO,307.31,-18737.910961336274
MNST,375.31,-22477.803273811267
JNJ,251.62,-3131.2139455286338
PFE,274.83,-18742.81960743621
MRNA,268.48,-4399.681129593605
LLY,303.29,2081.0210080438774
UNH,129.99,34363.7210533403
XOM,250.99,-14567.431023148785
CVX,250.04,-8300.953483395415
COP,372.02,-19981.324724775393
PSX,239.75,-10874.137899361207
SLB,425.31,-26361.681690693156
TSLA,398.74,112.90458421132269
F,165.13,-13063.620478688868
GM,236.47,-12274.155363054471
RIVN,182.95,-14121.25289561117
LCID,208.69,-16624.016574929567
AMZN,254.45,-4416.371493102834
WMT,307.63,-17556.837298449853
COST,164.17,33696.975794786165
TGT,293.29,-217.50926636699126
HD,213.28,15118.04393566416
BA,168.68,7611.94367815395
LMT,436.57,8792.782018120064
NOC,256.06,18417.13896808066
GD,121.59,8936.522589193451
RTX,443.26,-21854.193421863554
VZ,269.29,-16263.227419471175
T,145.71,-11294.353294872499
DIS,245.29,-4179.675288772628
NFLX,200.45,29909.87153500376
CMCSA,192.09,-11070.691187737228
AMD,120.62,-944.3808805264736
TSM,278.17,-9227.261418245527
INTC,207.76,-12041.437063574152
AVGO,429.83,-25745.51642720173
QCOM,164.03,-1438.12443736378
AAPL,409.28,-14370.964791325665
MSFT,375.0,763.6944797522141
GOOGL,328.41,-10716.342673029803
NVDA,206.19,-14936.587784937537
META,398.5,-3724.572775586334
JPM,394.59,-15174.109968493558
BAC,267.93,-16202.520293552587
WFC,358.2,-20269.075622592656
C,289.1,-17165.93004411206
GS,410.7,4308.010386124646
PG,405.34,-15176.624139958116
KO,338.7,-18176.958003918236
PEP,344.95,-10630.783971411167
MO,356.2,-21622.7676200776
MNST,250.77,-14509.489586088248
JNJ,229.83,-2550.5304894763044
PFE,217.95,-14288.39220017458
MRNA,345.44,-6165.9365903956195
LLY,364.68,-52.79651461568403
UNH,97.78,36098.209952292884
XOM,259.0,-15383.507731114203
CVX,332.45,-11538.574609962136
COP,294.31,-14974.496014827451
PSX,106.72,-3490.379658619753
SLB,315.2,-21184.41211933065
TSLA,208.19,12366.027378429222
F,82.5,-10141.97534645405
GM,150.01,-9374.615470508032
RIVN,191.74,-14122.880957039024
LCID,384.89,-26563.206696208857
AMZN,401.41,-12681.070988203786
WMT,412.28,-25371.132999141384
COST,210.03,30941.746647697382
TGT,135.97,8768.690504035707
HD,142.1,17684.289857915745
BA,181.6,5563.455727451409
LMT,297.26,17161.06348530455
NOC,257.18,18938.174302748575
GD,159.46,7264.541562862694
RTX,355.65,-17149.01715003074
VZ,117.22,-7084.662355593886
T,216.3,-18088.700497087983
DIS,168.28,3174.924855168606
NFLX,441.34,15302.370675769485
CMCSA,323.24,-19896.303734191213
AMD,313.87,-11570.96377303248
TSM,431.91,-18150.66425550777
INTC,349.7,-20606.080276114557
AVGO,320.53,-18851.25575780266
QCOM,246.33,-5403.931706375728
AAPL,292.58,-7068.269083850202
MSFT,177.48,12160.859313390587
GOOGL,292.59,-9365.799752518387
NVDA,238.62,-18323.14318048592
META,195.64,9863.414533978785
JPM,375.94,-11918.02234349447
BAC,404.96,-23818.11906893437
WFC,96.55,-5780.337209686069
C,198.56,-11881.972495440767
GS,306.25,8766.313334801278
PG,295.2,-7169.45597020575
KO,363.55,-21963.80775330593
PEP,103.02,4394.724855213246
MO,273.57,-16688.29130272088
MNST,148.95,-8979.575294753862
JNJ,370.71,-11005.406170620236
PFE,118.22,-9717.902372715796
MRNA,348.19,-8757.465470315197
LLY,380.89,-2858.4074146797398
UNH,169.9,30585.52735177165
XOM,131.41,-6685.081851773319
CVX,355.28,-13113.824735078639
COP,187.97,-8632.064281272269
PSX,246.04,-11014.814121042313
SLB,234.96,-16538.42202480251
TSLA,429.62,-526.0104173153453
F,136.47,-12509.328504124223
GM,177.39,-11887.337736364907
RIVN,420.49,-26333.458688798357
LCID,101.35,-8866.454286153272
AMZN,380.79,-11532.352312935867
WMT,102.49,-7424.294075155867
COST,439.61,18457.746368320935
TGT,150.67,6039.00676270505
HD,408.05,3849.624555122619
BA,242.71,2945.429547756327
LMT,104.02,26281.392559791377
NOC,347.45,13562.30423270337
GD,194.1,4330.832928225838
RTX,319.9,-13939.314420177081
VZ,329.35,-19224.681303539895
T,171.82,-13899.39457682623
DIS,431.37,-14121.483235123691
NFLX,165.3,29692.008866704247
CMCSA,162.51,-9931.907055037633
AMD,144.28,-3405.6857816358065
TSM,192.53,-4713.599972211986
INTC,258.65,-14456.821910859044
AVGO,215.49,-13521.791261326709
QCOM,275.26,-7242.757893914381
AAPL,103.59,5477.2730749606
MSFT,380.71,3201.1202954148
GOOGL,384.67,-14617.76616206905
NVDA,154.92,-12877.329446546571
META,215.49,7439.212311450466
JPM,386.6,-14761.705227752116
BAC,160.69,-10472.169390315514
WFC,155.6,-10103.649280387452
C,295.51,-16253.687992397263
GS,380.94,6758.309182918907
PG,274.23,-8735.736794496901
KO,435.37,-25555.554817887827
PEP,280.94,-5593.19969506394
MO,307.38,-17732.723513005054
MNST,303.54,-17841.472691691943
JNJ,315.38,-8975.365282476803
PFE,187.99,-10546.246102308372
MRNA,364.7,-9850.290713388165
LLY,405.49,-4147.0454947151775
UNH,358.37,21877.026637335828
XOM,179.72,-8010.135742097127
CVX,204.4,-5519.1858484611175
COP,121.92,-5998.692001593738
PSX,238.09,-10468.10551061234
SLB,323.88,-20659.638669844073
TSLA,298.67,4488.601529348139
F,432.75,-29629.90496233923
GM,274.27,-17107.166969015994
RIVN,137.88,-9402.577705455607
LCID,267.25,-19326.314985747817
AMZN,382.99,-9686.923663967367
WMT,320.16,-18146.077985378037
COST,360.31,22733.570481585946
TGT,174.21,3946.33882286591
HD,207.39,13457.404875401515
BA,206.58,6465.79845362647
LMT,142.15,26750.917882295093
NOC,396.49,12682.159648577604
GD,262.94,873.2416432930589
RTX,209.19,-8159.601119854802
VZ,248.85,-14169.152332930551
T,307.26,-19672.58439148428
DIS,247.11,-3220.780182394013
NFLX,216.31,27259.12694109055
CMCSA,315.79,-17755.23241459124
AMD,237.26,-8690.313499373164
TSM,393.7,-15834.313588249564
INTC,443.16,-26082.39289538034
AVGO,261.92,-16046.600510527787
QCOM,158.58,32.00375209146421
AAPL,258.79,-5916.746504714393
MSFT,227.71,10248.037840454994
GOOGL,355.58,-12644.528090743739
NVDA,161.3,-12800.823353139158
META,279.52,3900.3967507097573
JPM,245.75,-7347.7032069665975
BAC,250.83,-14640.99167731179
WFC,235.55,-14712.702227018059
C,282.97,-17246.100678168466
GS,382.35,6869.2048836374815
PG,124.09,1481.4968730585756
KO,404.44,-24032.299649917062
PEP,431.3,-14919.287483188473
MO,342.66,-20148.588274731264
MNST,432.8,-24275.96635370787
JNJ,405.17,-13219.339154404935
PFE,186.87,-11140.459999697978
MRNA,235.86,65.7542666565306
LLY,147.15,13547.191806254641
UNH,413.46,17779.45386648995
XOM,401.52,-21020.84496069996
CVX,199.76,-5466.212532624784
COP,273.9,-12523.206207924917
PSX,349.27,-17161.181400448735
SLB,310.0,-21172.189522635188
TSLA,420.8,-917.7411610862674
F,131.41,-10876.568667121619
GM,175.92,-12074.853142402997
RIVN,134.88,-10119.508501341332
LCID,339.54,-22042.846135113545
AMZN,444.51,-12479.717016898352
WMT,345.73,-21015.1933516291
COST,181.74,31681.069041461134
TGT,287.93,-945.3102945263319
HD,134.68,19845.442921099348
BA,277.24,2319.842156310457
LMT,170.87,24488.4211613696
NOC,223.49,20835.512567225167
GD,332.05,-2754.610103672775
RTX,178.33,-5690.604986979517
VZ,234.24,-13409.15611919485
T,240.66,-18577.000974397106
DIS,128.76,4737.489301682061
NFLX,385.09,20596.168700682796
CMCSA,358.91,-22991.800178458314
AMD,277.01,-11044.878537375816
TSM,339.79,-14786.699099390224
INTC,443.94,-25483.009449496352
AVGO,189.82,-9237.182114842692
QCOM,417.02,-14026.025326789902
AAPL,341.51,-8752.205889511322
MSFT,406.6,990.0075559810067
GOOGL,308.88,-10258.608907812453
NVDA,398.46,-27134.690649848475
META,420.55,-4517.213158145347
JPM,211.8,-2907.71766364056
BAC,220.15,-15589.523989883239
WFC,288.73,-16679.97579845779
C,279.13,-15312.082543709605
GS,441.94,1506.694176623184
PG,244.92,-5586.900170866255
KO,374.0,-22289.154072779897
PEP,446.88,-16469.530832978155
MO,141.92,-10393.189314810654
MNST,356.59,-20876.277759390057
JNJ,215.1,-326.609765446569
PFE,131.92,-8372.118929003002
MRNA,124.09,4848.993260302154
LLY,88.9,15512.331613094077
UNH,387.35,20008.380881481353
XOM,239.47,-13163.008319586761
CVX,437.75,-16879.187954552504
COP,226.93,-11272.85597015151
PSX,426.28,-20678.016663294224
SLB,321.24,-20927.570090872196
TSLA,80.2,18152.49906134089
F,186.51,-15373.1369061754
GM,273.71,-14471.090356715295
RIVN,366.68,-23708.463466676007
LCID,338.83,-22130.267507695306
AMZN,153.48,4130.232399719031
WMT,346.14,-20337.438850633716
COST,408.1,19389.388610723345
TGT,400.63,-6590.689877233384
HD,230.75,13391.40711451182
BA,191.78,5463.960995771537
LMT,348.7,14333.431252997294
NOC,387.41,10636.869351224184
GD,192.07,5051.153731554023
RTX,137.29,-5280.763310431311
VZ,289.54,-19185.90669222745
T,451.12,-31169.96392235327
DIS,263.3,-2967.00385378708
NFLX,104.72,34535.10198941574
CMCSA,362.07,-20712.36354528735
AMD,428.41,-19942.71579698593
TSM,172.98,-4875.818631337038
INTC,109.12,-6245.580388860618
AVGO,109.49,-7672.385597927278
QCOM,386.58,-13500.486524514143
AAPL,321.73,-6928.835395140847
MSFT,238.1,7517.073802628518
GOOGL,397.27,-15935.312616193014
NVDA,459.6,-30392.130990667876
META,411.78,-2868.041529574167
JPM,202.89,-3464.328088449752
BAC,278.36,-18993.289436528154
WFC,416.71,-24208.86728302158
C,432.16,-25174.904076209008
GS,207.04,14452.288765770923
PG,106.78,4157.02253161037
KO,417.68,-23209.324970519043
PEP,419.42,-15342.304603360459
MO,416.25,-26340.084041224432
MNST,175.25,-12159.932690620471
JNJ,423.43,-13065.83681912438
PFE,141.97,-7558.34423475172
MRNA,135.79,4843.199949283487
LLY,198.24,10080.07640939147
UNH,231.5,29493.033905492386
XOM,307.56,-15938.205509485899
CVX,229.63,-6626.5331747955815
COP,315.04,-16123.840548015587
PSX,117.8,-5604.5579974550255
SLB,144.2,-11575.120218381146
TSLA,366.41,1141.0040791914184
F,332.78,-24146.272097933244
GM,249.69,-13674.933591840696
RIVN,414.28,-25202.35487422694
LCID,191.95,-13020.076448736556
AMZN,151.65,3260.560854358575
WMT,188.84,-12330.240978008527
COST,295.3,28413.317645499927
TGT,244.15,1200.2385912085597
HD,183.85,17237.4258167329
BA,301.46,-423.52654944748986
LMT,164.72,25118.856957622647
NOC,272.97,18853.508327721833
GD,391.97,-5967.007278777723
RTX,192.22,-9045.828605405275
VZ,139.6,-10299.132397852367
T,310.65,-21063.814666679104
DIS,110.53,5058.636728637166
NFLX,398.68,16223.320218301142
CMCSA,152.73,-10790.621471245193
AMD,126.59,-3152.2241486095986
TSM,385.91,-17684.74165541572
INTC,172.54,-9603.243793455333
AVGO,241.26,-13111.667355102481
QCOM,332.97,-12009.324937758256
AAPL,382.09,-12145.366301901557
MSFT,131.3,15994.084855711533
GOOGL,89.22,2077.013723778285
NVDA,205.07,-15387.659570887363
META,272.14,4104.320740063677
JPM,185.41,-998.4184219627019
BAC,89.39,-8352.371148312497
WFC,433.26,-26561.118718490492
C,335.04,-19329.66468432319
GS,226.37,13698.739481400033
PG,318.65,-10414.399224929914
KO,340.43,-19987.65967068195
PEP,398.56,-11293.538545019735
MO,249.14,-14493.42827749751
MNST,356.85,-20031.201423955703
JNJ,258.67,-4557.219597995856
PFE,326.15,-18991.35798302553
MRNA,167.96,3678.5216420033676
LLY,105.21,14851.662302287337
UNH,171.85,32764.248583757482
XOM,402.54,-20958.327000141948
CVX,295.02,-9493.602919524537
COP,223.63,-9362.368973772402
PSX,151.5,-8494.908952298672
SLB,263.13,-15726.673183181594
TSLA,390.72,675.4208244706473
F,186.05,-15716.694726646492
GM,322.64,-17570.41976464775
RIVN,327.99,-22148.61583020002
LCID,154.85,-11998.486456981502
AMZN,170.67,523.7333264834737
WMT,387.74,-22943.654175301814
COST,318.33,27019.317417108025
TGT,369.52,-6588.076848229057
HD,300.5,8771.061467097385
BA,131.83,11697.59951290099
LMT,406.24,11083.94688089011
NOC,379.39,13277.781550724738
GD,371.06,-7176.483661687218
RTX,119.9,-2292.1471940487277
VZ,323.41,-17554.60993561065
T,325.79,-24307.782265123777
DIS,106.55,4041.4663005706575
NFLX,148.56,33361.27283349671
CMCSA,90.62,-8041.239599730639
AMD,272.79,-10104.998435865798
TSM,160.2,-3848.7274964947883
INTC,424.8,-23475.895034014335
AVGO,400.54,-23695.91000106075
QCOM,258.39,-5384.591685489071
AAPL,403.86,-13788.378026031
MSFT,426.95,-2659.3577378908144
GOOGL,357.34,-13726.010634130109
NVDA,384.58,-24722.126725468373
META,203.44,9959.600253681712
JPM,207.98,-3838.6757792679655
BAC,444.44,-26238.346069013194
WFC,207.28,-11332.768286142298
C,212.55,-12556.165680721155
GS,155.11,18677.733579252646
PG,231.07,-4027.5454160768154
KO,205.35,-11218.113144478715
PEP,407.41,-13508.27581426368
MO,444.04,-27897.508839710474
MNST,111.21,-7077.88666310199
JNJ,220.74,-766.0358278265008
PFE,187.51,-13940.646760928203
MRNA,402.59,-11209.90284980208
LLY,151.02,12324.400444793448
UNH,346.22,21736.690042478218
XOM,114.07,-4588.050694818125
CVX,161.62,-3621.4757820697646
COP,346.13,-15717.059641904058
PSX,311.15,-16593.68233649069
SLB,339.72,-21742.23354225721
TSLA,102.89,16880.183431849215
F,452.36,-31235.771313959707
GM,391.88,-23368.15867589045
RIVN,411.85,-27865.21425706636
LCID,411.23,-26377.56439264245
AMZN,212.92,-209.94001128941693
WMT,140.16,-9069.460736497998
COST,275.17,29187.816103619134
TGT,239.44,2279.0137052496775
HD,361.71,7101.894037063299
BA,413.55,-6446.042216636277
LMT,332.72,15249.109758896595
NOC,71.48,31304.101624960153
GD,301.4,-1729.5214932844015
RTX,206.58,-8085.448385466458
VZ,148.52,-9614.832921475423
T,192.51,-14280.677663337376
DIS,287.98,-3683.383924142206
NFLX,212.29,29719.435270405585
CMCSA,95.51,-5598.738643659276
AMD,211.92,-7409.4234308923615
TSM,381.93,-16934.56610966238
INTC,312.89,-19086.420062564994
AVGO,388.73,-22080.34406812522
QCOM,229.53,-3824.1229272499363
AAPL,180.59,211.4043264314622
MSFT,207.64,12044.84693070241
GOOGL,338.07,-11208.029614151617
NVDA,279.09,-19213.321972352664
META,278.27,4740.904392912225
JPM,212.1,-3201.394421206768
BAC,289.01,-17293.249168066588
WFC,351.91,-22467.495800142184
C,344.11,-19786.993912082824
GS,103.77,21212.33935811811
PG,165.96,-1680.242269805297
KO,238.6,-13470.723353796822
PEP,303.83,-8337.334510022767
MO,104.64,-9147.580003803394
MNST,253.96,-16429.65376200435
JNJ,350.11,-9380.568735668961
PFE,273.02,-16766.219711927344
MRNA,208.56,390.4248072422355
LLY,342.33,1408.1632147576665
UNH,281.63,25810.276439463032
XOM,151.61,-6711.517865160922
CVX,153.31,-2324.2923648175615
COP,300.44,-15755.353689112899
PSX,358.93,-18730.943819974185
SLB,269.79,-16812.50668225398
TSLA,174.21,12240.794695472654
F,103.4,-11916.815782660067
GM,200.17,-12300.098530269768
RIVN,193.71,-14294.963046226027
LCID,289.58,-20141.918695260367
AMZN,362.46,-8141.2289369186265
WMT,188.49,-11977.624927147213
COST,223.17,29159.40516480579
TGT,393.96,-5891.204871159749
HD,286.1,10399.4061196676
BA,113.93,12291.043319401408
LMT,139.52,26715.144093336417
NOC,354.01,13029.697788586536
GD,309.64,-3736.6587211239103
RTX,200.86,-6240.691410374766
VZ,263.17,-14784.094194561565
T,135.04,-12804.57473108295
DIS,113.78,3897.5227633935915
NFLX,385.8,18268.66169121273
CMCSA,343.26,-20299.563290067912
AMD,322.6,-13204.004169271302
TSM,281.73,-10299.57087884371
INTC,191.64,-11724.227853461318
AVGO,108.09,-7054.911956458929
QCOM,121.73,273.5464987265444
AAPL,403.33,-14286.31938104779
MSFT,215.97,9550.4043219687
GOOGL,182.37,-3308.2117241034434
NVDA,146.19,-10760.721411520613
META,350.58,1426.9439441940385
JPM,256.33,-5718.200183090776
BAC,335.42,-19904.19367404393
WFC,152.81,-8832.550913694191
C,440.45,-23372.239040405602
GS,216.3,14640.854468721049
PG,207.22,-3414.075243993689
KO,123.68,-8111.263031851038
PEP,298.83,-8729.701729743882
MO,201.13,-12655.916623553681
MNST,124.78,-7834.330738227058
JNJ,426.03,-13380.212495805412
PFE,409.63,-23935.836834934955
MRNA,377.19,-9690.733910453191
LLY,103.22,13786.93289938746
UNH,260.38,25597.938810227697
XOM,363.91,-18952.634915546874
CVX,106.86,3248.242251987618
COP,405.83,-21912.538122979164
PSX,193.46,-10011.231507711338
SLB,393.1,-23502.20533156372
TSLA,271.93,7330.325563025084
F,338.22,-23333.816485959713
GM,167.13,-10945.87396695843
RIVN,383.6,-23122.047005439348
LCID,143.73,-12159.930950447926
AMZN,367.94,-10189.101798952937
WMT,340.95,-19870.502418346052
COST,390.75,22761.313058436746
TGT,136.92,9579.633658453766
HD,449.4,1139.6155818575385
BA,290.78,2240.480432837105
LMT,399.38,12092.571374342495
NOC,188.3,23315.725164926476
GD,178.49,3790.8952425919083
RTX,162.05,-6043.982969169451
VZ,406.13,-23605.934888108357
T,380.26,-25503.127856805535
DIS,347.34,-9583.070195917511
NFLX,412.49,18859.694473728192
CMCSA,434.18,-25192.368549876883
AMD,121.44,-730.0390346541882
TSM,315.18,-12094.613527932304
INTC,348.43,-21130.10672053419
AVGO,332.22,-18332.95176562818
QCOM,256.79,-5958.1402896878835
AAPL,96.15,5699.055839786911
MSFT,393.05,1085.6315695484063
GOOGL,439.06,-16578.964080198857
NVDA,289.5,-21495.442058317392
META,329.04,1974.138136895242
JPM,191.0,-3510.409088956932
BAC,279.88,-18705.42804918277
WFC,206.23,-13242.120286966614
C,356.05,-20425.22284765858
GS,428.44,2088.3795221734576
PG,359.6,-12260.452468868038
KO,232.83,-11907.349642875373
PEP,367.79,-11508.051324196176
MO,371.24,-23159.212268859734
MNST,302.1,-19538.52663898926
JNJ,193.1,173.03021267459224
PFE,402.36,-24046.099356746116
MRNA,255.6,-2079.348906826551
LLY,172.43,11202.379574524344
UNH,419.52,17231.2655795472
XOM,151.36,-7654.4268003114685
CVX,161.61,-1724.5273987917344
COP,412.39,-20529.57587044887
PSX,232.42,-9815.560615683242
SLB,323.53,-21321.463623624528
TSLA,259.03,7897.076092176887
F,271.28,-20970.39364737376
GM,301.15,-16643.84801396865
RIVN,129.31,-11150.111232437954
LCID,419.84,-27406.56690369242
AMZN,313.4,-6410.7798042297445
WMT,412.49,-23923.19726404215
COST,124.1,36666.38635685631
TGT,219.38,998.8058087612548
HD,329.07,7996.845918969455
BA,324.03,-373.04148497202925
LMT,185.94,24025.660647213994
NOC,222.58,22268.214627595233
GD,82.33,11153.687247909953
RTX,394.44,-19593.76712677049
VZ,396.61,-22708.749335075096
T,404.93,-28757.600583564737
DIS,90.69,6700.127380131536
NFLX,330.03,21669.71536899792
CMCSA,161.31,-10558.930222427569
AMD,373.98,-17038.077517758455
TSM,229.57,-7721.089222328433
INTC,336.73,-19933.80647275871
AVGO,254.45,-14090.558961273726
QCOM,346.02,-9768.345652551729
AAPL,355.95,-9682.881097317973
MSFT,441.32,-1110.9200798136344
GOOGL,406.88,-13990.261236203647
NVDA,181.84,-13643.191092145262
META,260.13,6698.382428590526
JPM,341.5,-11139.257846425719
BAC,439.63,-27311.467929062528
WFC,408.41,-23796.447188303973
C,179.96,-8912.299392899504
GS,450.92,2796.7555837048544
PG,169.23,-1357.515650088937
KO,331.84,-19774.6423805855
PEP,415.72,-15455.186838168493
MO,251.97,-14447.69340654318
MNST,237.55,-12638.94582641414
JNJ,185.75,-1652.933673947427
PFE,247.82,-14269.198152541154
MRNA,215.89,-1376.0933605536184
LLY,102.0,14192.873834084357
UNH,204.54,29225.842154857342
XOM,356.4,-17915.93558121857
CVX,336.56,-11584.577298843085
COP,239.12,-12161.066016074541
PSX,261.62,-11759.87602810168
SLB,254.66,-16995.474353688147
TSLA,393.71,-1191.2522711705901
F,253.28,-19068.754467399416
GM,369.55,-21670.77374699254
RIVN,241.64,-15505.555619615854
LCID,257.14,-16908.183443971913
AMZN,222.82,-1350.6093867958543
WMT,349.74,-19413.56505868021
COST,390.49,21419.367615638675
TGT,397.74,-6870.736018355101
HD,178.79,15413.82703687444
BA,442.02,-8280.065151524028
LMT,276.21,18458.71822148484
NOC,411.75,12208.986243240775
GD,347.96,-6136.464015208925
RTX,442.2,-22426.0094237713
VZ,142.51,-9830.267187621897
T,273.77,-20761.931898295657
DIS,308.7,-7689.516700906543
NFLX,221.52,27049.870932124468
CMCSA,366.37,-20292.09870169721
AMD,232.33,-8967.85857386253
TSM,170.4,-2876.0481535402037
INTC,106.5,-8273.500162103182
AVGO,277.7,-16558.08954341275
QCOM,151.55,485.1874465507957
AAPL,299.96,-6987.998650635045
MSFT,293.86,7531.714419295669
GOOGL,145.75,-1248.9435062454359
NVDA,311.79,-21077.3057349335
META,362.65,215.94109566706663
JPM,201.88,-1935.1463231321882
BAC,208.0,-13905.163811910674
WFC,94.75,-4971.886549371217
C,307.72,-18160.92673697629
GS,115.44,21042.9248711182
PG,214.84,-2382.418567036923
KO,225.45,-14296.87835383689
PEP,205.11,-2068.492034100044
MO,245.51,-16568.796514185924
MNST,278.56,-18034.212970216216
JNJ,278.78,-4488.985712214762
PFE,215.39,-12904.916029134029
MRNA,236.75,-435.82521316869395
LLY,338.39,1019.930684757482
UNH,226.99,27265.757365404013
XOM,327.56,-16513.268495597807
CVX,326.93,-12650.943053047724
COP,374.53,-20608.934965528435
PSX,373.34,-19061.467676021435
SLB,303.43,-18198.295917923984
TSLA,403.86,-1817.2602723933333
F,262.64,-19474.90524742215
GM,242.93,-14404.99849420259
RIVN,343.77,-22132.17436119379
LCID,430.76,-28290.67029988471
AMZN,267.23,-4256.474884359612
WMT,290.25,-16775.26540357482
COST,411.61,19281.80924861961
TGT,149.29,5677.677288713854
HD,351.07,5204.368439313343
BA,368.23,-4706.803460210958
LMT,178.7,22073.44628245668
NOC,155.33,24351.554866431918
GD,371.2,-4230.139393423868
RTX,103.72,-2928.984002846031
VZ,282.85,-17180.467207826103
T,254.98,-19152.93333812665
DIS,162.28,1940.1245739578794
NFLX,280.42,26006.808798026785
CMCSA,315.28,-18786.212367214335
AMD,148.76,-4731.801171200185
TSM,403.64,-18200.70759753602
INTC,329.46,-19208.824454016296
AVGO,292.52,-18204.27911635912
QCOM,161.23,672.6394500523851
AAPL,132.16,2541.49845045371
MSFT,333.82,4083.76202740883
GOOGL,147.56,-838.8105549847252
NVDA,357.67,-23030.088045397926
META,352.3,2174.7526111726315
JPM,416.89,-14736.383549369535
BAC,319.49,-21465.569528990556
WFC,261.23,-14935.417284201763
C,436.64,-25011.266337777222
GS,442.43,2025.607526950771
PG,352.62,-11969.7432855786
KO,266.47,-15001.473120214841
PEP,349.78,-9461.546185485813
MO,112.69,-7306.242347542631
MNST,289.65,-16382.699422092644
JNJ,205.4,319.9640986001449
PFE,146.83,-8733.24900794131
MRNA,136.5,4585.827648584296
LLY,184.54,10220.35589473963
UNH,337.25,22447.336552135643
XOM,143.71,-7565.818122844843
CVX,304.55,-8843.0738646278
COP,337.2,-17646.989570075428
PSX,252.26,-13135.679352026831
SLB,246.88,-17190.6625868467
TSLA,189.98,10770.882190595727
F,194.11,-14340.662811476574
GM,224.67,-12003.944167343225
RIVN,149.88,-12700.729896865314
LCID,276.91,-17353.652373168068
AMZN,335.11,-6856.422700395591
WMT,229.89,-12309.326109295704
COST,188.91,31444.41050350297
TGT,311.01,-1357.1158159116267
HD,245.29,13095.369617419656
BA,301.54,-16.890682661299365
LMT,131.77,26908.07411450501
NOC,243.63,20268.20216735406
GD,411.32,-8027.395701829808
RTX,236.86,-11010.915422024691
VZ,105.16,-7765.285833242942
T,136.74,-12401.155088414253
DIS,249.15,-1133.7998659201025
NFLX,104.63,34050.31327511087
CMCSA,269.31,-17521.495254719957
AMD,279.08,-13014.623291768818
TSM,183.07,-4664.022858074866
INTC,355.74,-20034.556152744175
AVGO,303.74,-17328.101797383977
QCOM,282.67,-6044.719301601528
AAPL,319.24,-7760.160791067848
MSFT,399.25,611.6467977312521
GOOGL,273.88,-8849.319092300815
NVDA,397.33,-27359.92579230307
META,269.58,4779.3522219326205
JPM,123.44,723.3657427162792
BAC,203.2,-12564.774919118181
WFC,409.08,-24818.405775126503
C,254.28,-12498.332355623863
GS,334.7,9880.700626349499
PG,120.46,2171.4930669513647
KO,289.86,-16125.648642365066
PEP,400.94,-12731.068078606504
MO,395.03,-23652.879311800236
MNST,195.91,-13703.974035609039
JNJ,228.94,-1390.5475510114702
PFE,182.77,-10565.718678475616
MRNA,188.42,2839.392345196749
LLY,242.15,5380.167743635438
UNH,351.59,22139.543110529623
XOM,379.86,-19582.95604237162
CVX,329.46,-9966.379348373257
COP,322.74,-16358.72391935791
PSX,180.69,-10143.186714035639
SLB,252.74,-16651.461955142015
TSLA,119.2,16571.196601305575
F,166.75,-14646.507461315075
GM,392.01,-24241.066506006504
RIVN,325.11,-21121.529172078725
LCID,237.57,-15835.768087440245
AMZN,289.15,-4857.751058785916
WMT,217.84,-14089.70423880442
COST,354.15,23089.921017831733
TGT,303.19,-234.49708464976186
HD,326.14,6990.639004532848
BA,425.8,-8106.788789144784
LMT,228.35,19845.694092164038
NOC,81.96,27611.19668601904
GD,434.19,-8041.160180515949
RTX,176.16,-5040.248296791066
VZ,353.37,-22724.78340477278
T,336.04,-22102.856814718543
DIS,406.86,-11438.218505941488
NFLX,147.09,31238.439122973567
CMCSA,161.48,-10476.370975227072
AMD,269.7,-10757.678884415885
TSM,336.09,-12649.951857506934
INTC,350.57,-19730.589502103157
AVGO,408.65,-22518.5068988286
QCOM,123.49,2455.6953530261626
AAPL,267.44,-5059.806761129777
MSFT,384.72,1110.8874143013613
GOOGL,137.73,242.52158448499938
NVDA,351.04,-22646.430646431032
META,327.98,1775.132627918129
JPM,267.33,-7785.155389391137
BAC,117.92,-8339.481723266896
WFC,407.81,-24822.265097144795
C,423.0,-22652.690506814608
GS,308.08,9388.737018392638
PG,98.37,4313.9903062674275
KO,366.41,-20018.291249104772
PEP,232.91,-3848.821135104376
MO,244.84,-14606.498919778547
MNST,176.89,-12523.590375712325
JNJ,135.85,1785.7252924779036
PFE,261.53,-17313.496337699784
MRNA,275.79,-4650.329676138328
LLY,255.4,5788.902119747652
UNH,344.63,22782.094522429703
XOM,409.19,-22632.82701573826
CVX,415.74,-14522.223894951296
COP,177.14,-7453.194582128985
PSX,226.59,-12981.913389235538
SLB,350.26,-20840.92609047048
TSLA,205.86,11079.410871860486
F,339.94,-23715.270902160748
GM,336.26,-18538.00829842063
RIVN,342.15,-21673.43177718985
LCID,358.34,-22081.494844871293
AMZN,173.36,1752.17333892224
WMT,203.7,-12640.642337187626
COST,159.59,34159.018766921356
TGT,299.6,-2355.0307863536977
HD,288.47,9078.27670848666
BA,319.18,298.073799637977
LMT,318.43,16252.694146099913
NOC,257.66,19096.056613680263
GD,147.03,5034.9190003149515
RTX,208.05,-8627.489149710414
VZ,150.21,-7871.553148731443
T,163.24,-14605.55504448884
DIS,346.53,-10205.173274529958
NFLX,333.73,21377.383961260075
CMCSA,431.98,-24960.43362673375
AMD,392.94,-16265.616298738829
TSM,275.29,-8173.406238705077
INTC,71.5,-5023.458860624562
AVGO,221.94,-11334.642776344066
QCOM,168.56,0.3920558145649693
