Stock,Date,Closing Price
AAPL,2021-03-22,118.5725555419922
AAPL,2021-03-29,120.3236083984375
AAPL,2021-04-05,130.1060028076172
AAPL,2021-04-12,131.24075317382812
AAPL,2021-04-19,131.3973388671875
AAPL,2021-04-26,128.5994873046875
AAPL,2021-05-03,127.37671661376952
AAPL,2021-05-10,124.88853454589844
AAPL,2021-05-17,122.9091339111328
AAPL,2021-05-24,122.10563659667967
AAPL,2021-05-31,123.35989379882812
AAPL,2021-06-07,124.79056549072266
AAPL,2021-06-14,127.83805847167967
AAPL,2021-06-21,130.4347686767578
AAPL,2021-06-28,137.1471405029297
AAPL,2021-07-05,142.19361877441406
AAPL,2021-07-12,143.44786071777344
AAPL,2021-07-19,145.57431030273438
AAPL,2021-07-26,142.9285430908203
AAPL,2021-08-02,143.2029266357422
AAPL,2021-08-09,146.3223419189453
AAPL,2021-08-16,145.42926025390625
AAPL,2021-08-23,145.83163452148438
AAPL,2021-08-30,151.42547607421875
AAPL,2021-09-06,146.19476318359375
AAPL,2021-09-13,143.3389434814453
AAPL,2021-09-20,144.18292236328125
AAPL,2021-09-27,139.9925079345703
AAPL,2021-10-04,140.2378387451172
AAPL,2021-10-11,142.14170837402344
AAPL,2021-10-18,145.91995239257812
AAPL,2021-10-25,147.00930786132812
AAPL,2021-11-01,148.4617156982422
AAPL,2021-11-08,147.41058349609375
AAPL,2021-11-15,157.78895568847656
AAPL,2021-11-22,154.11329650878906
AAPL,2021-11-29,159.05679321289062
AAPL,2021-12-06,176.36395263671875
AAPL,2021-12-13,168.1968536376953
AAPL,2021-12-20,173.2484588623047
AAPL,2021-12-27,174.5162811279297
AAPL,2022-01-03,169.2091522216797
AAPL,2022-01-10,170.0936737060547
AAPL,2022-01-17,159.61697387695312
AAPL,2022-01-24,167.40078735351562
AAPL,2022-01-31,169.42538452148438
AAPL,2022-02-07,165.95098876953125
AAPL,2022-02-14,164.6324005126953
AAPL,2022-02-21,162.221435546875
AAPL,2022-02-28,160.5682373046875
AAPL,2022-03-07,152.2628173828125
AAPL,2022-03-14,161.36532592773438
AMD,2021-03-22,77.41000366210938
AMD,2021-03-29,81.08999633789062
AMD,2021-04-05,82.76000213623047
AMD,2021-04-12,82.1500015258789
AMD,2021-04-19,82.76000213623047
AMD,2021-04-26,81.62000274658203
AMD,2021-05-03,78.80999755859375
AMD,2021-05-10,74.58999633789062
AMD,2021-05-17,77.16999816894531
AMD,2021-05-24,80.08000183105469
AMD,2021-05-31,81.58000183105469
AMD,2021-06-07,81.30999755859375
AMD,2021-06-14,84.6500015258789
AMD,2021-06-21,85.62000274658203
AMD,2021-06-28,94.6999969482422
AMD,2021-07-05,90.9000015258789
AMD,2021-07-12,85.88999938964844
AMD,2021-07-19,92.1500015258789
AMD,2021-07-26,106.19000244140624
AMD,2021-08-02,110.11000061035156
AMD,2021-08-09,110.5500030517578
AMD,2021-08-16,104.6500015258789
AMD,2021-08-23,111.4000015258789
AMD,2021-08-30,109.91999816894533
AMD,2021-09-06,105.1999969482422
AMD,2021-09-13,103.87999725341795
AMD,2021-09-20,105.8000030517578
AMD,2021-09-27,102.4499969482422
AMD,2021-10-04,105.05999755859376
AMD,2021-10-11,112.12000274658205
AMD,2021-10-18,119.81999969482422
AMD,2021-10-25,120.2300033569336
AMD,2021-11-01,136.33999633789062
AMD,2021-11-08,147.88999938964844
AMD,2021-11-15,155.41000366210938
AMD,2021-11-22,154.80999755859375
AMD,2021-11-29,144.00999450683594
AMD,2021-12-06,138.5500030517578
AMD,2021-12-13,137.75
AMD,2021-12-20,146.13999938964844
AMD,2021-12-27,143.89999389648438
AMD,2022-01-03,132.0
AMD,2022-01-10,136.8800048828125
AMD,2022-01-17,118.80999755859376
AMD,2022-01-24,105.23999786376952
AMD,2022-01-31,123.5999984741211
AMD,2022-02-07,113.18000030517578
AMD,2022-02-14,113.83000183105467
AMD,2022-02-21,121.05999755859376
AMD,2022-02-28,108.41000366210938
AMD,2022-03-07,104.29000091552734
AMD,2022-03-14,113.45999908447266
AMZN,2021-03-22,152.60150146484375
AMZN,2021-03-29,158.0500030517578
AMZN,2021-04-05,168.61000061035156
AMZN,2021-04-12,169.9720001220703
AMZN,2021-04-19,167.04400634765625
AMZN,2021-04-26,173.37100219726562
AMZN,2021-05-03,164.58050537109375
AMZN,2021-05-10,161.14500427246094
AMZN,2021-05-17,160.1540069580078
AMZN,2021-05-24,161.15350341796875
AMZN,2021-05-31,160.31100463867188
AMZN,2021-06-07,167.3415069580078
AMZN,2021-06-14,174.34500122070312
AMZN,2021-06-21,170.072998046875
AMZN,2021-06-28,175.5489959716797
AMZN,2021-07-05,185.9669952392578
AMZN,2021-07-12,178.68150329589844
AMZN,2021-07-19,182.83200073242188
AMZN,2021-07-26,166.37950134277344
AMZN,2021-08-02,167.2469940185547
AMZN,2021-08-09,164.69850158691406
AMZN,2021-08-16,159.99749755859375
AMZN,2021-08-23,167.48150634765625
AMZN,2021-08-30,173.90249633789062
AMZN,2021-09-06,173.45750427246094
AMZN,2021-09-13,173.12600708007812
AMZN,2021-09-20,171.2760009765625
AMZN,2021-09-27,164.16299438476562
AMZN,2021-10-04,164.43099975585938
AMZN,2021-10-11,170.4510040283203
AMZN,2021-10-18,166.77749633789062
AMZN,2021-10-25,168.6215057373047
AMZN,2021-11-01,175.94949340820312
AMZN,2021-11-08,176.25750732421875
AMZN,2021-11-15,183.82850646972656
AMZN,2021-11-22,175.22799682617188
AMZN,2021-11-29,169.489501953125
AMZN,2021-12-06,172.21200561523438
AMZN,2021-12-13,170.0175018310547
AMZN,2021-12-20,171.06849670410156
AMZN,2021-12-27,166.7169952392578
AMZN,2022-01-03,162.5540008544922
AMZN,2022-01-10,162.13800048828125
AMZN,2022-01-17,142.64300537109375
AMZN,2022-01-24,143.97799682617188
AMZN,2022-01-31,157.63949584960938
AMZN,2022-02-07,153.2935028076172
AMZN,2022-02-14,152.60150146484375
AMZN,2022-02-21,153.7884979248047
AMZN,2022-02-28,145.64100646972656
AMZN,2022-03-07,145.52450561523438
AMZN,2022-03-14,161.25050354003906
AVGO,2021-03-22,43.96553421020508
AVGO,2021-03-29,43.41007614135742
AVGO,2021-04-05,44.24370956420898
AVGO,2021-04-12,43.66911315917969
AVGO,2021-04-19,42.51442337036133
AVGO,2021-04-26,41.60873794555664
AVGO,2021-05-03,41.278564453125
AVGO,2021-05-10,40.2789421081543
AVGO,2021-05-17,41.156349182128906
AVGO,2021-05-24,43.07990264892578
AVGO,2021-05-31,43.32343292236328
AVGO,2021-06-07,42.93124008178711
AVGO,2021-06-14,42.2745475769043
AVGO,2021-06-21,42.15597915649414
AVGO,2021-06-28,43.03473281860352
AVGO,2021-07-05,44.138710021972656
AVGO,2021-07-12,43.02554702758789
AVGO,2021-07-19,44.41171646118164
AVGO,2021-07-26,44.6185417175293
AVGO,2021-08-02,44.62129211425781
AVGO,2021-08-09,44.68839645385742
AVGO,2021-08-16,43.67818069458008
AVGO,2021-08-23,45.58739471435547
AVGO,2021-08-30,45.74733352661133
AVGO,2021-09-06,45.79052734375
AVGO,2021-09-13,46.51210784912109
AVGO,2021-09-20,46.41283798217773
AVGO,2021-09-27,45.1260986328125
AVGO,2021-10-04,45.63536834716797
AVGO,2021-10-11,46.59835433959961
AVGO,2021-10-18,47.72431182861328
AVGO,2021-10-25,49.22990036010742
AVGO,2021-11-01,51.75310897827149
AVGO,2021-11-08,52.15126037597656
AVGO,2021-11-15,52.66054153442383
AVGO,2021-11-22,50.61140823364258
AVGO,2021-11-29,51.67903137207031
AVGO,2021-12-06,58.49030303955078
AVGO,2021-12-13,58.79402542114258
AVGO,2021-12-20,61.55704498291016
AVGO,2021-12-27,62.00767517089844
AVGO,2022-01-03,57.69683837890625
AVGO,2022-01-10,55.57402420043945
AVGO,2022-01-17,49.690189361572266
AVGO,2022-01-24,52.194129943847656
AVGO,2022-01-31,54.99533462524414
AVGO,2022-02-07,53.43538284301758
AVGO,2022-02-14,54.04762268066406
AVGO,2022-02-21,54.79498672485352
AVGO,2022-02-28,55.53861618041992
AVGO,2022-03-07,53.84819793701172
AVGO,2022-03-14,56.88237380981445
BA,2021-03-22,244.8699951171875
BA,2021-03-29,252.9600067138672
BA,2021-04-05,252.3600006103516
BA,2021-04-12,248.17999267578125
BA,2021-04-19,238.3800048828125
BA,2021-04-26,234.30999755859372
BA,2021-05-03,235.47000122070312
BA,2021-05-10,228.47000122070312
BA,2021-05-17,234.82000732421875
BA,2021-05-24,247.0200042724609
BA,2021-05-31,249.9199981689453
BA,2021-06-07,247.27999877929688
BA,2021-06-14,237.3500061035156
BA,2021-06-21,248.3800048828125
BA,2021-06-28,236.67999267578125
BA,2021-07-05,239.58999633789065
BA,2021-07-12,217.7400054931641
BA,2021-07-19,221.5200042724609
BA,2021-07-26,226.47999572753903
BA,2021-08-02,231.3300018310547
BA,2021-08-09,234.4600067138672
BA,2021-08-16,212.6699981689453
BA,2021-08-23,221.75
BA,2021-08-30,218.1699981689453
BA,2021-09-06,210.3000030517578
BA,2021-09-13,213.3600006103516
BA,2021-09-20,221.38999938964844
BA,2021-09-27,226.0
BA,2021-10-04,226.38999938964844
BA,2021-10-11,217.0399932861328
BA,2021-10-18,212.97000122070312
BA,2021-10-25,207.02999877929688
BA,2021-11-01,224.4600067138672
BA,2021-11-08,220.9600067138672
BA,2021-11-15,214.1300048828125
BA,2021-11-22,199.2100067138672
BA,2021-11-29,198.4900054931641
BA,2021-12-06,205.05999755859372
BA,2021-12-13,192.6300048828125
BA,2021-12-20,204.22000122070312
BA,2021-12-27,201.32000732421875
BA,2022-01-03,215.5
BA,2022-01-10,225.9600067138672
BA,2022-01-17,205.44000244140625
BA,2022-01-24,190.57000732421875
BA,2022-01-31,206.4499969482422
BA,2022-02-07,212.3000030517578
BA,2022-02-14,209.02999877929688
BA,2022-02-21,201.47999572753903
BA,2022-02-28,180.83999633789065
BA,2022-03-07,176.22999572753906
BA,2022-03-14,192.8300018310547
BAC,2021-03-22,35.026695251464844
BAC,2021-03-29,35.760196685791016
BAC,2021-04-05,36.21296310424805
BAC,2021-04-12,35.452301025390625
BAC,2021-04-19,35.47947692871094
BAC,2021-04-26,36.70195770263672
BAC,2021-05-03,38.19611740112305
BAC,2021-05-10,38.35911560058594
BAC,2021-05-17,38.39534759521485
BAC,2021-05-24,38.38628768920898
BAC,2021-05-31,39.18317031860352
BAC,2021-06-07,38.06591033935547
BAC,2021-06-14,35.265071868896484
BAC,2021-06-21,37.84766006469727
BAC,2021-06-28,37.42026901245117
BAC,2021-07-05,36.4108772277832
BAC,2021-07-12,34.4830207824707
BAC,2021-07-19,34.282962799072266
BAC,2021-07-26,34.883148193359375
BAC,2021-08-02,36.51090240478516
BAC,2021-08-09,37.85675811767578
BAC,2021-08-16,36.71096420288086
BAC,2021-08-23,38.6388053894043
BAC,2021-08-30,37.329322814941406
BAC,2021-09-06,36.80768585205078
BAC,2021-09-13,37.01791000366211
BAC,2021-09-20,38.51691055297852
BAC,2021-09-27,39.3760871887207
BAC,2021-10-04,40.52775192260742
BAC,2021-10-11,42.38322448730469
BAC,2021-10-18,43.48004531860352
BAC,2021-10-25,43.67200469970703
BAC,2021-11-01,42.931636810302734
BAC,2021-11-08,42.876800537109375
BAC,2021-11-15,41.49662399291992
BAC,2021-11-22,41.82566452026367
BAC,2021-11-29,40.0981674194336
BAC,2021-12-06,40.88814163208008
BAC,2021-12-13,40.30035018920898
BAC,2021-12-20,40.79629135131836
BAC,2021-12-27,40.86058807373047
BAC,2022-01-03,45.16797637939453
BAC,2022-01-10,44.001590728759766
BAC,2022-01-17,41.25550842285156
BAC,2022-01-24,42.12800598144531
BAC,2022-01-31,44.341407775878906
BAC,2022-02-07,44.01076889038086
BAC,2022-02-14,42.21066284179688
BAC,2022-02-21,41.34735107421875
BAC,2022-02-28,37.609375
BAC,2022-03-07,37.2210578918457
BAC,2022-03-14,39.59293746948242
C,2021-03-22,62.873321533203125
C,2021-03-29,62.97664260864258
C,2021-04-05,62.35668182373047
C,2021-04-12,62.38252258300781
C,2021-04-19,61.46120071411133
C,2021-04-26,61.34065628051758
C,2021-05-03,65.09667205810547
C,2021-05-10,66.37986755371094
C,2021-05-17,67.32493591308594
C,2021-05-24,68.2439956665039
C,2021-05-31,68.92027282714844
C,2021-06-07,66.31051635742188
C,2021-06-14,58.61994171142578
C,2021-06-21,62.03606033325195
C,2021-06-28,61.047637939453125
C,2021-07-05,59.34825134277344
C,2021-07-12,58.00435256958008
C,2021-07-19,57.83961868286133
C,2021-07-26,58.62862777709961
C,2021-08-02,62.07999038696289
C,2021-08-09,63.86195373535156
C,2021-08-16,61.36372375488281
C,2021-08-23,63.75712203979492
C,2021-08-30,62.16733932495117
C,2021-09-06,60.76974105834961
C,2021-09-13,61.11042022705078
C,2021-09-20,62.17607879638672
C,2021-09-27,62.17607879638672
C,2021-10-04,63.198089599609375
C,2021-10-11,63.14568328857422
C,2021-10-18,62.34206008911133
C,2021-10-25,60.411598205566406
C,2021-11-01,58.940185546875
C,2021-11-08,60.84943008422852
C,2021-11-15,58.368289947509766
C,2021-11-22,57.62922668457031
C,2021-11-29,55.21847152709961
C,2021-12-06,53.41482162475586
C,2021-12-13,52.38541412353516
C,2021-12-20,52.97489929199219
C,2021-12-27,53.133262634277344
C,2022-01-03,57.875587463378906
C,2022-01-10,58.88739776611328
C,2022-01-17,55.66719818115234
C,2022-01-24,56.91657257080078
C,2022-01-31,58.139530181884766
C,2022-02-07,59.54630279541016
C,2022-02-14,56.87714385986328
C,2022-02-21,54.96171951293945
C,2022-02-28,50.18206405639648
C,2022-03-07,48.0272216796875
C,2022-03-14,50.85599899291992
CMCSA,2021-03-22,49.16661834716797
CMCSA,2021-03-29,48.78347396850586
CMCSA,2021-04-05,47.73207092285156
CMCSA,2021-04-12,49.32929229736328
CMCSA,2021-04-19,48.684814453125
CMCSA,2021-04-26,50.26018905639648
CMCSA,2021-05-03,52.01460647583008
CMCSA,2021-05-10,52.52482223510742
CMCSA,2021-05-17,49.30243682861328
CMCSA,2021-05-24,51.32537841796875
CMCSA,2021-05-31,51.02104187011719
CMCSA,2021-06-07,50.91362380981445
CMCSA,2021-06-14,50.761451721191406
CMCSA,2021-06-21,50.50187301635742
CMCSA,2021-06-28,52.29208755493164
CMCSA,2021-07-05,51.942996978759766
CMCSA,2021-07-12,51.73473739624024
CMCSA,2021-07-19,52.46289443969727
CMCSA,2021-07-26,52.885398864746094
CMCSA,2021-08-02,52.759544372558594
CMCSA,2021-08-09,53.32588577270508
CMCSA,2021-08-16,53.40679550170898
CMCSA,2021-08-23,53.39780426025391
CMCSA,2021-08-30,55.48337173461914
CMCSA,2021-09-06,53.307899475097656
CMCSA,2021-09-13,51.33919525146485
CMCSA,2021-09-20,50.55711364746094
CMCSA,2021-09-27,51.42910003662109
CMCSA,2021-10-04,49.17272186279297
CMCSA,2021-10-11,48.77618789672852
CMCSA,2021-10-18,48.95677947998047
CMCSA,2021-10-25,46.43760681152344
CMCSA,2021-11-01,48.6678466796875
CMCSA,2021-11-08,48.306671142578125
CMCSA,2021-11-15,46.87101745605469
CMCSA,2021-11-22,46.13964080810547
CMCSA,2021-11-29,46.75363540649414
CMCSA,2021-12-06,43.74688720703125
CMCSA,2021-12-13,44.01776123046875
CMCSA,2021-12-20,45.17350387573242
CMCSA,2021-12-27,45.44439315795898
CMCSA,2022-01-03,45.19157028198242
CMCSA,2022-01-10,46.89440155029297
CMCSA,2022-01-17,45.12495803833008
CMCSA,2022-01-24,45.11589050292969
CMCSA,2022-01-31,44.76201248168945
CMCSA,2022-02-07,43.21035385131836
CMCSA,2022-02-14,42.32110595703125
CMCSA,2022-02-21,42.71128082275391
CMCSA,2022-02-28,42.838321685791016
CMCSA,2022-03-07,40.85111618041992
CMCSA,2022-03-14,42.56609725952149
COP,2021-03-22,47.612300872802734
COP,2021-03-29,46.72994995117188
COP,2021-04-05,44.31646347045898
COP,2021-04-12,44.19535827636719
COP,2021-04-19,43.01023864746094
COP,2021-04-26,44.23860168457031
COP,2021-05-03,49.394290924072266
COP,2021-05-10,48.8925666809082
COP,2021-05-17,48.51457214355469
COP,2021-05-24,48.593040466308594
COP,2021-05-31,52.17604446411133
COP,2021-06-07,52.28066635131836
COP,2021-06-14,50.15351486206055
COP,2021-06-21,53.44886016845703
COP,2021-06-28,54.70421600341797
COP,2021-07-05,52.4201545715332
COP,2021-07-12,48.3838005065918
COP,2021-07-19,48.24431991577149
COP,2021-07-26,49.24566268920898
COP,2021-08-02,49.6321907043457
COP,2021-08-09,49.16660690307617
COP,2021-08-16,46.3555793762207
COP,2021-08-23,49.843021392822266
COP,2021-08-30,49.40378189086914
COP,2021-09-06,48.955787658691406
COP,2021-09-13,51.75802230834961
COP,2021-09-20,57.11653518676758
COP,2021-09-27,61.57903289794922
COP,2021-10-04,65.81317138671875
COP,2021-10-11,65.12796783447266
COP,2021-10-18,66.51591491699219
COP,2021-10-25,65.43541717529297
COP,2021-11-01,66.6769027709961
COP,2021-11-08,63.94619369506836
COP,2021-11-15,61.515960693359375
COP,2021-11-22,63.16853332519531
COP,2021-11-29,62.84156799316406
COP,2021-12-06,64.94480895996094
COP,2021-12-13,60.63223648071289
COP,2021-12-20,62.91225051879883
COP,2021-12-27,63.7871322631836
COP,2022-01-03,71.46115112304688
COP,2022-01-10,76.8667984008789
COP,2022-01-17,73.30440521240234
COP,2022-01-24,79.06454467773438
COP,2022-01-31,81.41291046142578
COP,2022-02-07,82.8750991821289
COP,2022-02-14,79.82740783691406
COP,2022-02-21,81.28803253173828
COP,2022-02-28,89.3037338256836
COP,2022-03-07,87.64715576171875
COP,2022-03-14,88.70700073242188
COST,2021-03-22,335.1015014648437
COST,2021-03-29,337.8811340332031
COST,2021-04-05,345.753662109375
COST,2021-04-12,352.9027709960937
COST,2021-04-19,355.3396301269531
COST,2021-04-26,354.2068786621094
COST,2021-05-03,366.6327209472656
COST,2021-05-10,366.7281799316406
COST,2021-05-17,363.1984558105469
COST,2021-05-24,360.8611755371094
COST,2021-05-31,369.6854553222656
COST,2021-06-07,364.25732421875
COST,2021-06-14,363.35107421875
COST,2021-06-21,376.3537902832031
COST,2021-06-28,380.5799255371094
COST,2021-07-05,393.3918151855469
COST,2021-07-12,391.48388671875
COST,2021-07-19,403.9428405761719
COST,2021-07-26,409.943359375
COST,2021-08-02,420.1834411621094
COST,2021-08-09,428.0112609863281
COST,2021-08-16,438.6870727539063
COST,2021-08-23,430.419677734375
COST,2021-08-30,442.0896606445313
COST,2021-09-06,444.5841674804688
COST,2021-09-13,439.18408203125
COST,2021-09-20,447.0595703125
COST,2021-09-27,428.4986267089844
COST,2021-10-04,431.8629455566406
COST,2021-10-11,432.3790893554688
COST,2021-10-18,460.6696472167969
COST,2021-10-25,469.79730224609375
COST,2021-11-01,491.2160339355469
COST,2021-11-08,495.0932312011719
COST,2021-11-15,511.0037841796875
COST,2021-11-22,522.8170776367188
COST,2021-11-29,506.3511352539063
COST,2021-12-06,534.96533203125
COST,2021-12-13,524.2337646484375
COST,2021-12-20,526.8760986328125
COST,2021-12-27,543.4661865234375
COST,2022-01-03,513.2916870117188
COST,2022-01-10,481.5185546875
COST,2022-01-17,461.05120849609375
COST,2022-01-24,471.4093627929688
COST,2022-01-31,497.582275390625
COST,2022-02-07,488.6528930664063
COST,2022-02-14,491.5291748046875
COST,2022-02-21,496.150390625
COST,2022-02-28,503.8301696777344
COST,2022-03-07,505.6708679199219
COST,2022-03-14,538.2017211914062
CVX,2021-03-22,91.20579528808594
CVX,2021-03-29,89.73773193359375
CVX,2021-04-05,87.33625793457031
CVX,2021-04-12,87.37018585205078
CVX,2021-04-19,86.17369079589844
CVX,2021-04-26,87.4635238647461
CVX,2021-05-03,93.36119842529295
CVX,2021-05-10,92.89446258544922
CVX,2021-05-17,88.35455322265625
CVX,2021-05-24,89.1526107788086
CVX,2021-05-31,93.15541076660156
CVX,2021-06-07,92.69156646728516
CVX,2021-06-14,88.4997787475586
CVX,2021-06-21,92.1676025390625
CVX,2021-06-28,91.11105346679688
CVX,2021-07-05,89.39312744140625
CVX,2021-07-12,84.71173095703125
CVX,2021-07-19,84.91787719726562
CVX,2021-07-26,87.45185089111328
CVX,2021-08-02,87.57209777832031
CVX,2021-08-09,87.58069610595703
CVX,2021-08-16,81.00096893310547
CVX,2021-08-23,85.87124633789062
CVX,2021-08-30,84.87010192871094
CVX,2021-09-06,83.63392639160156
CVX,2021-09-13,84.2345962524414
CVX,2021-09-20,87.5775146484375
CVX,2021-09-27,90.82467651367188
CVX,2021-10-04,94.06312561035156
CVX,2021-10-11,95.4211883544922
CVX,2021-10-18,98.1982650756836
CVX,2021-10-25,99.6694793701172
CVX,2021-11-01,99.88712310791016
CVX,2021-11-08,99.44314575195312
CVX,2021-11-15,97.42346954345705
CVX,2021-11-22,100.83905792236328
CVX,2021-11-29,100.7509994506836
CVX,2021-12-06,104.2118148803711
CVX,2021-12-13,100.03770446777344
CVX,2021-12-20,102.5122299194336
CVX,2021-12-27,103.33998107910156
CVX,2022-01-03,110.10309600830078
CVX,2022-01-10,113.5639419555664
CVX,2022-01-17,111.7586669921875
CVX,2022-01-24,115.01693725585938
CVX,2022-01-31,119.65778350830078
CVX,2022-02-07,122.23793029785156
CVX,2022-02-14,117.49142456054688
CVX,2022-02-21,124.9184341430664
CVX,2022-02-28,141.1761474609375
CVX,2022-03-07,152.07691955566406
CVX,2022-03-14,143.91690063476562
DIS,2021-03-22,183.6512451171875
DIS,2021-03-29,186.6640167236328
DIS,2021-04-05,185.59719848632807
DIS,2021-04-12,184.9748687744141
DIS,2021-04-19,180.78663635253903
DIS,2021-04-26,183.75001525878903
DIS,2021-05-03,182.5844268798828
DIS,2021-05-10,171.58035278320312
DIS,2021-05-17,170.2962188720703
DIS,2021-05-24,176.46994018554688
DIS,2021-05-31,175.01788330078125
DIS,2021-06-07,175.2154541015625
DIS,2021-06-14,170.31597900390625
DIS,2021-06-21,176.17361450195312
DIS,2021-06-28,174.94874572753906
DIS,2021-07-05,174.8795928955078
DIS,2021-07-12,177.1219024658203
DIS,2021-07-19,173.99058532714844
DIS,2021-07-26,173.87205505371094
DIS,2021-08-02,174.968505859375
DIS,2021-08-09,178.87030029296875
DIS,2021-08-16,172.9830322265625
DIS,2021-08-23,177.9417724609375
DIS,2021-08-30,178.79127502441406
DIS,2021-09-06,181.87319946289065
DIS,2021-09-13,181.23114013671875
DIS,2021-09-20,173.852294921875
DIS,2021-09-27,173.86215209960938
DIS,2021-10-04,174.58326721191406
DIS,2021-10-11,174.3066864013672
DIS,2021-10-18,167.3525848388672
DIS,2021-10-25,167.00686645507812
DIS,2021-11-01,173.48680114746094
DIS,2021-11-08,157.68206787109375
DIS,2021-11-15,152.12075805664062
DIS,2021-11-22,146.30262756347656
DIS,2021-11-29,144.43569946289062
DIS,2021-12-06,150.8465118408203
DIS,2021-12-13,146.94468688964844
DIS,2021-12-20,151.75527954101562
DIS,2021-12-27,152.99990844726562
DIS,2022-01-03,155.90402221679688
DIS,2022-01-10,150.08590698242188
DIS,2022-01-17,135.7035675048828
DIS,2022-01-24,136.9383087158203
DIS,2022-01-31,140.2869415283203
DIS,2022-02-07,147.64602661132812
DIS,2022-02-14,149.51296997070312
DIS,2022-02-21,147.70530700683594
DIS,2022-02-28,139.00279235839844
DIS,2022-03-07,130.1422576904297
DIS,2022-03-14,138.5879364013672
F,2021-03-22,9.706952095031738
F,2021-03-29,9.60435962677002
F,2021-04-05,9.872681617736816
F,2021-04-12,9.651708602905272
F,2021-04-19,9.643818855285645
F,2021-04-26,9.107172966003418
F,2021-05-03,9.328145027160645
F,2021-05-10,9.343927383422852
F,2021-05-17,10.519811630249023
F,2021-05-24,11.46683120727539
F,2021-05-31,12.603254318237305
F,2021-06-07,12.058717727661133
F,2021-06-14,11.458937644958496
F,2021-06-21,11.987690925598145
F,2021-06-28,11.782504081726074
F,2021-07-05,11.427370071411133
F,2021-07-12,10.7407808303833
F,2021-07-19,10.90651035308838
F,2021-07-26,11.009103775024414
F,2021-08-02,10.890727043151855
F,2021-08-09,10.724998474121094
F,2021-08-16,9.920032501220703
F,2021-08-23,10.5040283203125
F,2021-08-30,10.17257022857666
F,2021-09-06,10.006842613220217
F,2021-09-13,10.693431854248049
F,2021-09-20,10.874943733215332
F,2021-09-27,11.174832344055176
F,2021-10-04,11.932449340820312
F,2021-10-11,12.390174865722656
F,2021-10-18,12.847901344299316
F,2021-10-25,13.479247093200684
F,2021-11-01,15.223341941833496
F,2021-11-08,15.38907241821289
F,2021-11-15,15.302260398864746
F,2021-11-22,15.66484832763672
F,2021-11-29,15.18101978302002
F,2021-12-06,17.013216018676758
F,2021-12-13,15.68071460723877
F,2021-12-20,16.061424255371094
F,2021-12-27,16.473865509033203
F,2022-01-03,19.38475608825684
F,2022-01-10,19.9796199798584
F,2022-01-17,16.378686904907227
F,2022-01-24,15.498284339904783
F,2022-01-31,14.318336486816406
F,2022-02-07,13.991470336914062
F,2022-02-14,14.38211441040039
F,2022-02-21,14.21469497680664
F,2022-02-28,13.433404922485352
F,2022-03-07,12.78764533996582
F,2022-03-14,13.441377639770508
GD,2021-03-22,165.98109436035156
GD,2021-03-29,165.3319549560547
GD,2021-04-05,167.31602478027344
GD,2021-04-12,169.75314331054688
GD,2021-04-19,171.6028289794922
GD,2021-04-26,175.05360412597656
GD,2021-05-03,179.27748107910156
GD,2021-05-10,176.62722778320312
GD,2021-05-17,174.7315673828125
GD,2021-05-24,174.7591552734375
GD,2021-05-31,178.12721252441406
GD,2021-06-07,176.21311950683594
GD,2021-06-14,170.37892150878906
GD,2021-06-21,174.6671142578125
GD,2021-06-28,173.4984588623047
GD,2021-07-05,176.157958984375
GD,2021-07-12,175.28746032714844
GD,2021-07-19,177.67666625976562
GD,2021-07-26,181.5384521484375
GD,2021-08-02,184.3629608154297
GD,2021-08-09,183.70545959472656
GD,2021-08-16,182.71456909179688
GD,2021-08-23,184.9556579589844
GD,2021-08-30,187.4930877685547
GD,2021-09-06,186.6966857910156
GD,2021-09-13,180.6957092285156
GD,2021-09-20,182.82568359375
GD,2021-09-27,183.56655883789065
GD,2021-10-04,187.1782073974609
GD,2021-10-11,193.83615112304688
GD,2021-10-18,195.1963348388672
GD,2021-10-25,188.8891448974609
GD,2021-11-01,187.2587890625
GD,2021-11-08,187.2308654785156
GD,2021-11-15,182.889404296875
GD,2021-11-22,180.150390625
GD,2021-11-29,184.1191864013672
GD,2021-12-06,190.92010498046875
GD,2021-12-13,188.3767242431641
GD,2021-12-20,190.6965484619141
GD,2021-12-27,194.21810913085935
GD,2022-01-03,197.5906524658203
GD,2022-01-10,198.53158569335935
GD,2022-01-17,193.50657653808597
GD,2022-01-24,199.39031982421875
GD,2022-01-31,198.89376831054688
GD,2022-02-07,200.27101135253903
GD,2022-02-14,202.20103454589844
GD,2022-02-21,213.5936584472656
GD,2022-02-28,229.8113555908203
GD,2022-03-07,217.8097076416016
GD,2022-03-14,215.70167541503903
GM,2021-03-22,54.95694732666016
GM,2021-03-29,56.201541900634766
GM,2021-04-05,58.49628448486328
GM,2021-04-12,57.08638381958008
GM,2021-04-19,55.93901062011719
GM,2021-04-26,55.6375846862793
GM,2021-05-03,57.358646392822266
GM,2021-05-10,54.45132446289063
GM,2021-05-17,55.15141296386719
GM,2021-05-24,57.66979217529297
GM,2021-05-31,61.61750793457031
GM,2021-06-07,59.78950500488281
GM,2021-06-14,57.13500213623047
GM,2021-06-21,58.632415771484375
GM,2021-06-28,57.329471588134766
GM,2021-07-05,57.13500213623047
GM,2021-07-12,53.92626190185547
GM,2021-07-19,53.42063903808594
GM,2021-07-26,55.268096923828125
GM,2021-08-02,53.5275993347168
GM,2021-08-09,52.16632461547852
GM,2021-08-16,47.450439453125
GM,2021-08-23,48.422794342041016
GM,2021-08-30,47.46989440917969
GM,2021-09-06,48.121360778808594
GM,2021-09-13,49.91047668457031
GM,2021-09-20,50.78558349609375
GM,2021-09-27,51.66070175170898
GM,2021-10-04,56.95026016235352
GM,2021-10-11,56.3960189819336
GM,2021-10-18,56.1723747253418
GM,2021-10-25,52.92473983764648
GM,2021-11-01,56.90163803100586
GM,2021-11-08,61.64668655395508
GM,2021-11-15,60.0909309387207
GM,2021-11-22,58.50600814819336
GM,2021-11-29,58.05872344970703
GM,2021-12-06,61.46193313598633
GM,2021-12-13,53.634559631347656
GM,2021-12-20,55.336158752441406
GM,2021-12-27,57.00859451293945
GM,2022-01-03,60.54793167114258
GM,2022-01-10,59.41028594970703
GM,2022-01-17,51.806549072265625
GM,2022-01-24,48.850624084472656
GM,2022-01-31,49.87158203125
GM,2022-02-07,47.479610443115234
GM,2022-02-14,47.255977630615234
GM,2022-02-21,46.11832809448242
GM,2022-02-28,41.22743606567383
GM,2022-03-07,40.36204147338867
GM,2022-03-14,43.58050537109375
GOOGL,2021-03-22,100.75479888916016
GOOGL,2021-03-29,105.9822998046875
GOOGL,2021-04-05,112.99327850341795
GOOGL,2021-04-12,113.59440612792967
GOOGL,2021-04-19,114.44932556152344
GOOGL,2021-04-26,117.11508178710938
GOOGL,2021-05-03,117.03695678710938
GOOGL,2021-05-10,113.37694549560548
GOOGL,2021-05-17,114.16069793701172
GOOGL,2021-05-24,117.2817840576172
GOOGL,2021-05-31,119.10904693603516
GOOGL,2021-06-07,120.9318389892578
GOOGL,2021-06-14,119.53948974609376
GOOGL,2021-06-21,121.92557525634766
GOOGL,2021-06-28,124.6614990234375
GOOGL,2021-07-05,124.92125701904295
GOOGL,2021-07-12,126.36585235595705
GOOGL,2021-07-19,132.382080078125
GOOGL,2021-07-26,134.08544921875
GOOGL,2021-08-02,135.09262084960938
GOOGL,2021-08-09,137.07217407226562
GOOGL,2021-08-16,136.7755889892578
GOOGL,2021-08-23,143.31878662109375
GOOGL,2021-08-30,143.0555419921875
GOOGL,2021-09-06,140.20567321777344
GOOGL,2021-09-13,140.1300506591797
GOOGL,2021-09-20,141.53829956054688
GOOGL,2021-09-27,135.89329528808594
GOOGL,2021-10-04,139.12037658691406
GOOGL,2021-10-11,140.69532775878906
GOOGL,2021-10-18,136.9119415283203
GOOGL,2021-10-25,147.34156799316406
GOOGL,2021-11-01,148.14373779296875
GOOGL,2021-11-08,147.97055053710938
GOOGL,2021-11-15,148.21786499023438
GOOGL,2021-11-22,141.5064697265625
GOOGL,2021-11-29,141.32582092285156
GOOGL,2021-12-06,147.2972869873047
GOOGL,2021-12-13,141.0506591796875
GOOGL,2021-12-20,146.2174530029297
GOOGL,2021-12-27,144.16278076171875
GOOGL,2022-01-03,136.36505126953125
GOOGL,2022-01-10,138.8168182373047
GOOGL,2022-01-17,129.73126220703125
GOOGL,2022-01-24,132.71649169921875
GOOGL,2022-01-31,142.61119079589844
GOOGL,2022-02-07,133.6435546875
GOOGL,2022-02-14,129.7825164794922
GOOGL,2022-02-21,133.81971740722656
GOOGL,2022-02-28,131.2788543701172
GOOGL,2022-03-07,129.25254821777344
GOOGL,2022-03-14,135.477783203125
GS,2021-03-22,296.3512268066406
GS,2021-03-29,296.5776062011719
GS,2021-04-05,299.44696044921875
GS,2021-04-12,309.8567199707031
GS,2021-04-19,307.1773681640625
GS,2021-04-26,315.41461181640625
GS,2021-05-03,335.72711181640625
GS,2021-05-10,333.80816650390625
GS,2021-05-17,331.5361022949219
GS,2021-05-24,336.7499389648437
GS,2021-05-31,355.5346374511719
GS,2021-06-07,343.36407470703125
GS,2021-06-14,316.8249816894531
GS,2021-06-21,334.935546875
GS,2021-06-28,339.8309631347656
GS,2021-07-05,337.6511535644531
GS,2021-07-12,331.3297424316406
GS,2021-07-19,339.7310485839844
GS,2021-07-26,340.4848937988281
GS,2021-08-02,361.3836975097656
GS,2021-08-09,373.091064453125
GS,2021-08-16,359.5491027832031
GS,2021-08-23,381.18359375
GS,2021-08-30,373.5724487304688
GS,2021-09-06,368.2415771484375
GS,2021-09-13,357.2713317871094
GS,2021-09-20,356.714599609375
GS,2021-09-27,346.8121643066406
GS,2021-10-04,358.5033874511719
GS,2021-10-11,370.6053161621094
GS,2021-10-18,378.1347961425781
GS,2021-10-25,377.2496032714844
GS,2021-11-01,371.5271606445313
GS,2021-11-08,369.5466613769531
GS,2021-11-15,353.5568542480469
GS,2021-11-22,355.38214111328125
GS,2021-11-29,349.3038024902344
GS,2021-12-06,358.78961181640625
GS,2021-12-13,350.2938537597656
GS,2021-12-20,353.2664794921875
GS,2021-12-27,350.9819030761719
GS,2022-01-03,364.70745849609375
GS,2022-01-10,349.5048828125
GS,2022-01-17,315.53057861328125
GS,2022-01-24,318.3747863769531
GS,2022-01-31,337.2656555175781
GS,2022-02-07,333.10028076171875
GS,2022-02-14,317.4848327636719
GS,2022-02-21,321.22808837890625
GS,2022-02-28,302.46563720703125
GS,2022-03-07,301.7844543457031
GS,2022-03-14,318.7472229003906
HD,2021-03-22,275.65643310546875
HD,2021-03-29,279.23126220703125
HD,2021-04-05,289.6475524902344
HD,2021-04-12,297.6773376464844
HD,2021-04-19,293.87567138671875
HD,2021-04-26,293.676025390625
HD,2021-05-03,307.8122253417969
HD,2021-05-10,293.6397705078125
HD,2021-05-17,286.5080871582031
HD,2021-05-24,289.3570861816406
HD,2021-05-31,282.189208984375
HD,2021-06-07,283.45001220703125
HD,2021-06-14,276.00738525390625
HD,2021-06-21,286.0586242675781
HD,2021-06-28,294.33123779296875
HD,2021-07-05,293.7748718261719
HD,2021-07-12,293.2732849121094
HD,2021-07-19,303.5799255371094
HD,2021-07-26,299.33868408203125
HD,2021-08-02,300.84356689453125
HD,2021-08-09,302.1934814453125
HD,2021-08-16,300.2963562011719
HD,2021-08-23,294.9515380859375
HD,2021-08-30,301.29962158203125
HD,2021-09-06,304.3074645996094
HD,2021-09-13,307.7176818847656
HD,2021-09-20,309.3861389160156
HD,2021-09-27,302.3914794921875
HD,2021-10-04,306.4984130859375
HD,2021-10-11,321.230224609375
HD,2021-10-18,335.5128479003906
HD,2021-10-25,340.7839660644531
HD,2021-11-01,337.7221374511719
HD,2021-11-08,341.599853515625
HD,2021-11-15,374.656982421875
HD,2021-11-22,369.1658630371094
HD,2021-11-29,373.8502502441406
HD,2021-12-06,382.38323974609375
HD,2021-12-13,357.1426696777344
HD,2021-12-20,365.5101318359375
HD,2021-12-27,382.0242309570313
HD,2022-01-03,362.32513427734375
HD,2022-01-10,342.4327087402344
HD,2022-01-17,321.3528747558594
HD,2022-01-24,337.40673828125
HD,2022-01-31,331.0827331542969
HD,2022-02-07,322.4482727050781
HD,2022-02-14,319.3001403808594
HD,2022-02-21,291.4820556640625
HD,2022-02-28,298.4872131347656
HD,2022-03-07,291.6109924316406
HD,2022-03-14,315.5502014160156
INTC,2021-03-22,59.00008392333984
INTC,2021-03-29,58.70904159545898
INTC,2021-04-05,62.08335113525391
INTC,2021-04-12,58.89094161987305
INTC,2021-04-19,53.87953567504883
INTC,2021-04-26,52.32426071166992
INTC,2021-05-03,52.451602935791016
INTC,2021-05-10,50.65158462524414
INTC,2021-05-17,51.31962585449219
INTC,2021-05-24,52.27133560180664
INTC,2021-05-31,52.500118255615234
INTC,2021-06-07,52.93937301635742
INTC,2021-06-14,50.94441986083984
INTC,2021-06-21,51.16404724121094
INTC,2021-06-28,51.94189453125
INTC,2021-07-05,51.23726272583008
INTC,2021-07-12,50.303836822509766
INTC,2021-07-19,48.50107192993164
INTC,2021-07-26,49.15994644165039
INTC,2021-08-02,49.34297180175781
INTC,2021-08-09,49.26755905151367
INTC,2021-08-16,47.90438079833984
INTC,2021-08-23,49.635990142822266
INTC,2021-08-30,49.28598403930664
INTC,2021-09-06,49.589935302734375
INTC,2021-09-13,49.97677612304688
INTC,2021-09-20,49.939937591552734
INTC,2021-09-27,49.60835266113281
INTC,2021-10-04,49.56230545043945
INTC,2021-10-11,50.16098785400391
INTC,2021-10-18,45.55568313598633
INTC,2021-10-25,45.13199996948242
INTC,2021-11-01,46.900428771972656
INTC,2021-11-08,46.660831451416016
INTC,2021-11-15,45.92814254760742
INTC,2021-11-22,45.24180603027344
INTC,2021-11-29,45.67771530151367
INTC,2021-12-06,46.92052459716797
INTC,2021-12-13,46.94834899902344
INTC,2021-12-20,47.58829116821289
INTC,2021-12-27,47.76452255249024
INTC,2022-01-03,49.56380081176758
INTC,2022-01-10,51.65987777709961
INTC,2022-01-17,48.26534652709961
INTC,2022-01-24,44.26796340942383
INTC,2022-01-31,44.52766418457031
INTC,2022-02-07,44.51173400878906
INTC,2022-02-14,42.09129333496094
INTC,2022-02-21,44.58649444580078
INTC,2022-02-28,44.92292785644531
INTC,2022-03-07,42.82958221435547
INTC,2022-03-14,44.34352493286133
JNJ,2021-03-22,147.2127685546875
JNJ,2021-03-29,145.33836364746094
JNJ,2021-04-05,143.92808532714844
JNJ,2021-04-12,144.81173706054688
JNJ,2021-04-19,147.73939514160156
JNJ,2021-04-26,145.24908447265625
JNJ,2021-05-03,150.39926147460938
JNJ,2021-05-10,151.9344940185547
JNJ,2021-05-17,152.5950164794922
JNJ,2021-05-24,151.06869506835938
JNJ,2021-05-31,149.06532287597656
JNJ,2021-06-07,148.1581573486328
JNJ,2021-06-14,145.48167419433594
JNJ,2021-06-21,147.4845428466797
JNJ,2021-06-28,151.7686767578125
JNJ,2021-07-05,152.4602813720703
JNJ,2021-07-12,150.97833251953125
JNJ,2021-07-19,154.2925262451172
JNJ,2021-07-26,154.6607208251953
JNJ,2021-08-02,155.47804260253906
JNJ,2021-08-09,158.29824829101562
JNJ,2021-08-16,161.163330078125
JNJ,2021-08-23,155.31639099121094
JNJ,2021-08-30,158.1456756591797
JNJ,2021-09-06,150.85455322265625
JNJ,2021-09-13,148.84881591796875
JNJ,2021-09-20,148.49647521972656
JNJ,2021-09-27,144.98193359375
JNJ,2021-10-04,145.3975067138672
JNJ,2021-10-11,145.7318572998047
JNJ,2021-10-18,147.91824340820312
JNJ,2021-10-25,147.15936279296875
JNJ,2021-11-01,147.65625
JNJ,2021-11-08,149.083740234375
JNJ,2021-11-15,147.16836547851562
JNJ,2021-11-22,143.83447265625
JNJ,2021-11-29,144.94032287597656
JNJ,2021-12-06,150.49676513671875
JNJ,2021-12-13,152.988525390625
JNJ,2021-12-20,153.00669860839844
JNJ,2021-12-27,155.5712127685547
JNJ,2022-01-03,158.19029235839844
JNJ,2022-01-10,152.63385009765625
JNJ,2022-01-17,149.93289184570312
JNJ,2022-01-24,156.2259979248047
JNJ,2022-01-31,156.08047485351562
JNJ,2022-02-07,152.51564025878906
JNJ,2022-02-14,148.5597381591797
JNJ,2022-02-21,151.92959594726562
JNJ,2022-02-28,155.11463928222656
JNJ,2022-03-07,154.9956817626953
JNJ,2022-03-14,160.0203094482422
JPM,2021-03-22,138.5236053466797
JPM,2021-03-29,137.291015625
JPM,2021-04-05,139.5865020751953
JPM,2021-04-12,137.7312774658203
JPM,2021-04-19,134.93710327148438
JPM,2021-04-26,138.18946838378906
JPM,2021-05-03,144.86488342285156
JPM,2021-05-10,147.35354614257812
JPM,2021-05-17,146.14065551757812
JPM,2021-05-24,147.56021118164062
JPM,2021-05-31,149.5367889404297
JPM,2021-06-07,144.01136779785156
JPM,2021-06-14,132.8976287841797
JPM,2021-06-21,138.40509033203125
JPM,2021-06-28,140.18399047851562
JPM,2021-07-05,140.75689697265625
JPM,2021-07-12,137.26889038085938
JPM,2021-07-19,136.12132263183594
JPM,2021-07-26,137.15139770507812
JPM,2021-08-02,142.3201141357422
JPM,2021-08-09,144.56109619140625
JPM,2021-08-16,139.80807495117188
JPM,2021-08-23,147.33522033691406
JPM,2021-08-30,144.11834716796875
JPM,2021-09-06,142.193603515625
JPM,2021-09-13,142.48277282714844
JPM,2021-09-20,147.32618713378906
JPM,2021-09-27,151.02200317382812
JPM,2021-10-04,153.8141632080078
JPM,2021-10-11,151.4593505859375
JPM,2021-10-18,156.1591796875
JPM,2021-10-25,154.44107055664062
JPM,2021-11-01,152.76837158203125
JPM,2021-11-08,151.68661499023438
JPM,2021-11-15,146.28672790527344
JPM,2021-11-22,147.20489501953125
JPM,2021-11-29,143.89590454101562
JPM,2021-12-06,145.2867889404297
JPM,2021-12-13,142.50502014160156
JPM,2021-12-20,142.95957946777344
JPM,2021-12-27,143.950439453125
JPM,2022-01-03,151.9593048095703
JPM,2022-01-10,144.3926239013672
JPM,2022-01-17,132.67771911621094
JPM,2022-01-24,134.07693481445312
JPM,2022-01-31,139.5182647705078
JPM,2022-02-07,140.76199340820312
JPM,2022-02-14,139.1342010498047
JPM,2022-02-21,135.32064819335938
JPM,2022-02-28,122.91070556640624
JPM,2022-03-07,117.87171936035156
JPM,2022-03-14,128.12342834472656
KO,2021-03-22,47.023193359375
KO,2021-03-29,46.553314208984375
KO,2021-04-05,47.14731216430664
KO,2021-04-12,47.59059143066406
KO,2021-04-19,48.29097366333008
KO,2021-04-26,47.85655975341797
KO,2021-05-03,48.32644271850586
KO,2021-05-10,48.521484375
KO,2021-05-17,48.423954010009766
KO,2021-05-24,49.01795959472656
KO,2021-05-31,49.86019134521485
KO,2021-06-07,49.78926849365234
KO,2021-06-14,47.670387268066406
KO,2021-06-21,48.52085876464844
KO,2021-06-28,48.39581298828125
KO,2021-07-05,48.64591217041016
KO,2021-07-12,50.37880706787109
KO,2021-07-19,50.923675537109375
KO,2021-07-26,50.9415397644043
KO,2021-08-02,50.59317779541016
KO,2021-08-09,51.12018966674805
KO,2021-08-16,50.59317779541016
KO,2021-08-23,49.7088737487793
KO,2021-08-30,50.6735725402832
KO,2021-09-06,49.67314529418945
KO,2021-09-13,48.628047943115234
KO,2021-09-20,48.50006484985352
KO,2021-09-27,47.71707534790039
KO,2021-10-04,48.70705795288086
KO,2021-10-11,49.031044006347656
KO,2021-10-18,49.00406265258789
KO,2021-10-25,50.73201751708984
KO,2021-11-01,51.15501403808594
KO,2021-11-08,50.94802474975586
KO,2021-11-15,49.61604309082031
KO,2021-11-22,48.35606384277344
KO,2021-11-29,48.18507766723633
KO,2021-12-06,51.04381561279297
KO,2021-12-13,52.3588981628418
KO,2021-12-20,52.80331802368164
KO,2021-12-27,53.70120620727539
KO,2022-01-03,54.71700668334961
KO,2022-01-10,55.67838287353516
KO,2022-01-17,54.82583999633789
KO,2022-01-24,55.17956161499024
KO,2022-01-31,55.28839111328125
KO,2022-02-07,54.68072891235352
KO,2022-02-14,56.72139739990234
KO,2022-02-21,57.0025520324707
KO,2022-02-28,56.74860382080078
KO,2022-03-07,52.53122329711914
KO,2022-03-14,54.50840377807617
LCID,2021-03-22,23.020000457763672
LCID,2021-03-29,23.780000686645508
LCID,2021-04-05,22.96999931335449
LCID,2021-04-12,19.520000457763672
LCID,2021-04-19,20.549999237060547
LCID,2021-04-26,21.09000015258789
LCID,2021-05-03,19.280000686645508
LCID,2021-05-10,17.940000534057617
LCID,2021-05-17,19.809999465942383
LCID,2021-05-24,19.71999931335449
LCID,2021-05-31,23.950000762939453
LCID,2021-06-07,25.13999938964844
LCID,2021-06-14,23.399999618530277
LCID,2021-06-21,25.18000030517578
LCID,2021-06-28,27.020000457763672
LCID,2021-07-05,25.549999237060547
LCID,2021-07-12,22.790000915527344
LCID,2021-07-19,24.25
LCID,2021-07-26,23.71999931335449
LCID,2021-08-02,23.3799991607666
LCID,2021-08-09,23.479999542236328
LCID,2021-08-16,21.670000076293945
LCID,2021-08-23,21.030000686645508
LCID,2021-08-30,19.559999465942383
LCID,2021-09-06,19.93000030517578
LCID,2021-09-13,22.959999084472656
LCID,2021-09-20,25.43000030517578
LCID,2021-09-27,24.61000061035156
LCID,2021-10-04,23.229999542236328
LCID,2021-10-11,24.07999992370605
LCID,2021-10-18,24.11000061035156
LCID,2021-10-25,36.9900016784668
LCID,2021-11-01,41.79999923706055
LCID,2021-11-08,43.93000030517578
LCID,2021-11-15,55.209999084472656
LCID,2021-11-22,51.720001220703125
LCID,2021-11-29,47.27000045776367
LCID,2021-12-06,37.65999984741211
LCID,2021-12-13,40.0099983215332
LCID,2021-12-20,37.63999938964844
LCID,2021-12-27,38.04999923706055
LCID,2022-01-03,41.97999954223633
LCID,2022-01-10,42.220001220703125
LCID,2022-01-17,37.75
LCID,2022-01-24,27.149999618530277
LCID,2022-01-31,27.549999237060547
LCID,2022-02-07,25.84000015258789
LCID,2022-02-14,26.59000015258789
LCID,2022-02-21,26.350000381469727
LCID,2022-02-28,22.6299991607666
LCID,2022-03-07,22.920000076293945
LCID,2022-03-14,25.670000076293945
LLY,2021-03-22,177.6007080078125
LLY,2021-03-29,177.53363037109375
LLY,2021-04-05,176.81484985351562
LLY,2021-04-12,181.37681579589844
LLY,2021-04-19,180.86886596679688
LLY,2021-04-26,175.16636657714844
LLY,2021-05-03,187.2901306152344
LLY,2021-05-10,188.0472717285156
LLY,2021-05-17,192.4111175537109
LLY,2021-05-24,192.2763519287109
LLY,2021-05-31,194.4711456298828
LLY,2021-06-07,215.7164764404297
LLY,2021-06-14,210.38348388671875
LLY,2021-06-21,221.61741638183597
LLY,2021-06-28,225.2176818847656
LLY,2021-07-05,226.2091827392578
LLY,2021-07-12,223.77374267578125
LLY,2021-07-19,235.02687072753903
LLY,2021-07-26,234.4011688232422
LLY,2021-08-02,253.59613037109372
LLY,2021-08-09,254.33734130859372
LLY,2021-08-16,261.6290588378906
LLY,2021-08-23,250.8512725830078
LLY,2021-08-30,250.63885498046875
LLY,2021-09-06,231.2950592041016
LLY,2021-09-13,222.21707153320312
LLY,2021-09-20,223.742919921875
LLY,2021-09-27,221.7245330810547
LLY,2021-10-04,225.9255523681641
LLY,2021-10-11,229.73057556152344
LLY,2021-10-18,235.3994598388672
LLY,2021-10-25,246.03228759765625
LLY,2021-11-01,255.9214630126953
LLY,2021-11-08,250.75474548339844
LLY,2021-11-15,252.5862274169922
LLY,2021-11-22,252.26649475097656
LLY,2021-11-29,237.9368438720703
LLY,2021-12-06,236.5416412353516
LLY,2021-12-13,259.09716796875
LLY,2021-12-20,264.6003112792969
LLY,2021-12-27,267.62322998046875
LLY,2022-01-03,251.42361450195312
LLY,2022-01-10,236.52227783203125
LLY,2022-01-17,235.49526977539065
LLY,2022-01-24,237.4717712402344
LLY,2022-01-31,234.72987365722656
LLY,2022-02-07,228.40310668945312
LLY,2022-02-14,232.8308258056641
LLY,2022-02-21,244.05740356445312
LLY,2022-02-28,255.75196838378903
LLY,2022-03-07,259.08905029296875
LLY,2022-03-14,279.8512268066406
LMT,2021-03-22,327.3571472167969
LMT,2021-03-29,333.02081298828125
LMT,2021-04-05,346.6730651855469
LMT,2021-04-12,351.681640625
LMT,2021-04-19,338.6487731933594
LMT,2021-04-26,341.5837707519531
LMT,2021-05-03,350.3622131347656
LMT,2021-05-10,350.757080078125
LMT,2021-05-17,347.56170654296875
LMT,2021-05-24,343.05584716796875
LMT,2021-05-31,356.1273193359375
LMT,2021-06-07,350.3620300292969
LMT,2021-06-14,342.65386962890625
LMT,2021-06-21,345.2021484375
LMT,2021-06-28,344.73223876953125
LMT,2021-07-05,346.1961975097656
LMT,2021-07-12,340.80145263671875
LMT,2021-07-19,344.0816345214844
LMT,2021-07-26,335.8584899902344
LMT,2021-08-02,327.1653137207031
LMT,2021-08-09,323.4875183105469
LMT,2021-08-16,322.755615234375
LMT,2021-08-23,327.1111755371094
LMT,2021-08-30,321.6983642578125
LMT,2021-09-06,314.8141784667969
LMT,2021-09-13,310.3542175292969
LMT,2021-09-20,318.1271667480469
LMT,2021-09-27,316.5617370605469
LMT,2021-10-04,321.97735595703125
LMT,2021-10-11,332.7812194824219
LMT,2021-10-18,340.95465087890625
LMT,2021-10-25,302.4721069335937
LMT,2021-11-01,309.3622131347656
LMT,2021-11-08,308.606689453125
LMT,2021-11-15,310.77294921875
LMT,2021-11-22,311.93798828125
LMT,2021-11-29,303.8282775878906
LMT,2021-12-06,316.5010986328125
LMT,2021-12-13,315.8219909667969
LMT,2021-12-20,318.4649658203125
LMT,2021-12-27,326.1645812988281
LMT,2022-01-03,330.50537109375
LMT,2022-01-10,341.9584655761719
LMT,2022-01-17,340.6553649902344
LMT,2022-01-24,360.7991027832031
LMT,2022-01-31,357.29345703125
LMT,2022-02-07,363.5889892578125
LMT,2022-02-14,354.6596374511719
LMT,2022-02-21,375.7945861816406
LMT,2022-02-28,420.4505004882813
LMT,2022-03-07,405.6870422363281
LMT,2022-03-14,393.803955078125
META,2021-03-22,281.6923828125
META,2021-03-29,297.259033203125
META,2021-04-05,310.9942626953125
META,2021-04-12,304.7437438964844
META,2021-04-19,299.7174377441406
META,2021-04-26,323.5550537109375
META,2021-05-03,317.5832214355469
META,2021-05-10,314.4579772949219
META,2021-05-17,314.7466125488281
META,2021-05-24,327.18798828125
META,2021-05-31,328.8003845214844
META,2021-06-07,329.70611572265625
META,2021-06-14,328.1136169433594
META,2021-06-21,339.7686462402344
META,2021-06-28,353.0361633300781
META,2021-07-05,348.7762145996094
META,2021-07-12,339.5596618652344
META,2021-07-19,368.0553588867188
META,2021-07-26,354.628662109375
META,2021-08-02,361.8048095703125
META,2021-08-09,361.4763488769531
META,2021-08-16,357.6842041015625
META,2021-08-23,370.8820495605469
META,2021-08-30,374.4950256347656
META,2021-09-06,376.9136047363281
META,2021-09-13,363.0091552734375
META,2021-09-20,351.30426025390625
META,2021-09-27,341.4009704589844
META,2021-10-04,328.5017395019531
META,2021-10-11,323.23663330078125
META,2021-10-18,323.0872802734375
META,2021-10-25,322.0521545410156
META,2021-11-01,339.5298156738281
META,2021-11-08,339.2909240722656
META,2021-11-15,343.68023681640625
META,2021-11-22,331.557373046875
META,2021-11-29,305.4006652832031
META,2021-12-06,328.2031555175781
META,2021-12-13,332.2242431640625
META,2021-12-20,333.6674499511719
META,2021-12-27,334.772216796875
META,2022-01-03,330.2336120605469
META,2022-01-10,330.3431091308594
META,2022-01-17,301.7478332519531
META,2022-01-24,300.29473876953125
META,2022-01-31,235.9778289794922
META,2022-02-07,218.5200958251953
META,2022-02-14,205.19293212890625
META,2022-02-21,209.49264526367188
META,2022-02-28,199.12152099609372
META,2022-03-07,186.72994995117188
META,2022-03-14,215.47447204589844
MNST,2021-03-22,45.82500076293945
MNST,2021-03-29,45.68000030517578
MNST,2021-04-05,47.64500045776367
MNST,2021-04-12,49.084999084472656
MNST,2021-04-19,49.34000015258789
MNST,2021-04-26,48.525001525878906
MNST,2021-05-03,45.625
MNST,2021-05-10,46.06999969482422
MNST,2021-05-17,46.005001068115234
MNST,2021-05-24,47.1349983215332
MNST,2021-05-31,47.685001373291016
MNST,2021-06-07,46.75
MNST,2021-06-14,45.880001068115234
MNST,2021-06-21,46.060001373291016
MNST,2021-06-28,45.43000030517578
MNST,2021-07-05,45.119998931884766
MNST,2021-07-12,46.53499984741211
MNST,2021-07-19,48.14500045776367
MNST,2021-07-26,47.15999984741211
MNST,2021-08-02,48.48500061035156
MNST,2021-08-09,49.060001373291016
MNST,2021-08-16,48.369998931884766
MNST,2021-08-23,48.665000915527344
MNST,2021-08-30,48.790000915527344
MNST,2021-09-06,47.959999084472656
MNST,2021-09-13,47.31999969482422
MNST,2021-09-20,46.369998931884766
MNST,2021-09-27,44.93999862670898
MNST,2021-10-04,44.6349983215332
MNST,2021-10-11,42.790000915527344
MNST,2021-10-18,42.3650016784668
MNST,2021-10-25,42.5
MNST,2021-11-01,45.81499862670898
MNST,2021-11-08,46.02999877929688
MNST,2021-11-15,44.650001525878906
MNST,2021-11-22,43.525001525878906
MNST,2021-11-29,41.84999847412109
MNST,2021-12-06,44.775001525878906
MNST,2021-12-13,45.810001373291016
MNST,2021-12-20,46.91999816894531
MNST,2021-12-27,48.02000045776367
MNST,2022-01-03,47.02999877929688
MNST,2022-01-10,44.95500183105469
MNST,2022-01-17,42.810001373291016
MNST,2022-01-24,42.65499877929688
MNST,2022-01-31,42.14500045776367
MNST,2022-02-07,41.400001525878906
MNST,2022-02-14,40.6349983215332
MNST,2022-02-21,42.28499984741211
MNST,2022-02-28,40.65999984741211
MNST,2022-03-07,36.61000061035156
MNST,2022-03-14,40.29499816894531
MO,2021-03-22,37.43491744995117
MO,2021-03-29,36.9952392578125
MO,2021-04-05,37.35069274902344
MO,2021-04-12,37.94551086425781
MO,2021-04-19,34.376564025878906
MO,2021-04-26,34.6376953125
MO,2021-05-03,36.23357391357422
MO,2021-05-10,36.47295379638672
MO,2021-05-17,36.26983642578125
MO,2021-05-24,35.70403289794922
MO,2021-05-31,36.10299682617188
MO,2021-06-07,36.09575271606445
MO,2021-06-14,33.5931282043457
MO,2021-06-21,35.15091323852539
MO,2021-06-28,35.084468841552734
MO,2021-07-05,34.98851013183594
MO,2021-07-12,34.92207717895508
MO,2021-07-19,35.05495071411133
MO,2021-07-26,35.4609375
MO,2021-08-02,34.95160675048828
MO,2021-08-09,35.87430953979492
MO,2021-08-16,35.77833557128906
MO,2021-08-23,36.5607795715332
MO,2021-08-30,37.62373733520508
MO,2021-09-06,37.3506088256836
MO,2021-09-13,35.881683349609375
MO,2021-09-20,36.42557144165039
MO,2021-09-27,34.471248626708984
MO,2021-10-04,35.12519073486328
MO,2021-10-11,36.60597610473633
MO,2021-10-18,36.24516677856445
MO,2021-10-25,33.15583801269531
MO,2021-11-01,33.97514724731445
MO,2021-11-08,33.764686584472656
MO,2021-11-15,32.622154235839844
MO,2021-11-22,32.877723693847656
MO,2021-11-29,33.013023376464844
MO,2021-12-06,33.8924674987793
MO,2021-12-13,36.26771545410156
MO,2021-12-20,35.10264587402344
MO,2021-12-27,36.30529022216797
MO,2022-01-03,38.12859725952149
MO,2022-01-10,38.92533874511719
MO,2022-01-17,38.54995727539063
MO,2022-01-24,38.67252731323242
MO,2022-01-31,38.45035934448242
MO,2022-02-07,38.588260650634766
MO,2022-02-14,39.63780212402344
MO,2022-02-21,39.43863296508789
MO,2022-02-28,40.978477478027344
MO,2022-03-07,38.67252731323242
MO,2022-03-14,39.59184265136719
MRNA,2021-03-22,133.27999877929688
MRNA,2021-03-29,132.5500030517578
MRNA,2021-04-05,140.9199981689453
MRNA,2021-04-12,170.80999755859375
MRNA,2021-04-19,173.6300048828125
MRNA,2021-04-26,178.82000732421875
MRNA,2021-05-03,163.14999389648438
MRNA,2021-05-10,161.3800048828125
MRNA,2021-05-17,161.4499969482422
MRNA,2021-05-24,185.00999450683597
MRNA,2021-05-31,206.07000732421875
MRNA,2021-06-07,218.8500061035156
MRNA,2021-06-14,199.19000244140625
MRNA,2021-06-21,219.94000244140625
MRNA,2021-06-28,234.3000030517578
MRNA,2021-07-05,232.80999755859372
MRNA,2021-07-12,286.42999267578125
MRNA,2021-07-19,348.8299865722656
MRNA,2021-07-26,353.6000061035156
MRNA,2021-08-02,413.7200012207031
MRNA,2021-08-09,389.7799987792969
MRNA,2021-08-16,382.9800109863281
MRNA,2021-08-23,382.2200012207031
MRNA,2021-08-30,416.7000122070313
MRNA,2021-09-06,449.3800048828125
MRNA,2021-09-13,430.0499877929688
MRNA,2021-09-20,430.1400146484375
MRNA,2021-09-27,341.0899963378906
MRNA,2021-10-04,304.9100036621094
MRNA,2021-10-11,324.2099914550781
MRNA,2021-10-18,326.5400085449219
MRNA,2021-10-25,345.2099914550781
MRNA,2021-11-01,236.9900054931641
MRNA,2021-11-08,231.19000244140625
MRNA,2021-11-15,263.7799987792969
MRNA,2021-11-22,329.6300048828125
MRNA,2021-11-29,306.7200012207031
MRNA,2021-12-06,257.0599975585937
MRNA,2021-12-13,294.79998779296875
MRNA,2021-12-20,249.9900054931641
MRNA,2021-12-27,253.97999572753903
MRNA,2022-01-03,213.8600006103516
MRNA,2022-01-10,204.72999572753903
MRNA,2022-01-17,160.07000732421875
MRNA,2022-01-24,159.47000122070312
MRNA,2022-01-31,163.00999450683594
MRNA,2022-02-07,161.32000732421875
MRNA,2022-02-14,145.74000549316406
MRNA,2022-02-21,151.3300018310547
MRNA,2022-02-28,136.4600067138672
MRNA,2022-03-07,138.1999969482422
MRNA,2022-03-14,178.92999267578125
MSFT,2021-03-22,228.6538543701172
MSFT,2021-03-29,234.32958984375
MSFT,2021-04-05,247.3827972412109
MSFT,2021-04-12,252.1109161376953
MSFT,2021-04-19,252.50738525390625
MSFT,2021-04-26,243.83425903320312
MSFT,2021-05-03,244.1050262451172
MSFT,2021-05-10,239.9376220703125
MSFT,2021-05-17,237.0562438964844
MSFT,2021-05-24,241.9744415283203
MSFT,2021-05-31,243.05015563964844
MSFT,2021-06-07,249.9310760498047
MSFT,2021-06-14,251.42352294921875
MSFT,2021-06-21,256.8410339355469
MSFT,2021-06-28,269.08123779296875
MSFT,2021-07-05,269.3622131347656
MSFT,2021-07-12,272.08551025390625
MSFT,2021-07-19,280.73028564453125
MSFT,2021-07-26,276.1172180175781
MSFT,2021-08-02,280.5268249511719
MSFT,2021-08-09,283.8121032714844
MSFT,2021-08-16,294.9669189453125
MSFT,2021-08-23,291.0262451171875
MSFT,2021-08-30,292.4050598144531
MSFT,2021-09-06,287.1324768066406
MSFT,2021-09-13,291.1718139648437
MSFT,2021-09-20,290.6669616699219
MSFT,2021-09-27,280.7142639160156
MSFT,2021-10-04,286.2974853515625
MSFT,2021-10-11,295.3859558105469
MSFT,2021-10-18,300.1923828125
MSFT,2021-10-25,322.0009155273437
MSFT,2021-11-01,326.3121032714844
MSFT,2021-11-08,326.95294189453125
MSFT,2021-11-15,333.1576538085937
MSFT,2021-11-22,320.70281982421875
MSFT,2021-11-29,314.21441650390625
MSFT,2021-12-06,333.2127380371094
MSFT,2021-12-13,314.9829406738281
MSFT,2021-12-20,325.57635498046875
MSFT,2021-12-27,327.1620788574219
MSFT,2022-01-03,305.4886779785156
MSFT,2022-01-10,301.7533264160156
MSFT,2022-01-17,287.9690856933594
MSFT,2022-01-24,299.8661193847656
MSFT,2022-01-31,297.6092224121094
MSFT,2022-02-07,287.0060729980469
MSFT,2022-02-14,280.0896301269531
MSFT,2022-02-21,289.8122863769531
MSFT,2022-02-28,282.5500793457031
MSFT,2022-03-07,273.0070495605469
MSFT,2022-03-14,292.8536071777344
NFLX,2021-03-22,508.0499877929688
NFLX,2021-03-29,539.4199829101562
NFLX,2021-04-05,555.3099975585938
NFLX,2021-04-12,546.5399780273438
NFLX,2021-04-19,505.5499877929688
NFLX,2021-04-26,513.469970703125
NFLX,2021-05-03,503.8399963378906
NFLX,2021-05-10,493.3699951171875
NFLX,2021-05-17,497.8900146484375
NFLX,2021-05-24,502.80999755859375
NFLX,2021-05-31,494.739990234375
NFLX,2021-06-07,488.7699890136719
NFLX,2021-06-14,500.7699890136719
NFLX,2021-06-21,527.0700073242188
NFLX,2021-06-28,533.97998046875
NFLX,2021-07-05,535.97998046875
NFLX,2021-07-12,530.3099975585938
NFLX,2021-07-19,515.4099731445312
NFLX,2021-07-26,517.5700073242188
NFLX,2021-08-02,520.5499877929688
NFLX,2021-08-09,515.9199829101562
NFLX,2021-08-16,546.8800048828125
NFLX,2021-08-23,558.9199829101562
NFLX,2021-08-30,590.530029296875
NFLX,2021-09-06,598.719970703125
NFLX,2021-09-13,589.3499755859375
NFLX,2021-09-20,592.3900146484375
NFLX,2021-09-27,613.1500244140625
NFLX,2021-10-04,632.6599731445312
NFLX,2021-10-11,628.2899780273438
NFLX,2021-10-18,664.780029296875
NFLX,2021-10-25,690.3099975585938
NFLX,2021-11-01,645.719970703125
NFLX,2021-11-08,682.6099853515625
NFLX,2021-11-15,678.7999877929688
NFLX,2021-11-22,665.6400146484375
NFLX,2021-11-29,602.1300048828125
NFLX,2021-12-06,611.6599731445312
NFLX,2021-12-13,586.72998046875
NFLX,2021-12-20,614.0900268554688
NFLX,2021-12-27,602.4400024414062
NFLX,2022-01-03,541.0599975585938
NFLX,2022-01-10,525.6900024414062
NFLX,2022-01-17,397.5
NFLX,2022-01-24,384.3599853515625
NFLX,2022-01-31,410.1700134277344
NFLX,2022-02-07,391.30999755859375
NFLX,2022-02-14,391.2900085449219
NFLX,2022-02-21,390.7999877929688
NFLX,2022-02-28,361.7300109863281
NFLX,2022-03-07,340.32000732421875
NFLX,2022-03-14,380.6000061035156
NOC,2021-03-22,298.9963073730469
NOC,2021-03-29,302.0141906738281
NOC,2021-04-05,318.61260986328125
NOC,2021-04-12,324.68585205078125
NOC,2021-04-19,320.57147216796875
NOC,2021-04-26,332.19305419921875
NOC,2021-05-03,347.366943359375
NOC,2021-05-10,348.285400390625
NOC,2021-05-17,347.20751953125
NOC,2021-05-24,342.9056701660156
NOC,2021-05-31,355.3208923339844
NOC,2021-06-07,353.0149230957031
NOC,2021-06-14,345.6075134277344
NOC,2021-06-21,351.3677673339844
NOC,2021-06-28,347.4993591308594
NOC,2021-07-05,349.96533203125
NOC,2021-07-12,341.4849853515625
NOC,2021-07-19,340.0731506347656
NOC,2021-07-26,341.6825561523437
NOC,2021-08-02,340.8260803222656
NOC,2021-08-09,341.7673034667969
NOC,2021-08-16,341.6637878417969
NOC,2021-08-23,343.3956604003906
NOC,2021-08-30,345.9022827148437
NOC,2021-09-06,334.7197265625
NOC,2021-09-13,331.0710144042969
NOC,2021-09-20,336.23223876953125
NOC,2021-09-27,341.1664428710937
NOC,2021-10-04,368.3901977539063
NOC,2021-10-11,373.7215881347656
NOC,2021-10-18,383.9776916503906
NOC,2021-10-25,337.6689758300781
NOC,2021-11-01,344.4276123046875
NOC,2021-11-08,339.9660339355469
NOC,2021-11-15,333.8028259277344
NOC,2021-11-22,334.6063537597656
NOC,2021-11-29,339.7310485839844
NOC,2021-12-06,352.28204345703125
NOC,2021-12-13,358.358154296875
NOC,2021-12-20,361.8804016113281
NOC,2021-12-27,367.4818420410156
NOC,2022-01-03,380.1562194824219
NOC,2022-01-10,383.0328674316406
NOC,2022-01-17,378.6277465820313
NOC,2022-01-24,360.9595031738281
NOC,2022-01-31,351.038330078125
NOC,2022-02-07,379.1119079589844
NOC,2022-02-14,371.4503479003906
NOC,2022-02-21,388.9380493164063
NOC,2022-02-28,446.6304321289063
NOC,2022-03-07,415.8713989257813
NOC,2022-03-14,407.912353515625
NVDA,2021-03-22,12.80998992919922
NVDA,2021-03-29,13.780274391174316
NVDA,2021-04-05,14.367179870605469
NVDA,2021-04-12,15.87623405456543
NVDA,2021-04-19,15.230462074279783
NVDA,2021-04-26,14.975293159484863
NVDA,2021-05-03,14.778494834899902
NVDA,2021-05-10,14.210538864135742
NVDA,2021-05-17,14.957582473754885
NVDA,2021-05-24,16.207477569580078
NVDA,2021-05-31,17.53818702697754
NVDA,2021-06-07,17.784624099731445
NVDA,2021-06-14,18.600528717041016
NVDA,2021-06-21,18.991979598999023
NVDA,2021-06-28,20.44499397277832
NVDA,2021-07-05,20.00913619995117
NVDA,2021-07-12,18.123764038085938
NVDA,2021-07-19,19.517900466918945
NVDA,2021-07-26,19.459020614624023
NVDA,2021-08-02,20.324241638183597
NVDA,2021-08-09,20.1466064453125
NVDA,2021-08-16,20.7733154296875
NVDA,2021-08-23,22.58958625793457
NVDA,2021-08-30,22.796165466308597
NVDA,2021-09-06,22.435867309570312
NVDA,2021-09-13,21.85895156860352
NVDA,2021-09-20,22.039613723754883
NVDA,2021-09-27,20.703123092651367
NVDA,2021-10-04,20.791954040527344
NVDA,2021-10-11,21.821020126342773
NVDA,2021-10-18,22.68340301513672
NVDA,2021-10-25,25.519081115722656
NVDA,2021-11-01,29.696231842041016
NVDA,2021-11-08,30.33303642272949
NVDA,2021-11-15,32.92316818237305
NVDA,2021-11-22,31.443952560424805
NVDA,2021-11-29,30.63547134399414
NVDA,2021-12-06,30.14508819580078
NVDA,2021-12-13,27.75228500366211
NVDA,2021-12-20,29.58806610107422
NVDA,2021-12-27,29.35946273803711
NVDA,2022-01-03,27.19925880432129
NVDA,2022-01-10,26.89479255676269
NVDA,2022-01-17,23.33304786682129
NVDA,2022-01-24,22.79998207092285
NVDA,2022-01-31,24.276391983032227
NVDA,2022-02-07,23.90703582763672
NVDA,2022-02-14,23.600574493408203
NVDA,2022-02-21,24.114673614501957
NVDA,2022-02-28,22.895814895629883
NVDA,2022-03-07,22.06503677368164
NVDA,2022-03-14,26.411148071289062
PEP,2021-03-22,127.08672332763672
PEP,2021-03-29,125.82211303710938
PEP,2021-04-05,126.9709701538086
PEP,2021-04-12,128.38697814941406
PEP,2021-04-19,129.8743133544922
PEP,2021-04-26,128.38697814941406
PEP,2021-05-03,129.63385009765625
PEP,2021-05-10,130.55111694335938
PEP,2021-05-17,131.00534057617188
PEP,2021-05-24,131.75344848632812
PEP,2021-05-31,131.66436767578125
PEP,2021-06-07,132.4917449951172
PEP,2021-06-14,130.45529174804688
PEP,2021-06-21,131.34339904785156
PEP,2021-06-28,133.58621215820312
PEP,2021-07-05,134.09750366210938
PEP,2021-07-12,139.7850799560547
PEP,2021-07-19,141.005126953125
PEP,2021-07-26,140.7987823486328
PEP,2021-08-02,138.44842529296875
PEP,2021-08-09,140.41305541992188
PEP,2021-08-16,142.0547332763672
PEP,2021-08-23,138.99563598632812
PEP,2021-08-30,140.9243927001953
PEP,2021-09-06,140.4180450439453
PEP,2021-09-13,139.2167510986328
PEP,2021-09-20,139.27996826171875
PEP,2021-09-27,136.34442138671875
PEP,2021-10-04,140.9329071044922
PEP,2021-10-11,143.44390869140625
PEP,2021-10-18,144.49168395996094
PEP,2021-10-25,145.96397399902344
PEP,2021-11-01,149.93824768066406
PEP,2021-11-08,146.912353515625
PEP,2021-11-15,147.9601287841797
PEP,2021-11-22,145.5484619140625
PEP,2021-11-29,148.77305603027344
PEP,2021-12-06,153.6521453857422
PEP,2021-12-13,153.04290771484375
PEP,2021-12-20,154.38877868652344
PEP,2021-12-27,157.96246337890625
PEP,2022-01-03,158.29891967773438
PEP,2022-01-10,159.71751403808594
PEP,2022-01-17,158.42623901367188
PEP,2022-01-24,157.01673889160156
PEP,2022-01-31,156.8530731201172
PEP,2022-02-07,153.29754638671875
PEP,2022-02-14,152.5063934326172
PEP,2022-02-21,153.11569213867188
PEP,2022-02-28,150.7240753173828
PEP,2022-03-07,140.71319580078125
PEP,2022-03-14,149.0060272216797
PFE,2021-03-22,30.28996086120605
PFE,2021-03-29,30.33173370361328
PFE,2021-04-05,30.58240509033203
PFE,2021-04-12,32.22850799560547
PFE,2021-04-19,32.303714752197266
PFE,2021-04-26,32.29535675048828
PFE,2021-05-03,33.07244873046875
PFE,2021-05-10,33.76961135864258
PFE,2021-05-17,33.71054458618164
PFE,2021-05-24,32.68108367919922
PFE,2021-05-31,33.03548812866211
PFE,2021-06-07,33.87930679321289
PFE,2021-06-14,32.748592376708984
PFE,2021-06-21,32.89204025268555
PFE,2021-06-28,33.524906158447266
PFE,2021-07-05,33.423641204833984
PFE,2021-07-12,34.048065185546875
PFE,2021-07-19,35.170345306396484
PFE,2021-07-26,36.12386703491211
PFE,2021-08-02,38.37534713745117
PFE,2021-08-09,41.27882766723633
PFE,2021-08-16,41.483177185058594
PFE,2021-08-23,39.67808151245117
PFE,2021-08-30,39.88243103027344
PFE,2021-09-06,38.8181037902832
PFE,2021-09-13,37.37062454223633
PFE,2021-09-20,37.41319274902344
PFE,2021-09-27,36.553218841552734
PFE,2021-10-04,36.14451217651367
PFE,2021-10-11,35.327110290527344
PFE,2021-10-18,36.74905014038086
PFE,2021-10-25,37.242897033691406
PFE,2021-11-01,41.3895149230957
PFE,2021-11-08,42.7148323059082
PFE,2021-11-15,43.633888244628906
PFE,2021-11-22,46.38248062133789
PFE,2021-11-29,46.61439514160156
PFE,2021-12-06,45.3345832824707
PFE,2021-12-13,51.08945083618164
PFE,2021-12-20,50.42806625366211
PFE,2021-12-27,50.7201042175293
PFE,2022-01-03,47.85985565185547
PFE,2022-01-10,47.19847869873047
PFE,2022-01-17,45.34317398071289
PFE,2022-01-24,46.66593170166016
PFE,2022-01-31,45.86967086791992
PFE,2022-02-07,43.94834518432617
PFE,2022-02-14,42.00104141235352
PFE,2022-02-21,41.30001831054688
PFE,2022-02-28,42.104888916015625
PFE,2022-03-07,43.50695037841797
PFE,2022-03-14,47.17652893066406
PG,2021-03-22,122.67194366455078
PG,2021-03-29,121.61231994628906
PG,2021-04-05,123.50515747070312
PG,2021-04-12,124.30213165283205
PG,2021-04-19,121.30438232421876
PG,2021-04-26,121.60653686523438
PG,2021-05-03,123.1833724975586
PG,2021-05-10,125.79011535644533
PG,2021-05-17,125.78102111816406
PG,2021-05-24,122.90991973876952
PG,2021-05-31,123.91253662109376
PG,2021-06-07,122.91902160644533
PG,2021-06-14,120.33963012695312
PG,2021-06-21,122.97373962402344
PG,2021-06-28,123.86693572998048
PG,2021-07-05,124.89691162109376
PG,2021-07-12,128.06875610351562
PG,2021-07-19,127.41249084472656
PG,2021-07-26,130.4517822265625
PG,2021-08-02,129.69970703125
PG,2021-08-09,131.7450408935547
PG,2021-08-16,133.074951171875
PG,2021-08-23,130.52516174316406
PG,2021-08-30,132.12109375
PG,2021-09-06,132.1945037841797
PG,2021-09-13,132.3870849609375
PG,2021-09-20,131.66249084472656
PG,2021-09-27,128.021240234375
PG,2021-10-04,129.9932098388672
PG,2021-10-11,132.46044921875
PG,2021-10-18,129.16778564453125
PG,2021-10-25,131.96188354492188
PG,2021-11-01,134.7766571044922
PG,2021-11-08,135.25656127929688
PG,2021-11-15,135.4965057373047
PG,2021-11-22,136.0963592529297
PG,2021-11-29,138.3205108642578
PG,2021-12-06,143.4701385498047
PG,2021-12-13,145.3158721923828
PG,2021-12-20,147.75230407714844
PG,2021-12-27,150.96389770507812
PG,2022-01-03,150.1886749267578
PG,2022-01-10,147.484619140625
PG,2022-01-17,150.07794189453125
PG,2022-01-24,148.9211883544922
PG,2022-01-31,149.8768768310547
PG,2022-02-07,145.014892578125
PG,2022-02-14,148.3644561767578
PG,2022-02-21,146.82424926757812
PG,2022-02-28,143.94786071777344
PG,2022-03-07,132.8878173828125
PG,2022-03-14,139.31785583496094
PSX,2021-03-22,72.1201400756836
PSX,2021-03-29,71.13640594482422
PSX,2021-04-05,67.6035385131836
PSX,2021-04-12,67.31269073486328
PSX,2021-04-19,65.4307861328125
PSX,2021-04-26,69.21173095703125
PSX,2021-05-03,73.59999084472656
PSX,2021-05-10,75.01998138427734
PSX,2021-05-17,72.1030044555664
PSX,2021-05-24,72.8132095336914
PSX,2021-05-31,79.08988952636719
PSX,2021-06-07,78.64897155761719
PSX,2021-06-14,72.76995086669922
PSX,2021-06-21,77.84493255615234
PSX,2021-06-28,75.9947738647461
PSX,2021-07-05,71.49906921386719
PSX,2021-07-12,64.39238739013672
PSX,2021-07-19,62.39524841308594
PSX,2021-07-26,63.4846076965332
PSX,2021-08-02,63.94282150268555
PSX,2021-08-09,63.88229370117188
PSX,2021-08-16,57.017696380615234
PSX,2021-08-23,63.57197189331055
PSX,2021-08-30,60.95414733886719
PSX,2021-09-06,58.11742782592773
PSX,2021-09-13,57.802242279052734
PSX,2021-09-20,59.5708236694336
PSX,2021-09-27,63.53694915771485
PSX,2021-10-04,71.906982421875
PSX,2021-10-11,71.1102523803711
PSX,2021-10-18,72.57237243652344
PSX,2021-10-25,65.47186279296875
PSX,2021-11-01,68.08966827392578
PSX,2021-11-08,67.8270263671875
PSX,2021-11-15,60.97164916992188
PSX,2021-11-22,61.34541702270508
PSX,2021-11-29,62.00981521606445
PSX,2021-12-06,64.2421646118164
PSX,2021-12-13,63.60435104370117
PSX,2021-12-20,63.69293594360352
PSX,2021-12-27,64.18901824951172
PSX,2022-01-03,72.6046142578125
PSX,2022-01-10,78.468994140625
PSX,2022-01-17,73.91570281982422
PSX,2022-01-24,74.63322448730469
PSX,2022-01-31,78.69930267333984
PSX,2022-02-07,82.56161499023438
PSX,2022-02-14,75.35963439941406
PSX,2022-02-21,75.82447052001953
PSX,2022-02-28,75.47529602050781
PSX,2022-03-07,72.31480407714844
PSX,2022-03-14,70.51522827148438
QCOM,2021-03-22,122.00818634033205
QCOM,2021-03-29,126.41183471679688
QCOM,2021-04-05,128.96229553222656
QCOM,2021-04-12,126.79715728759766
QCOM,2021-04-19,124.24671936035156
QCOM,2021-04-26,127.33843994140624
QCOM,2021-05-03,126.46685791015624
QCOM,2021-05-10,119.4027099609375
QCOM,2021-05-17,120.60453033447266
QCOM,2021-05-24,123.43020629882812
QCOM,2021-05-31,123.24671173095705
QCOM,2021-06-07,124.1338119506836
QCOM,2021-06-14,122.6400146484375
QCOM,2021-06-21,126.9277801513672
QCOM,2021-06-28,131.47378540039062
QCOM,2021-07-05,130.41331481933594
QCOM,2021-07-12,128.8273468017578
QCOM,2021-07-19,133.59461975097656
QCOM,2021-07-26,138.13136291503906
QCOM,2021-08-02,134.8855743408203
QCOM,2021-08-09,137.0617218017578
QCOM,2021-08-16,131.02194213867188
QCOM,2021-08-23,133.5669708251953
QCOM,2021-08-30,133.36407470703125
QCOM,2021-09-06,132.17868041992188
QCOM,2021-09-13,123.76698303222656
QCOM,2021-09-20,124.02637481689452
QCOM,2021-09-27,119.2369155883789
QCOM,2021-10-04,117.23589324951172
QCOM,2021-10-11,120.61721801757812
QCOM,2021-10-18,121.9327163696289
QCOM,2021-10-25,123.24819946289062
QCOM,2021-11-01,151.03094482421875
QCOM,2021-11-08,152.80035400390625
QCOM,2021-11-15,171.38392639160156
QCOM,2021-11-22,162.8054962158203
QCOM,2021-11-29,163.51878356933594
QCOM,2021-12-06,170.99034118652344
QCOM,2021-12-13,164.40663146972656
QCOM,2021-12-20,169.93026733398438
QCOM,2021-12-27,170.05116271972656
QCOM,2022-01-03,167.7635498046875
QCOM,2022-01-10,175.46316528320312
QCOM,2022-01-17,153.3686981201172
QCOM,2022-01-24,155.11692810058594
QCOM,2022-01-31,166.88946533203125
QCOM,2022-02-07,153.09902954101562
QCOM,2022-02-14,155.88873291015625
QCOM,2022-02-21,158.94810485839844
QCOM,2022-02-28,150.88584899902344
QCOM,2022-03-07,142.25216674804688
QCOM,2022-03-14,143.7929229736328
RIVN,2021-03-22,
RIVN,2021-03-29,
RIVN,2021-04-05,
RIVN,2021-04-12,
RIVN,2021-04-19,
RIVN,2021-04-26,
RIVN,2021-05-03,
RIVN,2021-05-10,
RIVN,2021-05-17,
RIVN,2021-05-24,
RIVN,2021-05-31,
RIVN,2021-06-07,
RIVN,2021-06-14,
RIVN,2021-06-21,
RIVN,2021-06-28,
RIVN,2021-07-05,
RIVN,2021-07-12,
RIVN,2021-07-19,
RIVN,2021-07-26,
RIVN,2021-08-02,
RIVN,2021-08-09,
RIVN,2021-08-16,
RIVN,2021-08-23,
RIVN,2021-08-30,
RIVN,2021-09-06,
RIVN,2021-09-13,
RIVN,2021-09-20,
RIVN,2021-09-27,
RIVN,2021-10-04,
RIVN,2021-10-11,
RIVN,2021-10-18,
RIVN,2021-10-25,
RIVN,2021-11-01,
RIVN,2021-11-08,129.9499969482422
RIVN,2021-11-15,128.60000610351562
RIVN,2021-11-22,112.12999725341795
RIVN,2021-11-29,104.66999816894533
RIVN,2021-12-06,114.66000366210938
RIVN,2021-12-13,97.6999969482422
RIVN,2021-12-20,96.83999633789062
RIVN,2021-12-27,103.69000244140624
RIVN,2022-01-03,86.27999877929688
RIVN,2022-01-10,79.94999694824219
RIVN,2022-01-17,64.51000213623047
RIVN,2022-01-24,57.119998931884766
RIVN,2022-01-31,60.869998931884766
RIVN,2022-02-07,58.84999847412109
RIVN,2022-02-14,66.37000274658203
RIVN,2022-02-21,63.43000030517578
RIVN,2022-02-28,47.38999938964844
RIVN,2022-03-07,38.04999923706055
RIVN,2022-03-14,45.59999847412109
RTX,2021-03-22,71.07423400878906
RTX,2021-03-29,70.26502227783203
RTX,2021-04-05,71.18334197998047
RTX,2021-04-12,71.11971282958984
RTX,2021-04-19,73.22911834716797
RTX,2021-04-26,75.68401336669922
RTX,2021-05-03,77.9298095703125
RTX,2021-05-10,78.08438110351562
RTX,2021-05-17,78.0207290649414
RTX,2021-05-24,81.14315795898438
RTX,2021-05-31,81.42669677734375
RTX,2021-06-07,81.234619140625
RTX,2021-06-14,78.59114837646484
RTX,2021-06-21,79.3228988647461
RTX,2021-06-28,79.30460357666016
RTX,2021-07-05,79.01188659667969
RTX,2021-07-12,76.40499114990234
RTX,2021-07-19,78.49050903320312
RTX,2021-07-26,79.53327178955078
RTX,2021-08-02,80.10952758789062
RTX,2021-08-09,79.80768585205078
RTX,2021-08-16,76.88066101074219
RTX,2021-08-23,78.58434295654297
RTX,2021-08-30,76.97401428222656
RTX,2021-09-06,76.37589263916016
RTX,2021-09-13,76.7347640991211
RTX,2021-09-20,80.20389556884766
RTX,2021-09-27,80.49833679199219
RTX,2021-10-04,83.38775634765625
RTX,2021-10-11,83.66381072998047
RTX,2021-10-18,84.52876281738281
RTX,2021-10-25,81.76821899414062
RTX,2021-11-01,83.90304565429688
RTX,2021-11-08,81.76821899414062
RTX,2021-11-15,78.61196899414062
RTX,2021-11-22,76.82390594482422
RTX,2021-11-29,75.07455444335938
RTX,2021-12-06,79.748779296875
RTX,2021-12-13,76.1574935913086
RTX,2021-12-20,78.58253479003906
RTX,2021-12-27,79.65620422363281
RTX,2022-01-03,83.7103042602539
RTX,2022-01-10,85.45966339111328
RTX,2022-01-17,80.72064208984375
RTX,2022-01-24,83.60850524902344
RTX,2022-01-31,86.08905792236328
RTX,2022-02-07,88.1808853149414
RTX,2022-02-14,86.42227935791016
RTX,2022-02-21,90.81884765625
RTX,2022-02-28,92.6919403076172
RTX,2022-03-07,90.20687103271484
RTX,2022-03-14,90.76531219482422
SLB,2021-03-22,26.176267623901367
SLB,2021-03-29,25.98209571838379
SLB,2021-04-05,24.743091583251957
SLB,2021-04-12,24.308513641357425
SLB,2021-04-19,23.77223014831543
SLB,2021-04-26,25.01123046875
SLB,2021-05-03,29.48644256591797
SLB,2021-05-10,30.337100982666016
SLB,2021-05-17,29.541915893554688
SLB,2021-05-24,28.96864891052246
SLB,2021-05-31,33.675010681152344
SLB,2021-06-07,32.38956069946289
SLB,2021-06-14,29.047557830810547
SLB,2021-06-21,30.959922790527344
SLB,2021-06-28,30.440059661865234
SLB,2021-07-05,28.95472526550293
SLB,2021-07-12,25.87265968322754
SLB,2021-07-19,26.37395477294922
SLB,2021-07-26,26.76385498046875
SLB,2021-08-02,26.38323402404785
SLB,2021-08-09,26.318256378173828
SLB,2021-08-16,24.563703536987305
SLB,2021-08-23,26.99593734741211
SLB,2021-08-30,26.076889038085938
SLB,2021-09-06,24.97114944458008
SLB,2021-09-13,26.397804260253903
SLB,2021-09-20,27.050525665283203
SLB,2021-09-27,28.30933952331543
SLB,2021-10-04,29.52153205871582
SLB,2021-10-11,31.70347595214844
SLB,2021-10-18,31.61955451965332
SLB,2021-10-25,30.08100128173828
SLB,2021-11-01,31.246564865112305
SLB,2021-11-08,30.547229766845703
SLB,2021-11-15,28.020278930664062
SLB,2021-11-22,27.69391632080078
SLB,2021-11-29,27.26498413085937
SLB,2021-12-06,29.01912498474121
SLB,2021-12-13,27.12759017944336
SLB,2021-12-20,27.68943214416504
SLB,2021-12-27,28.045265197753903
SLB,2022-01-03,32.802188873291016
SLB,2022-01-10,35.40538787841797
SLB,2022-01-17,34.047607421875
SLB,2022-01-24,37.15646743774414
SLB,2022-01-31,36.06087493896485
SLB,2022-02-07,38.03667831420898
SLB,2022-02-14,37.76999282836914
SLB,2022-02-21,37.056114196777344
SLB,2022-02-28,36.57706451416016
SLB,2022-03-07,40.29676818847656
SLB,2022-03-14,37.31912612915039
T,2021-03-22,17.272308349609375
T,2021-03-29,17.36348533630371
T,2021-04-05,17.11844825744629
T,2021-04-12,17.45570945739746
T,2021-04-19,18.30081367492676
T,2021-04-26,18.306642532348636
T,2021-05-03,18.743762969970703
T,2021-05-10,18.79038619995117
T,2021-05-17,17.49068260192871
T,2021-05-24,17.152647018432617
T,2021-05-31,17.05939292907715
T,2021-06-07,17.088529586791992
T,2021-06-14,16.698034286499023
T,2021-06-21,16.837915420532227
T,2021-06-28,17.03607749938965
T,2021-07-05,16.58146858215332
T,2021-07-12,16.920021057128906
T,2021-07-19,16.806589126586914
T,2021-07-26,16.74688148498535
T,2021-08-02,16.693147659301758
T,2021-08-09,16.83046531677246
T,2021-08-16,16.460302352905273
T,2021-08-23,16.197607040405273
T,2021-08-30,16.454336166381836
T,2021-09-06,16.227458953857422
T,2021-09-13,16.43642234802246
T,2021-09-20,16.197607040405273
T,2021-09-27,16.215518951416016
T,2021-10-04,15.982672691345217
T,2021-10-11,15.740663528442385
T,2021-10-18,15.612042427062988
T,2021-10-25,15.471176147460938
T,2021-11-01,15.37317943572998
T,2021-11-08,15.275181770324709
T,2021-11-15,14.77907657623291
T,2021-11-22,14.834197998046877
T,2021-11-29,14.368714332580566
T,2021-12-06,13.988977432250977
T,2021-12-13,14.564708709716797
T,2021-12-20,15.23231029510498
T,2021-12-27,15.066940307617188
T,2022-01-03,16.102025985717773
T,2022-01-10,17.097978591918945
T,2022-01-17,16.739408493041992
T,2022-01-24,15.858721733093262
T,2022-01-31,15.147876739501951
T,2022-02-07,15.179332733154297
T,2022-02-14,15.015777587890623
T,2022-02-21,15.040934562683104
T,2022-02-28,15.015777587890623
T,2022-03-07,14.588010787963867
T,2022-03-14,14.606881141662598
TGT,2021-03-22,181.72064208984372
TGT,2021-03-29,181.5126495361328
TGT,2021-04-05,185.7086334228516
TGT,2021-04-12,188.5933990478516
TGT,2021-04-19,186.29641723632807
TGT,2021-04-26,187.42678833007807
TGT,2021-05-03,194.1638946533203
TGT,2021-05-10,190.9535980224609
TGT,2021-05-17,203.55064392089844
TGT,2021-05-24,205.8720550537109
TGT,2021-05-31,209.882080078125
TGT,2021-06-07,211.33367919921875
TGT,2021-06-14,209.14724731445312
TGT,2021-06-21,218.23782348632807
TGT,2021-06-28,223.70852661132807
TGT,2021-07-05,225.5229949951172
TGT,2021-07-12,227.8545837402344
TGT,2021-07-19,236.81820678710935
TGT,2021-07-26,236.83631896972656
TGT,2021-08-02,235.96539306640625
TGT,2021-08-09,237.2808990478516
TGT,2021-08-16,229.8959197998047
TGT,2021-08-23,226.8431854248047
TGT,2021-08-30,222.4097442626953
TGT,2021-09-06,222.61907958984372
TGT,2021-09-13,224.5581970214844
TGT,2021-09-20,219.7969970703125
TGT,2021-09-27,207.94412231445312
TGT,2021-10-04,208.381103515625
TGT,2021-10-11,223.6842498779297
TGT,2021-10-18,232.98809814453125
TGT,2021-10-25,236.3472900390625
TGT,2021-11-01,231.47689819335935
TGT,2021-11-08,236.71145629882807
TGT,2021-11-15,228.2269287109375
TGT,2021-11-22,225.2340087890625
TGT,2021-11-29,226.14749145507807
TGT,2021-12-06,217.57000732421875
TGT,2021-12-13,203.98675537109372
TGT,2021-12-20,201.8857421875
TGT,2021-12-27,211.4132537841797
TGT,2022-01-03,210.8103485107422
TGT,2022-01-10,202.2420196533203
TGT,2022-01-17,198.45111083984372
TGT,2022-01-24,198.83477783203125
TGT,2022-01-31,195.51889038085935
TGT,2022-02-07,193.2534942626953
TGT,2022-02-14,186.70388793945312
TGT,2022-02-21,182.76995849609372
TGT,2022-02-28,205.59555053710935
TGT,2022-03-07,189.88003540039065
TGT,2022-03-14,207.384521484375
TSLA,2021-03-22,206.23666381835935
TSLA,2021-03-29,220.5833282470703
TSLA,2021-04-05,225.67333984375
TSLA,2021-04-12,246.5933380126953
TSLA,2021-04-19,243.13333129882807
TSLA,2021-04-26,236.47999572753903
TSLA,2021-05-03,224.1233367919922
TSLA,2021-05-10,196.5800018310547
TSLA,2021-05-17,193.6266632080078
TSLA,2021-05-24,208.4066619873047
TSLA,2021-05-31,199.68333435058597
TSLA,2021-06-07,203.29666137695312
TSLA,2021-06-14,207.7700042724609
TSLA,2021-06-21,223.9566650390625
TSLA,2021-06-28,226.3000030517578
TSLA,2021-07-05,218.98333740234372
TSLA,2021-07-12,214.7400054931641
TSLA,2021-07-19,214.4600067138672
TSLA,2021-07-26,229.0666656494141
TSLA,2021-08-02,233.0333404541016
TSLA,2021-08-09,239.05667114257807
TSLA,2021-08-16,226.7533264160156
TSLA,2021-08-23,237.30667114257807
TSLA,2021-08-30,244.52333068847656
TSLA,2021-09-06,245.42333984375
TSLA,2021-09-13,253.163330078125
TSLA,2021-09-20,258.1300048828125
TSLA,2021-09-27,258.4066772460937
TSLA,2021-10-04,261.8299865722656
TSLA,2021-10-11,281.010009765625
TSLA,2021-10-18,303.2266540527344
TSLA,2021-10-25,371.3333435058594
TSLA,2021-11-01,407.36334228515625
TSLA,2021-11-08,344.47332763671875
TSLA,2021-11-15,379.0199890136719
TSLA,2021-11-22,360.6400146484375
TSLA,2021-11-29,338.3233337402344
TSLA,2021-12-06,339.010009765625
TSLA,2021-12-13,310.8566589355469
TSLA,2021-12-20,355.6666564941406
TSLA,2021-12-27,352.260009765625
TSLA,2022-01-03,342.32000732421875
TSLA,2022-01-10,349.8699951171875
TSLA,2022-01-17,314.6333312988281
TSLA,2022-01-24,282.1166687011719
TSLA,2022-01-31,307.7733459472656
TSLA,2022-02-07,286.6666564941406
TSLA,2022-02-14,285.6600036621094
TSLA,2022-02-21,269.9566650390625
TSLA,2022-02-28,279.42999267578125
TSLA,2022-03-07,265.1166687011719
TSLA,2022-03-14,301.7966613769531
TSM,2021-03-22,108.61376190185548
TSM,2021-03-29,116.29204559326172
TSM,2021-04-05,114.42838287353516
TSM,2021-04-12,110.73833465576172
TSM,2021-04-19,110.55199432373048
TSM,2021-04-26,108.78148651123048
TSM,2021-05-03,108.86536407470705
TSM,2021-05-10,104.79328918457033
TSM,2021-05-17,104.22486877441406
TSM,2021-05-24,109.3592300415039
TSM,2021-05-31,111.36267852783205
TSM,2021-06-07,110.18856048583984
TSM,2021-06-14,107.89627075195312
TSM,2021-06-21,109.00235748291016
TSM,2021-06-28,111.22862243652344
TSM,2021-07-05,112.7720184326172
TSM,2021-07-12,108.26338958740234
TSM,2021-07-19,109.24555206298828
TSM,2021-07-26,109.105224609375
TSM,2021-08-02,110.57383728027344
TSM,2021-08-09,108.03887939453124
TSM,2021-08-16,101.13562774658205
TSM,2021-08-23,110.8357391357422
TSM,2021-08-30,115.96175384521484
TSM,2021-09-06,115.0263442993164
TSM,2021-09-13,110.14354705810548
TSM,2021-09-20,108.61412811279295
TSM,2021-09-27,104.7820281982422
TSM,2021-10-04,103.35436248779295
TSM,2021-10-11,107.88153839111328
TSM,2021-10-18,107.28980255126952
TSM,2021-10-25,106.7920150756836
TSM,2021-11-01,110.64290618896484
TSM,2021-11-08,111.47884368896484
TSM,2021-11-15,116.71041870117188
TSM,2021-11-22,109.97603607177734
TSM,2021-11-29,112.07994842529295
TSM,2021-12-06,111.89210510253906
TSM,2021-12-13,109.25281524658205
TSM,2021-12-20,113.81680297851562
TSM,2021-12-27,113.46784210205078
TSM,2022-01-03,116.47642517089844
TSM,2022-01-10,132.6605224609375
TSM,2022-01-17,117.44784545898438
TSM,2022-01-24,110.92139434814452
TSM,2022-01-31,114.13745880126952
TSM,2022-02-07,114.1280288696289
TSM,2022-02-14,112.52471923828124
TSM,2022-02-21,104.90424346923828
TSM,2022-02-28,99.08512115478516
TSM,2022-03-07,95.64271545410156
TSM,2022-03-14,100.65071105957033
UNH,2021-03-22,355.306396484375
UNH,2021-03-29,346.42559814453125
UNH,2021-04-05,355.136474609375
UNH,2021-04-12,369.0191040039063
UNH,2021-04-19,377.796142578125
UNH,2021-04-26,376.37103271484375
UNH,2021-05-03,394.1609191894531
UNH,2021-05-10,386.7524108886719
UNH,2021-05-17,388.4794921875
UNH,2021-05-24,388.7532653808594
UNH,2021-05-31,382.8263549804688
UNH,2021-06-07,375.5122375488281
UNH,2021-06-14,367.4714050292969
UNH,2021-06-21,383.5750122070313
UNH,2021-06-28,387.7521667480469
UNH,2021-07-05,390.3569641113281
UNH,2021-07-12,397.5464172363281
UNH,2021-07-19,395.6519775390625
UNH,2021-07-26,390.4611206054688
UNH,2021-08-02,393.2080993652344
UNH,2021-08-09,388.0458068847656
UNH,2021-08-16,407.0279541015625
UNH,2021-08-23,396.6559753417969
UNH,2021-08-30,400.5395812988281
UNH,2021-09-06,382.5898132324219
UNH,2021-09-13,399.3789978027344
UNH,2021-09-20,386.9459533691406
UNH,2021-09-27,373.0204772949219
UNH,2021-10-04,388.2576293945313
UNH,2021-10-11,406.8978271484375
UNH,2021-10-18,426.9446716308594
UNH,2021-10-25,437.69525146484375
UNH,2021-11-01,433.2657470703125
UNH,2021-11-08,436.2884521484375
UNH,2021-11-15,418.2377014160156
UNH,2021-11-22,418.1521911621094
UNH,2021-11-29,427.0967712402344
UNH,2021-12-06,456.0595703125
UNH,2021-12-13,464.5373840332031
UNH,2021-12-20,472.4144287109375
UNH,2021-12-27,478.861083984375
UNH,2022-01-03,437.3395690917969
UNH,2022-01-10,446.96185302734375
UNH,2022-01-17,439.7904052734375
UNH,2022-01-24,444.4537353515625
UNH,2022-01-31,460.7704772949219
UNH,2022-02-07,455.9641723632813
UNH,2022-02-14,446.12255859375
UNH,2022-02-21,453.6944885253906
UNH,2022-02-28,475.5328369140625
UNH,2022-03-07,460.484375
UNH,2022-03-14,484.0848083496094
VZ,2021-03-22,45.769508361816406
VZ,2021-03-29,45.86391067504883
VZ,2021-04-05,45.22669219970703
VZ,2021-04-12,46.34143829345703
VZ,2021-04-19,45.56219482421875
VZ,2021-04-26,45.95181655883789
VZ,2021-05-03,46.69130325317383
VZ,2021-05-10,46.66744995117188
VZ,2021-05-17,45.2520866394043
VZ,2021-05-24,44.91812133789063
VZ,2021-05-31,45.56219482421875
VZ,2021-06-07,45.5860481262207
VZ,2021-06-14,44.3853645324707
VZ,2021-06-21,44.83065414428711
VZ,2021-06-28,44.878360748291016
VZ,2021-07-05,44.58414459228516
VZ,2021-07-12,45.39859771728516
VZ,2021-07-19,44.9322395324707
VZ,2021-07-26,44.85182189941406
VZ,2021-08-02,44.40153884887695
VZ,2021-08-09,44.92419052124024
VZ,2021-08-16,44.64277267456055
VZ,2021-08-23,44.03969955444336
VZ,2021-08-30,44.57039642333984
VZ,2021-09-06,43.60549545288086
VZ,2021-09-13,43.645694732666016
VZ,2021-09-20,43.71806335449219
VZ,2021-09-27,43.66177749633789
VZ,2021-10-04,42.80945587158203
VZ,2021-10-11,42.52863693237305
VZ,2021-10-18,43.06563568115234
VZ,2021-10-25,43.11444854736328
VZ,2021-11-01,42.50422668457031
VZ,2021-11-08,42.58559036254883
VZ,2021-11-15,41.38141250610352
VZ,2021-11-22,42.14622497558594
VZ,2021-11-29,41.837039947509766
VZ,2021-12-06,40.836273193359375
VZ,2021-12-13,43.26090240478516
VZ,2021-12-20,42.86222457885742
VZ,2021-12-27,42.276405334472656
VZ,2022-01-03,44.13149642944336
VZ,2022-01-10,43.87269973754883
VZ,2022-01-17,43.773887634277344
VZ,2022-01-24,43.55979919433594
VZ,2022-01-31,43.89739990234375
VZ,2022-02-07,43.90563583374024
VZ,2022-02-14,44.32558822631836
VZ,2022-02-21,44.56438446044922
VZ,2022-02-28,45.379581451416016
VZ,2022-03-07,43.675071716308594
VZ,2022-03-14,41.83058166503906
WFC,2021-03-22,36.14162826538086
WFC,2021-03-29,36.02345657348633
WFC,2021-04-05,36.81428527832031
WFC,2021-04-12,39.8503303527832
WFC,2021-04-19,39.86850357055664
WFC,2021-04-26,40.95019912719727
WFC,2021-05-03,42.30460739135742
WFC,2021-05-10,42.77951049804688
WFC,2021-05-17,41.795654296875
WFC,2021-05-24,42.56087493896485
WFC,2021-05-31,42.77951049804688
WFC,2021-06-07,41.61346054077149
WFC,2021-06-14,38.0333137512207
WFC,2021-06-21,42.25114440917969
WFC,2021-06-28,41.05776596069336
WFC,2021-07-05,40.00103378295898
WFC,2021-07-12,40.33808898925781
WFC,2021-07-19,40.6204948425293
WFC,2021-07-26,41.85030746459961
WFC,2021-08-02,44.42838287353516
WFC,2021-08-09,46.08566665649414
WFC,2021-08-16,43.38658905029297
WFC,2021-08-23,45.57329559326172
WFC,2021-08-30,40.41301727294922
WFC,2021-09-06,40.55941390991211
WFC,2021-09-13,42.517391204833984
WFC,2021-09-20,43.844051361083984
WFC,2021-09-27,43.02061080932617
WFC,2021-10-04,43.9172477722168
WFC,2021-10-11,44.264930725097656
WFC,2021-10-18,46.35099792480469
WFC,2021-10-25,46.8084716796875
WFC,2021-11-01,46.14971160888672
WFC,2021-11-08,46.80550384521485
WFC,2021-11-15,44.839969635009766
WFC,2021-11-22,44.48176193237305
WFC,2021-11-29,43.85719680786133
WFC,2021-12-06,46.10746765136719
WFC,2021-12-13,44.0408935546875
WFC,2021-12-20,44.4174690246582
WFC,2021-12-27,44.06844711303711
WFC,2022-01-03,50.30490112304688
WFC,2022-01-10,53.32667922973633
WFC,2022-01-17,49.29457092285156
WFC,2022-01-24,49.77217864990234
WFC,2022-01-31,51.73771667480469
WFC,2022-02-07,53.7967643737793
WFC,2022-02-14,51.32420349121094
WFC,2022-02-21,49.92184448242188
WFC,2022-02-28,45.01362228393555
WFC,2022-03-07,44.7183837890625
WFC,2022-03-14,47.4400520324707
WMT,2021-03-22,42.54753875732422
WMT,2021-03-29,42.70183181762695
WMT,2021-04-05,44.01166534423828
WMT,2021-04-12,44.27299499511719
WMT,2021-04-19,44.04944610595703
WMT,2021-04-26,44.05259704589844
WMT,2021-05-03,44.14390182495117
WMT,2021-05-10,44.102317810058594
WMT,2021-05-17,44.807220458984375
WMT,2021-05-24,44.89572525024414
WMT,2021-05-31,44.83881759643555
WMT,2021-06-07,44.49112319946289
WMT,2021-06-14,42.727272033691406
WMT,2021-06-21,43.78938293457031
WMT,2021-06-28,44.28881454467773
WMT,2021-07-05,44.34887313842773
WMT,2021-07-12,44.747161865234375
WMT,2021-07-19,45.02216339111328
WMT,2021-07-26,45.060096740722656
WMT,2021-08-02,45.9072494506836
WMT,2021-08-09,47.2664794921875
WMT,2021-08-16,48.049560546875
WMT,2021-08-23,46.485450744628906
WMT,2021-08-30,47.3515853881836
WMT,2021-09-06,46.28557586669922
WMT,2021-09-13,45.91754913330078
WMT,2021-09-20,45.4226188659668
WMT,2021-09-27,43.4809684753418
WMT,2021-10-04,44.30902862548828
WMT,2021-10-11,44.59139251708984
WMT,2021-10-18,47.062870025634766
WMT,2021-10-25,47.405521392822266
WMT,2021-11-01,47.66250991821289
WMT,2021-11-08,46.87886428833008
WMT,2021-11-15,45.17515563964844
WMT,2021-11-22,45.97148513793945
WMT,2021-11-29,43.62691116333008
WMT,2021-12-06,44.7436752319336
WMT,2021-12-13,44.19755554199219
WMT,2021-12-20,44.43327331542969
WMT,2021-12-27,46.08968734741211
WMT,2022-01-03,46.15340042114258
WMT,2022-01-10,46.20754623413086
WMT,2022-01-17,44.65625762939453
WMT,2022-01-24,43.80575180053711
WMT,2022-01-31,44.38230514526367
WMT,2022-02-07,43.10814666748047
WMT,2022-02-14,43.95546722412109
WMT,2022-02-21,43.44261932373047
WMT,2022-02-28,45.49401473999024
WMT,2022-03-07,45.25511169433594
WMT,2022-03-14,46.32859802246094
XOM,2021-03-22,49.28759765625
XOM,2021-03-29,49.0142936706543
XOM,2021-04-05,47.71612548828125
XOM,2021-04-12,48.39082336425781
XOM,2021-04-19,47.45991134643555
XOM,2021-04-26,48.88618850708008
XOM,2021-05-03,53.3187370300293
XOM,2021-05-10,51.90100860595703
XOM,2021-05-17,51.05406951904297
XOM,2021-05-24,50.57749938964844
XOM,2021-05-31,53.24632263183594
XOM,2021-06-07,53.87019348144531
XOM,2021-06-14,52.33649444580078
XOM,2021-06-21,56.02777862548828
XOM,2021-06-28,54.736698150634766
XOM,2021-07-05,53.0556869506836
XOM,2021-07-12,49.66768646240234
XOM,2021-07-19,49.42506408691406
XOM,2021-07-26,49.88430404663086
XOM,2021-08-02,50.135589599609375
XOM,2021-08-09,49.191104888916016
XOM,2021-08-16,46.39080810546875
XOM,2021-08-23,49.0560417175293
XOM,2021-08-30,48.26437759399414
XOM,2021-09-06,47.48152160644531
XOM,2021-09-13,48.519474029541016
XOM,2021-09-20,50.65693283081055
XOM,2021-09-27,53.594844818115234
XOM,2021-10-04,54.69435119628906
XOM,2021-10-11,55.05499649047852
XOM,2021-10-18,55.52119064331055
XOM,2021-10-25,56.70867156982422
XOM,2021-11-01,57.19245529174805
XOM,2021-11-08,56.13692474365234
XOM,2021-11-15,54.08334732055664
XOM,2021-11-22,54.600372314453125
XOM,2021-11-29,54.27945327758789
XOM,2021-12-06,56.16929626464844
XOM,2021-12-13,53.51282501220703
XOM,2021-12-20,54.39534378051758
XOM,2021-12-27,54.54688262939453
XOM,2022-01-03,61.40202713012695
XOM,2022-01-10,64.06741333007812
XOM,2022-01-17,64.3348388671875
XOM,2022-01-24,67.1072006225586
XOM,2022-01-31,72.57170104980469
XOM,2022-02-07,71.5019760131836
XOM,2022-02-14,69.72588348388672
XOM,2022-02-21,70.15850067138672
XOM,2022-02-28,75.79175567626953
XOM,2022-03-07,76.53984069824219
XOM,2022-03-14,70.9066162109375
