Stock,Date Fetched,Last Price ($)
AAPL,2024-03-18,171.47035217285156
AAPL,2024-03-25,170.67410278320312
AAPL,2024-04-01,168.78302001953125
AAPL,2024-04-08,175.7202911376953
AAPL,2024-04-15,164.2245635986328
AAPL,2024-04-22,168.5043487548828
AAPL,2024-04-29,182.51817321777344
AAPL,2024-05-06,182.1897430419922
AAPL,2024-05-13,189.23399353027344
AAPL,2024-05-20,189.3436279296875
AAPL,2024-05-27,191.6060333251953
AAPL,2024-06-03,196.23048400878903
AAPL,2024-06-10,211.7782287597656
AAPL,2024-06-17,206.7949981689453
AAPL,2024-06-24,209.9144897460937
AAPL,2024-07-01,225.5818328857422
AAPL,2024-07-08,229.76776123046875
AAPL,2024-07-15,223.5586395263672
AAPL,2024-07-22,217.2299041748047
AAPL,2024-07-29,219.12355041503903
AAPL,2024-08-05,215.51568603515625
AAPL,2024-08-12,225.2928161621093
AAPL,2024-08-19,226.3418426513672
AAPL,2024-08-26,228.49710083007807
AAPL,2024-09-02,220.33506774902344
AAPL,2024-09-09,222.0113677978516
AAPL,2024-09-16,227.6988525390625
AAPL,2024-09-23,227.2897491455078
AAPL,2024-09-30,226.30194091796875
AAPL,2024-10-07,227.05029296875
AAPL,2024-10-14,234.4839324951172
AAPL,2024-10-21,230.9018096923828
AAPL,2024-10-28,222.4204864501953
AAPL,2024-11-04,226.4615936279297
AAPL,2024-11-11,224.7528839111328
AAPL,2024-11-18,229.61753845214844
AAPL,2024-11-25,237.06935119628903
AAPL,2024-12-02,242.5732879638672
AAPL,2024-12-09,247.85748291015625
AAPL,2024-12-16,254.21051025390625
AAPL,2024-12-23,255.30929565429688
AAPL,2024-12-30,243.0927276611328
AAPL,2025-01-06,236.58987426757807
AAPL,2025-01-13,229.7274169921875
AAPL,2025-01-20,222.5353240966797
AAPL,2025-01-27,235.7408142089844
AAPL,2025-02-03,227.3800048828125
AAPL,2025-02-10,244.3313751220703
AAPL,2025-02-17,245.5500030517578
AAPL,2025-02-24,241.83999633789065
AAPL,2025-03-03,239.07000732421875
AAPL,2025-03-10,213.4900054931641
AAPL,2025-03-17,218.2700042724609
AAPL,2025-03-24,217.8999938964844
AAPL,2025-03-31,188.3800048828125
AMD,2024-03-18,179.64999389648438
AMD,2024-03-25,180.4900054931641
AMD,2024-04-01,170.4199981689453
AMD,2024-04-08,163.27999877929688
AMD,2024-04-15,146.63999938964844
AMD,2024-04-22,157.39999389648438
AMD,2024-04-29,150.60000610351562
AMD,2024-05-06,151.9199981689453
AMD,2024-05-13,164.47000122070312
AMD,2024-05-20,166.36000061035156
AMD,2024-05-27,166.89999389648438
AMD,2024-06-03,167.8699951171875
AMD,2024-06-10,159.6300048828125
AMD,2024-06-17,161.22999572753906
AMD,2024-06-24,162.2100067138672
AMD,2024-07-01,171.89999389648438
AMD,2024-07-08,181.6100006103516
AMD,2024-07-15,151.5800018310547
AMD,2024-07-22,139.99000549316406
AMD,2024-07-29,132.5
AMD,2024-08-05,134.27000427246094
AMD,2024-08-12,148.55999755859375
AMD,2024-08-19,154.97999572753906
AMD,2024-08-26,148.55999755859375
AMD,2024-09-02,134.35000610351562
AMD,2024-09-09,152.30999755859375
AMD,2024-09-16,155.9499969482422
AMD,2024-09-23,164.35000610351562
AMD,2024-09-30,170.89999389648438
AMD,2024-10-07,167.88999938964844
AMD,2024-10-14,155.97000122070312
AMD,2024-10-21,156.22999572753906
AMD,2024-10-28,141.86000061035156
AMD,2024-11-04,147.9499969482422
AMD,2024-11-11,134.89999389648438
AMD,2024-11-18,138.35000610351562
AMD,2024-11-25,137.17999267578125
AMD,2024-12-02,138.58999633789062
AMD,2024-12-09,126.91000366210938
AMD,2024-12-16,119.20999908447266
AMD,2024-12-23,125.19000244140624
AMD,2024-12-30,125.37000274658205
AMD,2025-01-06,116.04000091552734
AMD,2025-01-13,121.45999908447266
AMD,2025-01-20,122.83999633789062
AMD,2025-01-27,115.9499969482422
AMD,2025-02-03,107.55999755859376
AMD,2025-02-10,113.0999984741211
AMD,2025-02-17,110.83999633789062
AMD,2025-02-24,99.86000061035156
AMD,2025-03-03,100.30999755859376
AMD,2025-03-10,100.97000122070312
AMD,2025-03-17,106.44000244140624
AMD,2025-03-24,103.22000122070312
AMD,2025-03-31,85.76000213623047
AMZN,2024-03-18,178.8699951171875
AMZN,2024-03-25,180.3800048828125
AMZN,2024-04-01,185.07000732421875
AMZN,2024-04-08,186.1300048828125
AMZN,2024-04-15,174.6300048828125
AMZN,2024-04-22,179.6199951171875
AMZN,2024-04-29,186.2100067138672
AMZN,2024-05-06,187.47999572753903
AMZN,2024-05-13,184.6999969482422
AMZN,2024-05-20,180.75
AMZN,2024-05-27,176.44000244140625
AMZN,2024-06-03,184.3000030517578
AMZN,2024-06-10,183.6600036621093
AMZN,2024-06-17,189.0800018310547
AMZN,2024-06-24,193.25
AMZN,2024-07-01,200.0
AMZN,2024-07-08,194.4900054931641
AMZN,2024-07-15,183.1300048828125
AMZN,2024-07-22,182.5
AMZN,2024-07-29,167.89999389648438
AMZN,2024-08-05,166.94000244140625
AMZN,2024-08-12,177.05999755859375
AMZN,2024-08-19,177.0399932861328
AMZN,2024-08-26,178.5
AMZN,2024-09-02,171.38999938964844
AMZN,2024-09-09,186.4900054931641
AMZN,2024-09-16,191.6000061035156
AMZN,2024-09-23,187.97000122070312
AMZN,2024-09-30,186.509994506836
AMZN,2024-10-07,188.82000732421875
AMZN,2024-10-14,188.9900054931641
AMZN,2024-10-21,187.8300018310547
AMZN,2024-10-28,197.92999267578125
AMZN,2024-11-04,208.17999267578125
AMZN,2024-11-11,202.6100006103516
AMZN,2024-11-18,197.1199951171875
AMZN,2024-11-25,207.88999938964844
AMZN,2024-12-02,227.02999877929688
AMZN,2024-12-09,227.4600067138672
AMZN,2024-12-16,224.9199981689453
AMZN,2024-12-23,223.75
AMZN,2024-12-30,224.19000244140625
AMZN,2025-01-06,218.94000244140625
AMZN,2025-01-13,225.94000244140625
AMZN,2025-01-20,234.8500061035156
AMZN,2025-01-27,237.67999267578125
AMZN,2025-02-03,229.1499938964844
AMZN,2025-02-10,228.67999267578125
AMZN,2025-02-17,216.5800018310547
AMZN,2025-02-24,212.27999877929688
AMZN,2025-03-03,199.25
AMZN,2025-03-10,197.9499969482422
AMZN,2025-03-17,196.2100067138672
AMZN,2025-03-24,192.72000122070312
AMZN,2025-03-31,171.0
AVGO,2024-03-18,133.1453094482422
AVGO,2024-03-25,130.9402313232422
AVGO,2024-04-01,132.32528686523438
AVGO,2024-04-08,132.78367614746094
AVGO,2024-04-15,119.01599884033205
AVGO,2024-04-22,132.78367614746094
AVGO,2024-04-29,126.2673568725586
AVGO,2024-05-06,131.6702880859375
AVGO,2024-05-13,137.84385681152344
AVGO,2024-05-20,139.08364868164062
AVGO,2024-05-27,131.25042724609375
AVGO,2024-06-03,138.96511840820312
AVGO,2024-06-10,171.4084930419922
AVGO,2024-06-17,163.85980224609375
AVGO,2024-06-24,158.61392211914062
AVGO,2024-07-01,168.80813598632812
AVGO,2024-07-08,168.5465087890625
AVGO,2024-07-15,155.9431915283203
AVGO,2024-07-22,150.2743377685547
AVGO,2024-07-29,142.5341796875
AVGO,2024-08-05,146.9344482421875
AVGO,2024-08-12,164.2383575439453
AVGO,2024-08-19,164.87265014648438
AVGO,2024-08-26,161.3643035888672
AVGO,2024-09-02,135.775146484375
AVGO,2024-09-09,166.19076538085938
AVGO,2024-09-16,169.57028198242188
AVGO,2024-09-23,171.70895385742188
AVGO,2024-09-30,175.63650512695312
AVGO,2024-10-07,180.44900512695312
AVGO,2024-10-14,178.86805725097656
AVGO,2024-10-21,172.01719665527344
AVGO,2024-10-28,167.9603729248047
AVGO,2024-11-04,182.59674072265625
AVGO,2024-11-11,163.90353393554688
AVGO,2024-11-18,163.29701232910156
AVGO,2024-11-25,161.1592254638672
AVGO,2024-12-02,178.51010131835938
AVGO,2024-12-09,223.5229339599609
AVGO,2024-12-16,219.5356903076172
AVGO,2024-12-23,240.37661743164065
AVGO,2024-12-30,231.8484344482422
AVGO,2025-01-06,223.6332855224609
AVGO,2025-01-13,236.72369384765625
AVGO,2025-01-20,243.96177673339844
AVGO,2025-01-27,220.6024780273437
AVGO,2025-02-03,224.1916046142578
AVGO,2025-02-10,232.33694458007807
AVGO,2025-02-17,218.00035095214844
AVGO,2025-02-24,198.828353881836
AVGO,2025-03-03,194.3718414306641
AVGO,2025-03-10,194.95008850097656
AVGO,2025-03-17,191.0818023681641
AVGO,2025-03-24,169.1199951171875
AVGO,2025-03-31,146.2899932861328
BA,2024-03-18,188.8500061035156
BA,2024-03-25,192.9900054931641
BA,2024-04-01,183.13999938964844
BA,2024-04-08,169.5500030517578
BA,2024-04-15,169.82000732421875
BA,2024-04-22,167.22000122070312
BA,2024-04-29,179.7899932861328
BA,2024-05-06,178.50999450683594
BA,2024-05-13,184.9499969482422
BA,2024-05-20,174.52000427246094
BA,2024-05-27,177.61000061035156
BA,2024-06-03,190.2400054931641
BA,2024-06-10,177.27000427246094
BA,2024-06-17,176.55999755859375
BA,2024-06-24,182.009994506836
BA,2024-07-01,184.8300018310547
BA,2024-07-08,182.3099975585937
BA,2024-07-15,179.6699981689453
BA,2024-07-22,186.88999938964844
BA,2024-07-29,169.9499969482422
BA,2024-08-05,167.91000366210938
BA,2024-08-12,179.99000549316406
BA,2024-08-19,174.9600067138672
BA,2024-08-26,173.74000549316406
BA,2024-09-02,157.6199951171875
BA,2024-09-09,156.77000427246094
BA,2024-09-16,153.2899932861328
BA,2024-09-23,156.32000732421875
BA,2024-09-30,155.0
BA,2024-10-07,151.02000427246094
BA,2024-10-14,155.0
BA,2024-10-21,155.00999450683594
BA,2024-10-28,154.58999633789062
BA,2024-11-04,151.67999267578125
BA,2024-11-11,140.19000244140625
BA,2024-11-18,149.2899932861328
BA,2024-11-25,155.44000244140625
BA,2024-12-02,153.92999267578125
BA,2024-12-09,169.64999389648438
BA,2024-12-16,177.35000610351562
BA,2024-12-23,180.72000122070312
BA,2024-12-30,169.89999389648438
BA,2025-01-06,172.0
BA,2025-01-13,171.08999633789062
BA,2025-01-20,176.05999755859375
BA,2025-01-27,176.52000427246094
BA,2025-02-03,181.4900054931641
BA,2025-02-10,184.4199981689453
BA,2025-02-17,177.14999389648438
BA,2025-02-24,174.6300048828125
BA,2025-03-03,154.17999267578125
BA,2025-03-10,161.80999755859375
BA,2025-03-17,178.11000061035156
BA,2025-03-24,173.30999755859375
BA,2025-03-31,136.58999633789062
BAC,2024-03-18,36.15690994262695
BAC,2024-03-25,37.00593948364258
BAC,2024-04-01,36.21546173095703
BAC,2024-04-08,34.927284240722656
BAC,2024-04-15,36.07884216308594
BAC,2024-04-22,36.91810989379883
BAC,2024-04-29,36.352088928222656
BAC,2024-05-06,37.52316665649414
BAC,2024-05-13,38.34291458129883
BAC,2024-05-20,38.74303436279297
BAC,2024-05-27,39.02604293823242
BAC,2024-06-03,38.821102142333984
BAC,2024-06-10,38.52703094482422
BAC,2024-06-17,38.77248764038086
BAC,2024-06-24,39.047401428222656
BAC,2024-07-01,39.6757698059082
BAC,2024-07-08,40.83433151245117
BAC,2024-07-15,42.12053298950195
BAC,2024-07-22,40.91287612915039
BAC,2024-07-29,36.897193908691406
BAC,2024-08-05,37.584468841552734
BAC,2024-08-12,38.62521362304688
BAC,2024-08-19,39.047401428222656
BAC,2024-08-26,40.00959396362305
BAC,2024-09-02,38.05574798583984
BAC,2024-09-09,38.19515609741211
BAC,2024-09-16,39.79608917236328
BAC,2024-09-23,38.93632888793945
BAC,2024-09-30,39.63797378540039
BAC,2024-10-07,41.45631790161133
BAC,2024-10-14,41.821964263916016
BAC,2024-10-21,41.39702224731445
BAC,2024-10-28,41.268550872802734
BAC,2024-11-04,44.59889602661133
BAC,2024-11-11,46.1998291015625
BAC,2024-11-18,46.4468879699707
BAC,2024-11-25,46.95088577270508
BAC,2024-12-02,46.1998291015625
BAC,2024-12-09,45.38359451293945
BAC,2024-12-16,43.89300155639648
BAC,2024-12-23,44.06193923950195
BAC,2024-12-30,44.52899169921875
BAC,2025-01-06,44.827110290527344
BAC,2025-01-13,46.23820495605469
BAC,2025-01-20,46.22826766967773
BAC,2025-01-27,46.009647369384766
BAC,2025-02-03,47.10274887084961
BAC,2025-02-10,46.66550827026367
BAC,2025-02-17,44.52899169921875
BAC,2025-02-24,45.81089782714844
BAC,2025-03-03,41.14037704467773
BAC,2025-03-10,40.88999938964844
BAC,2025-03-17,42.470001220703125
BAC,2025-03-24,41.25
BAC,2025-03-31,34.38999938964844
C,2024-03-18,58.78951644897461
C,2024-03-25,61.12872695922852
C,2024-04-01,59.54347610473633
C,2024-04-08,57.68757629394531
C,2024-04-15,57.16560363769531
C,2024-04-22,60.56808853149414
C,2024-04-29,59.46614837646485
C,2024-05-06,61.942508697509766
C,2024-05-13,62.469017028808594
C,2024-05-20,61.99126434326172
C,2024-05-27,60.75299835205078
C,2024-06-03,60.236236572265625
C,2024-06-10,57.84746170043945
C,2024-06-17,58.490970611572266
C,2024-06-24,61.8742561340332
C,2024-07-01,62.43001937866211
C,2024-07-08,62.90777206420898
C,2024-07-15,63.51228332519531
C,2024-07-22,63.5512809753418
C,2024-07-29,57.29170227050781
C,2024-08-05,56.39469528198242
C,2024-08-12,60.44176483154297
C,2024-08-19,61.17021560668945
C,2024-08-26,61.662410736083984
C,2024-09-02,58.167816162109375
C,2024-09-09,56.76997375488281
C,2024-09-16,61.17021560668945
C,2024-09-23,60.90442657470703
C,2024-09-30,61.662410736083984
C,2024-10-07,64.71402740478516
C,2024-10-14,61.86913299560547
C,2024-10-21,60.796142578125
C,2024-10-28,62.7157096862793
C,2024-11-04,67.55892181396484
C,2024-11-11,68.2871322631836
C,2024-11-18,69.35970306396484
C,2024-11-25,70.38262176513672
C,2024-12-02,71.65382385253906
C,2024-12-09,70.52165985107422
C,2024-12-16,68.71417999267578
C,2024-12-23,70.51172637939453
C,2024-12-30,70.51172637939453
C,2025-01-06,70.90898132324219
C,2025-01-13,79.43990325927734
C,2025-01-20,80.91966247558594
C,2025-01-27,80.87000274658203
C,2025-02-03,81.15800476074219
C,2025-02-10,84.61000061035156
C,2025-02-17,79.6500015258789
C,2025-02-24,79.94999694824219
C,2025-03-03,70.45999908447266
C,2025-03-10,68.77999877929688
C,2025-03-17,71.9800033569336
C,2025-03-24,70.33000183105469
C,2025-03-31,58.130001068115234
CMCSA,2024-03-18,41.04861831665039
CMCSA,2024-03-25,41.63447189331055
CMCSA,2024-04-01,39.28143310546875
CMCSA,2024-04-08,38.091270446777344
CMCSA,2024-04-15,38.933013916015625
CMCSA,2024-04-22,37.31725311279297
CMCSA,2024-04-29,37.43335723876953
CMCSA,2024-05-06,38.03321838378906
CMCSA,2024-05-13,37.99451446533203
CMCSA,2024-05-20,37.28822708129883
CMCSA,2024-05-27,38.729827880859375
CMCSA,2024-06-03,37.694583892822266
CMCSA,2024-06-10,36.22395324707031
CMCSA,2024-06-17,37.23017501831055
CMCSA,2024-06-24,37.88808822631836
CMCSA,2024-07-01,36.630313873291016
CMCSA,2024-07-08,37.34976577758789
CMCSA,2024-07-15,39.0958137512207
CMCSA,2024-07-22,38.71538162231445
CMCSA,2024-07-29,38.92023468017578
CMCSA,2024-08-05,38.120365142822266
CMCSA,2024-08-12,38.6471061706543
CMCSA,2024-08-19,38.842193603515625
CMCSA,2024-08-26,38.598331451416016
CMCSA,2024-09-02,38.637351989746094
CMCSA,2024-09-09,38.57882308959961
CMCSA,2024-09-16,39.12507247924805
CMCSA,2024-09-23,40.61750030517578
CMCSA,2024-09-30,40.17855072021485
CMCSA,2024-10-07,40.54827117919922
CMCSA,2024-10-14,41.20671463012695
CMCSA,2024-10-21,40.94137191772461
CMCSA,2024-10-28,42.80859756469727
CMCSA,2024-11-04,43.15256118774414
CMCSA,2024-11-11,42.14032745361328
CMCSA,2024-11-18,42.72014999389648
CMCSA,2024-11-25,42.44498062133789
CMCSA,2024-12-02,42.405670166015625
CMCSA,2024-12-09,39.23138427734375
CMCSA,2024-12-16,37.56071090698242
CMCSA,2024-12-23,37.27571487426758
CMCSA,2024-12-30,37.02019882202149
CMCSA,2025-01-06,35.73279571533203
CMCSA,2025-01-13,36.251258850097656
CMCSA,2025-01-20,37.28190994262695
CMCSA,2025-01-27,33.35749816894531
CMCSA,2025-02-03,34.061119079589844
CMCSA,2025-02-10,35.07195281982422
CMCSA,2025-02-17,35.91431427001953
CMCSA,2025-02-24,35.55754852294922
CMCSA,2025-03-03,37.25218200683594
CMCSA,2025-03-10,35.11159133911133
CMCSA,2025-03-17,36.41973114013672
CMCSA,2025-03-24,36.290897369384766
CMCSA,2025-03-31,33.380001068115234
COP,2024-03-18,119.5617904663086
COP,2024-03-25,123.69198608398438
COP,2024-04-01,129.756103515625
COP,2024-04-08,127.50147247314452
COP,2024-04-15,125.7327880859375
COP,2024-04-22,126.56854248046876
COP,2024-04-29,118.78434753417967
COP,2024-05-06,118.4733657836914
COP,2024-05-13,119.0314483642578
COP,2024-05-20,114.66960906982422
COP,2024-05-27,113.91655731201172
COP,2024-06-03,109.53514862060548
COP,2024-06-10,106.98258209228516
COP,2024-06-17,108.8896713256836
COP,2024-06-24,111.86276245117188
COP,2024-07-01,110.0730438232422
COP,2024-07-08,110.65005493164062
COP,2024-07-15,111.83342742919922
COP,2024-07-22,108.42023468017578
COP,2024-07-29,103.44225311279295
COP,2024-08-05,106.21975708007812
COP,2024-08-12,108.73319244384766
COP,2024-08-19,109.73644256591795
COP,2024-08-26,112.09075164794922
COP,2024-09-02,104.43678283691406
COP,2024-09-09,101.95441436767578
COP,2024-09-16,108.2292938232422
COP,2024-09-23,103.15619659423828
COP,2024-09-30,112.82955169677734
COP,2024-10-07,108.84002685546876
COP,2024-10-14,104.09200286865234
COP,2024-10-21,102.9985809326172
COP,2024-10-28,106.22959899902344
COP,2024-11-04,109.92359924316406
COP,2024-11-11,111.41587829589844
COP,2024-11-18,110.8504638671875
COP,2024-11-25,107.46791076660156
COP,2024-12-02,102.38912963867188
COP,2024-12-09,100.2068328857422
COP,2024-12-16,94.35433197021484
COP,2024-12-23,96.13983917236328
COP,2024-12-30,100.2762680053711
COP,2025-01-06,101.0995864868164
COP,2025-01-13,104.99795532226562
COP,2025-01-20,101.01031494140624
COP,2025-01-27,98.03446197509766
COP,2025-02-03,97.56824493408205
COP,2025-02-10,95.4851531982422
COP,2025-02-17,97.94000244140624
COP,2025-02-24,99.1500015258789
COP,2025-03-03,90.62999725341795
COP,2025-03-10,98.9499969482422
COP,2025-03-17,101.91999816894533
COP,2025-03-24,102.37000274658205
COP,2025-03-31,86.29000091552734
COST,2024-03-18,730.7999877929688
COST,2024-03-25,728.6417846679688
COST,2024-04-01,709.834716796875
COST,2024-04-08,727.3289184570312
COST,2024-04-15,705.6476440429688
COST,2024-04-22,725.2105712890625
COST,2024-04-29,741.0379638671875
COST,2024-05-06,784.161376953125
COST,2024-05-13,792.7482299804688
COST,2024-05-20,806.6146240234375
COST,2024-05-27,806.7740478515625
COST,2024-06-03,842.3267211914062
COST,2024-06-10,852.3778686523438
COST,2024-06-17,845.0462036132812
COST,2024-06-24,846.7197265625
COST,2024-07-01,882.2623901367188
COST,2024-07-08,839.6570434570312
COST,2024-07-15,834.9053955078125
COST,2024-07-22,814.454345703125
COST,2024-07-29,820.0830078125
COST,2024-08-05,852.8532104492188
COST,2024-08-12,868.4751586914062
COST,2024-08-19,877.07421875
COST,2024-08-26,890.2122192382812
COST,2024-09-02,874.5503540039062
COST,2024-09-09,913.7748413085938
COST,2024-09-16,904.7767333984376
COST,2024-09-23,883.4686889648438
COST,2024-09-30,880.9647216796875
COST,2024-10-07,886.870361328125
COST,2024-10-14,887.3990478515625
COST,2024-10-21,889.0549926757812
COST,2024-10-28,875.1788330078125
COST,2024-11-04,942.75830078125
COST,2024-11-11,906.06884765625
COST,2024-11-18,962.946044921875
COST,2024-11-25,970.8073120117188
COST,2024-12-02,991.5144653320312
COST,2024-12-09,988.258056640625
COST,2024-12-16,953.0170288085938
COST,2024-12-23,938.662841796875
COST,2024-12-30,915.568359375
COST,2025-01-06,935.9058837890624
COST,2025-01-13,942.1489868164062
COST,2025-01-20,938.6428833007812
COST,2025-01-27,978.7985229492188
COST,2025-02-03,1042.657958984375
COST,2025-02-10,1071.8499755859375
COST,2025-02-17,1035.030029296875
COST,2025-02-24,1048.6099853515625
COST,2025-03-03,964.3099975585938
COST,2025-03-10,903.9199829101562
COST,2025-03-17,909.260009765625
COST,2025-03-24,929.6599731445312
COST,2025-03-31,916.47998046875
CVX,2024-03-18,148.24588012695312
CVX,2024-03-25,151.1981658935547
CVX,2024-04-01,154.8980712890625
CVX,2024-04-08,152.36756896972656
CVX,2024-04-15,153.36441040039062
CVX,2024-04-22,159.01014709472656
CVX,2024-04-29,153.60406494140625
CVX,2024-05-06,158.94305419921875
CVX,2024-05-13,155.92369079589844
CVX,2024-05-20,152.73463439941406
CVX,2024-05-27,157.13995361328125
CVX,2024-06-03,151.1177215576172
CVX,2024-06-10,147.7193145751953
CVX,2024-06-17,150.3431396484375
CVX,2024-06-24,151.4468994140625
CVX,2024-07-01,149.40399169921875
CVX,2024-07-08,150.64328002929688
CVX,2024-07-15,154.090087890625
CVX,2024-07-22,152.82174682617188
CVX,2024-07-29,143.82713317871094
CVX,2024-08-05,140.3802947998047
CVX,2024-08-12,142.58779907226562
CVX,2024-08-19,142.92666625976562
CVX,2024-08-26,144.84939575195312
CVX,2024-09-02,135.65618896484375
CVX,2024-09-09,137.66322326660156
CVX,2024-09-16,142.62696838378906
CVX,2024-09-23,142.4409637451172
CVX,2024-09-30,147.5809326171875
CVX,2024-10-07,148.24667358398438
CVX,2024-10-14,147.59072875976562
CVX,2024-10-21,147.6494598388672
CVX,2024-10-28,149.8621063232422
CVX,2024-11-04,153.64120483398438
CVX,2024-11-11,158.037109375
CVX,2024-11-18,158.9573974609375
CVX,2024-11-25,160.15362548828125
CVX,2024-12-02,153.53701782226562
CVX,2024-12-09,152.18203735351562
CVX,2024-12-16,141.28294372558594
CVX,2024-12-23,142.42031860351562
CVX,2024-12-30,146.22808837890625
CVX,2025-01-06,151.46005249023438
CVX,2025-01-13,159.69866943359375
CVX,2025-01-20,153.94252014160156
CVX,2025-01-27,147.5533905029297
CVX,2025-02-03,150.9457550048828
CVX,2025-02-10,153.6359100341797
CVX,2025-02-17,156.9199981689453
CVX,2025-02-24,158.6199951171875
CVX,2025-03-03,156.33999633789062
CVX,2025-03-10,157.02000427246094
CVX,2025-03-17,164.75
CVX,2025-03-24,166.08999633789062
CVX,2025-03-31,143.27999877929688
DIS,2024-03-18,114.8290786743164
DIS,2024-03-25,121.26077270507812
DIS,2024-04-01,117.31652069091795
DIS,2024-04-08,112.98578643798828
DIS,2024-04-15,111.5983657836914
DIS,2024-04-22,111.71728515625
DIS,2024-04-29,112.6389389038086
DIS,2024-05-06,104.83963012695312
DIS,2024-05-13,102.32244873046876
DIS,2024-05-20,100.84583282470705
DIS,2024-05-27,102.9765167236328
DIS,2024-06-03,100.62781524658205
DIS,2024-06-10,99.07191467285156
DIS,2024-06-17,101.35124206542967
DIS,2024-06-24,98.39802551269533
DIS,2024-07-01,97.10970306396484
DIS,2024-07-08,96.2574234008789
DIS,2024-07-15,95.31764221191406
DIS,2024-07-22,89.53327178955078
DIS,2024-07-29,89.17485809326172
DIS,2024-08-05,85.82968139648438
DIS,2024-08-12,88.90605163574219
DIS,2024-08-19,90.16049194335938
DIS,2024-08-26,89.98128509521484
DIS,2024-09-02,87.55205535888672
DIS,2024-09-09,90.15054321289062
DIS,2024-09-16,93.33641815185548
DIS,2024-09-23,95.5864486694336
DIS,2024-09-30,94.7302474975586
DIS,2024-10-07,93.7147445678711
DIS,2024-10-14,96.85084533691406
DIS,2024-10-21,94.61077117919922
DIS,2024-10-28,95.3873291015625
DIS,2024-11-04,98.58316802978516
DIS,2024-11-11,114.57232666015624
DIS,2024-11-18,115.13980865478516
DIS,2024-11-25,116.9517822265625
DIS,2024-12-02,116.21504974365234
DIS,2024-12-09,112.83999633789062
DIS,2024-12-16,111.53577423095705
DIS,2024-12-23,111.5500030517578
DIS,2024-12-30,111.16000366210938
DIS,2025-01-06,108.6500015258789
DIS,2025-01-13,107.0199966430664
DIS,2025-01-20,112.16000366210938
DIS,2025-01-27,113.05999755859376
DIS,2025-02-03,110.86000061035156
DIS,2025-02-10,110.37999725341795
DIS,2025-02-17,108.66000366210938
DIS,2025-02-24,113.8000030517578
DIS,2025-03-03,105.51000213623048
DIS,2025-03-10,98.63999938964844
DIS,2025-03-17,99.45999908447266
DIS,2025-03-24,98.06999969482422
DIS,2025-03-31,83.52999877929688
F,2024-03-18,11.998969078063965
F,2024-03-25,12.342859268188477
F,2024-04-01,12.342859268188477
F,2024-04-08,11.720138549804688
F,2024-04-15,11.283306121826172
F,2024-04-22,11.887436866760254
F,2024-04-29,11.552842140197754
F,2024-05-06,11.143890380859377
F,2024-05-13,11.552050590515137
F,2024-05-20,11.439164161682127
F,2024-05-27,11.410943031311035
F,2024-06-03,11.429757118225098
F,2024-06-10,11.015840530395508
F,2024-06-17,11.138134002685549
F,2024-06-24,11.796639442443848
F,2024-07-01,12.078855514526367
F,2024-07-08,13.198312759399414
F,2024-07-15,13.151275634765623
F,2024-07-22,10.526665687561035
F,2024-07-29,9.435429573059082
F,2024-08-05,9.501280784606934
F,2024-08-12,10.04097843170166
F,2024-08-19,10.76706314086914
F,2024-08-26,10.690631866455078
F,2024-09-02,10.107854843139648
F,2024-09-09,10.212944984436035
F,2024-09-16,10.394466400146484
F,2024-09-23,10.298928260803224
F,2024-09-30,10.09830093383789
F,2024-10-07,10.241606712341309
F,2024-10-14,10.604649543762209
F,2024-10-21,10.575986862182615
F,2024-10-28,9.763920783996582
F,2024-11-04,10.480450630187988
F,2024-11-11,10.661581993103027
F,2024-11-18,10.826202392578123
F,2024-11-25,10.77778434753418
F,2024-12-02,10.17740535736084
F,2024-12-09,10.061203002929688
F,2024-12-16,9.567341804504396
F,2024-12-23,9.712594032287598
F,2024-12-30,9.567341804504396
F,2025-01-06,9.344619750976562
F,2025-01-13,9.857848167419434
F,2025-01-20,9.7997465133667
F,2025-01-27,9.761012077331545
F,2025-02-03,8.94759464263916
F,2025-02-10,9.179999351501465
F,2025-02-17,8.986329078674316
F,2025-02-24,9.550000190734863
F,2025-03-03,9.899999618530272
F,2025-03-10,9.729999542236328
F,2025-03-17,10.0
F,2025-03-24,9.720000267028809
F,2025-03-31,9.579999923706056
GD,2024-03-18,275.59014892578125
GD,2024-03-25,276.893798828125
GD,2024-04-01,289.3323974609375
GD,2024-04-08,282.167236328125
GD,2024-04-15,284.2942199707031
GD,2024-04-22,280.1473388671875
GD,2024-04-29,283.8214416503906
GD,2024-05-06,291.9970397949219
GD,2024-05-13,294.538330078125
GD,2024-05-20,295.1293640136719
GD,2024-05-27,295.277099609375
GD,2024-06-03,294.6565856933594
GD,2024-06-10,287.4068603515625
GD,2024-06-17,293.7798767089844
GD,2024-06-24,285.7914733886719
GD,2024-07-01,277.458251953125
GD,2024-07-08,281.03594970703125
GD,2024-07-15,285.3224182128906
GD,2024-07-22,287.4804992675781
GD,2024-07-29,289.4505310058594
GD,2024-08-05,290.0444641113281
GD,2024-08-12,293.6082763671875
GD,2024-08-19,288.5199584960937
GD,2024-08-26,296.3504333496094
GD,2024-09-02,289.8365783691406
GD,2024-09-09,301.7357177734375
GD,2024-09-16,303.7849426269531
GD,2024-09-23,297.1127014160156
GD,2024-09-30,297.63739013671875
GD,2024-10-07,296.4296264648437
GD,2024-10-14,306.8505554199219
GD,2024-10-21,300.9220275878906
GD,2024-10-28,291.4423828125
GD,2024-11-04,307.8353271484375
GD,2024-11-11,286.4687805175781
GD,2024-11-18,280.3214416503906
GD,2024-11-25,282.50982666015625
GD,2024-12-02,270.3642883300781
GD,2024-12-09,261.7201843261719
GD,2024-12-16,262.2474365234375
GD,2024-12-23,264.7342224121094
GD,2024-12-30,261.97882080078125
GD,2025-01-06,258.0099182128906
GD,2025-01-13,265.26141357421875
GD,2025-01-20,266.42999267578125
GD,2025-01-27,256.9800109863281
GD,2025-02-03,254.8300018310547
GD,2025-02-10,241.94000244140625
GD,2025-02-17,243.0599975585937
GD,2025-02-24,252.6000061035156
GD,2025-03-03,271.5599975585937
GD,2025-03-10,262.0299987792969
GD,2025-03-17,263.4100036621094
GD,2025-03-24,269.0799865722656
GD,2025-03-31,250.009994506836
GM,2024-03-18,42.63471984863281
GM,2024-03-25,44.902099609375
GM,2024-04-01,43.79316329956055
GM,2024-04-08,42.65452194213867
GM,2024-04-15,41.95153427124024
GM,2024-04-22,45.38726425170898
GM,2024-04-29,44.41693878173828
GM,2024-05-06,44.763484954833984
GM,2024-05-13,45.30805206298828
GM,2024-05-20,43.674346923828125
GM,2024-05-27,44.545658111572266
GM,2024-06-03,45.26845169067383
GM,2024-06-10,46.43024063110352
GM,2024-06-17,47.37333679199219
GM,2024-06-24,46.12248611450195
GM,2024-07-01,46.18205642700195
GM,2024-07-08,48.65396118164063
GM,2024-07-15,47.94911956787109
GM,2024-07-22,43.79948806762695
GM,2024-07-29,40.87091445922852
GM,2024-08-05,43.16413497924805
GM,2024-08-12,44.99077224731445
GM,2024-08-19,48.2171630859375
GM,2024-08-26,49.41836929321289
GM,2024-09-02,46.79754638671875
GM,2024-09-09,46.07848739624024
GM,2024-09-16,48.64614486694336
GM,2024-09-23,46.257625579833984
GM,2024-09-30,45.46145248413086
GM,2024-10-07,47.64097595214844
GM,2024-10-14,48.94470977783203
GM,2024-10-21,51.82088088989258
GM,2024-10-28,50.716190338134766
GM,2024-11-04,55.314090728759766
GM,2024-11-11,56.76710510253906
GM,2024-11-18,58.24997329711914
GM,2024-11-25,55.32403945922852
GM,2024-12-02,53.15447235107422
GM,2024-12-09,52.396446228027344
GM,2024-12-16,51.67827987670898
GM,2024-12-23,54.141998291015625
GM,2024-12-30,51.63838195800781
GM,2025-01-06,49.723262786865234
GM,2025-01-13,50.84041595458984
GM,2025-01-20,53.77294158935547
GM,2025-01-27,49.334251403808594
GM,2025-02-03,47.26951599121094
GM,2025-02-10,48.24702453613281
GM,2025-02-17,46.17231369018555
GM,2025-02-24,49.00509262084961
GM,2025-03-03,47.31938934326172
GM,2025-03-10,48.34000015258789
GM,2025-03-17,49.79999923706055
GM,2025-03-24,46.68000030517578
GM,2025-03-31,44.18000030517578
GOOGL,2024-03-18,150.0526123046875
GOOGL,2024-03-25,150.2118377685547
GOOGL,2024-04-01,151.7743682861328
GOOGL,2024-04-08,156.9794921875
GOOGL,2024-04-15,153.35679626464844
GOOGL,2024-04-22,171.13182067871094
GOOGL,2024-04-29,166.44424438476562
GOOGL,2024-05-06,167.84751892089844
GOOGL,2024-05-13,175.22227478027344
GOOGL,2024-05-20,174.15737915039062
GOOGL,2024-05-27,171.67919921875
GOOGL,2024-06-03,173.6298828125
GOOGL,2024-06-10,175.94879150390625
GOOGL,2024-06-17,178.98046875
GOOGL,2024-06-24,181.4913482666016
GOOGL,2024-07-01,189.9108123779297
GOOGL,2024-07-08,184.4007873535156
GOOGL,2024-07-15,177.01759338378906
GOOGL,2024-07-22,166.39613342285156
GOOGL,2024-07-29,166.05735778808594
GOOGL,2024-08-05,163.0781707763672
GOOGL,2024-08-12,162.37074279785156
GOOGL,2024-08-19,165.0211181640625
GOOGL,2024-08-26,162.7892303466797
GOOGL,2024-09-02,150.374267578125
GOOGL,2024-09-09,156.890625
GOOGL,2024-09-16,163.21475219726562
GOOGL,2024-09-23,163.5739288330078
GOOGL,2024-09-30,166.67678833007812
GOOGL,2024-10-07,162.8655548095703
GOOGL,2024-10-14,163.04515075683594
GOOGL,2024-10-21,164.89089965820312
GOOGL,2024-10-28,170.89707946777344
GOOGL,2024-11-04,177.94090270996094
GOOGL,2024-11-11,172.09434509277344
GOOGL,2024-11-18,164.38206481933594
GOOGL,2024-11-25,168.5624542236328
GOOGL,2024-12-02,174.30926513671875
GOOGL,2024-12-09,189.38458251953125
GOOGL,2024-12-16,191.18980407714844
GOOGL,2024-12-23,192.5382537841797
GOOGL,2024-12-30,191.56936645507807
GOOGL,2025-01-06,191.819076538086
GOOGL,2025-01-13,195.77452087402344
GOOGL,2025-01-20,199.9796905517578
GOOGL,2025-01-27,203.78530883789065
GOOGL,2025-02-03,185.1267852783203
GOOGL,2025-02-10,185.01690673828125
GOOGL,2025-02-17,179.4533233642578
GOOGL,2025-02-24,170.0841064453125
GOOGL,2025-03-03,173.66000366210938
GOOGL,2025-03-10,165.2996368408203
GOOGL,2025-03-17,163.99000549316406
GOOGL,2025-03-24,154.3300018310547
GOOGL,2025-03-31,145.60000610351562
GS,2024-03-18,398.039306640625
GS,2024-03-25,408.6746520996094
GS,2024-04-01,399.2622985839844
GS,2024-04-08,381.0833129882813
GS,2024-04-15,395.2801513671875
GS,2024-04-22,418.3414306640625
GS,2024-04-29,428.7223815917969
GS,2024-05-06,444.9151916503906
GS,2024-05-13,457.6248168945313
GS,2024-05-20,451.2259521484375
GS,2024-05-27,446.6665649414063
GS,2024-06-03,447.7848815917969
GS,2024-06-10,439.4671936035156
GS,2024-06-17,443.12890625
GS,2024-06-24,445.2353820800781
GS,2024-07-01,457.4707336425781
GS,2024-07-08,472.3637390136719
GS,2024-07-15,477.3346557617188
GS,2024-07-22,491.21380615234375
GS,2024-07-29,463.2684631347656
GS,2024-08-05,482.5811767578125
GS,2024-08-12,496.3618774414063
GS,2024-08-19,501.4410705566406
GS,2024-08-26,502.258056640625
GS,2024-09-02,474.890869140625
GS,2024-09-09,474.2769775390625
GS,2024-09-16,493.5256958007813
GS,2024-09-23,493.60491943359375
GS,2024-09-30,490.2879028320313
GS,2024-10-07,511.2198486328125
GS,2024-10-14,523.2998046875
GS,2024-10-21,507.5562744140625
GS,2024-10-28,514.2398681640625
GS,2024-11-04,583.4619750976562
GS,2024-11-11,587.6998291015625
GS,2024-11-18,596.8489990234375
GS,2024-11-25,602.5819702148438
GS,2024-12-02,593.7794799804688
GS,2024-12-09,582.5911254882812
GS,2024-12-16,563.3067016601562
GS,2024-12-23,573.3370361328125
GS,2024-12-30,577.2675170898438
GS,2025-01-06,557.2368774414062
GS,2025-01-13,622.8515014648438
GS,2025-01-20,633.7574462890625
GS,2025-01-27,637.2401733398438
GS,2025-02-03,652.6636962890625
GS,2025-02-10,657.2907104492188
GS,2025-02-17,622.5131225585938
GS,2025-02-24,619.219482421875
GS,2025-03-03,559.6699829101562
GS,2025-03-10,541.4099731445312
GS,2025-03-17,565.1400146484375
GS,2025-03-24,543.1199951171875
GS,2025-03-31,470.80999755859375
HD,2024-03-18,380.8109436035156
HD,2024-03-25,374.29302978515625
HD,2024-04-01,349.1872863769531
HD,2024-04-08,334.5512084960937
HD,2024-04-15,327.2234191894531
HD,2024-04-22,326.9599609375
HD,2024-04-29,334.5317077636719
HD,2024-05-06,338.0248107910156
HD,2024-05-13,335.8587341308594
HD,2024-05-20,317.2123413085937
HD,2024-05-27,326.7453308105469
HD,2024-06-03,321.3138122558594
HD,2024-06-10,340.77752685546875
HD,2024-06-17,349.5809020996094
HD,2024-06-24,338.22296142578125
HD,2024-07-01,328.7318420410156
HD,2024-07-08,353.4815368652344
HD,2024-07-15,357.0087585449219
HD,2024-07-22,353.22607421875
HD,2024-07-29,349.2174072265625
HD,2024-08-05,342.54608154296875
HD,2024-08-12,355.73150634765625
HD,2024-08-19,369.0250244140625
HD,2024-08-26,362.0589599609375
HD,2024-09-02,355.9053039550781
HD,2024-09-09,375.6157531738281
HD,2024-09-16,385.3721618652344
HD,2024-09-23,394.9308471679688
HD,2024-09-30,403.6591796875
HD,2024-10-07,407.1584167480469
HD,2024-10-14,410.2227478027344
HD,2024-10-21,394.3179626464844
HD,2024-10-28,388.0707092285156
HD,2024-11-04,401.2275085449219
HD,2024-11-11,403.4812622070313
HD,2024-11-18,415.1651916503906
HD,2024-11-25,424.1900939941406
HD,2024-12-02,428.6497497558594
HD,2024-12-09,414.35052490234375
HD,2024-12-16,390.1242370605469
HD,2024-12-23,390.3825988769531
HD,2024-12-30,386.7257995605469
HD,2025-01-06,387.4313354492188
HD,2025-01-13,406.7984313964844
HD,2025-01-20,411.8861389160156
HD,2025-01-27,409.3820495605469
HD,2025-02-03,404.8010864257813
HD,2025-02-10,406.9176635742188
HD,2025-02-17,382.8702697753906
HD,2025-02-24,394.0990295410156
HD,2025-03-03,374.4238586425781
HD,2025-03-10,349.0946044921875
HD,2025-03-17,351.1499938964844
HD,2025-03-24,358.1499938964844
HD,2025-03-31,353.8999938964844
INTC,2024-03-18,42.13053512573242
INTC,2024-03-25,43.714012145996094
INTC,2024-04-01,38.31037902832031
INTC,2024-04-08,35.321556091308594
INTC,2024-04-15,33.84694290161133
INTC,2024-04-22,31.55088996887207
INTC,2024-04-29,30.58100700378418
INTC,2024-05-06,29.541847229003903
INTC,2024-05-13,31.629356384277344
INTC,2024-05-20,30.526351928710938
INTC,2024-05-27,30.65553474426269
INTC,2024-06-03,30.546226501464844
INTC,2024-06-10,30.258056640625
INTC,2024-06-17,30.894020080566406
INTC,2024-06-24,30.774776458740234
INTC,2024-07-01,31.818159103393555
INTC,2024-07-08,34.27259063720703
INTC,2024-07-15,32.7721061706543
INTC,2024-07-22,31.152381896972656
INTC,2024-07-29,21.3445987701416
INTC,2024-08-05,19.58575439453125
INTC,2024-08-12,20.8700008392334
INTC,2024-08-19,20.540000915527344
INTC,2024-08-26,22.040000915527344
INTC,2024-09-02,18.88999938964844
INTC,2024-09-09,19.65999984741211
INTC,2024-09-16,21.84000015258789
INTC,2024-09-23,23.90999984741211
INTC,2024-09-30,22.59000015258789
INTC,2024-10-07,23.559999465942383
INTC,2024-10-14,22.770000457763672
INTC,2024-10-21,22.68000030517578
INTC,2024-10-28,23.200000762939453
INTC,2024-11-04,26.200000762939453
INTC,2024-11-11,24.350000381469727
INTC,2024-11-18,24.5
INTC,2024-11-25,24.049999237060547
INTC,2024-12-02,20.920000076293945
INTC,2024-12-09,20.34000015258789
INTC,2024-12-16,19.520000457763672
INTC,2024-12-23,20.299999237060547
INTC,2024-12-30,20.559999465942383
INTC,2025-01-06,19.14999961853028
INTC,2025-01-13,21.489999771118164
INTC,2025-01-20,20.82999992370605
INTC,2025-01-27,19.43000030517578
INTC,2025-02-03,19.100000381469727
INTC,2025-02-10,23.600000381469727
INTC,2025-02-17,24.8700008392334
INTC,2025-02-24,23.729999542236328
INTC,2025-03-03,20.63999938964844
INTC,2025-03-10,24.049999237060547
INTC,2025-03-17,24.26000022888184
INTC,2025-03-24,22.709999084472656
INTC,2025-03-31,19.850000381469727
JNJ,2024-03-18,150.40487670898438
JNJ,2024-03-25,153.27288818359375
JNJ,2024-04-01,147.65316772460938
JNJ,2024-04-08,142.93455505371094
JNJ,2024-04-15,143.31240844726562
JNJ,2024-04-22,141.59742736816406
JNJ,2024-04-29,144.63015747070312
JNJ,2024-05-06,145.25025939941406
JNJ,2024-05-13,149.8332061767578
JNJ,2024-05-20,142.40164184570312
JNJ,2024-05-27,143.25970458984375
JNJ,2024-06-03,143.66018676757812
JNJ,2024-06-10,142.15597534179688
JNJ,2024-06-17,145.29135131835938
JNJ,2024-06-24,142.76158142089844
JNJ,2024-07-01,143.07411193847656
JNJ,2024-07-08,146.39508056640625
JNJ,2024-07-15,151.09323120117188
JNJ,2024-07-22,156.90487670898438
JNJ,2024-07-29,160.32350158691406
JNJ,2024-08-05,156.88534545898438
JNJ,2024-08-12,155.68394470214844
JNJ,2024-08-19,160.31375122070312
JNJ,2024-08-26,162.00350952148438
JNJ,2024-09-02,161.77658081054688
JNJ,2024-09-09,162.89852905273438
JNJ,2024-09-16,161.56007385253906
JNJ,2024-09-23,158.84376525878906
JNJ,2024-09-30,157.7513427734375
JNJ,2024-10-07,158.90283203125
JNJ,2024-10-14,162.50485229492188
JNJ,2024-10-21,158.33201599121094
JNJ,2024-10-28,157.59388732910156
JNJ,2024-11-04,153.0076904296875
JNJ,2024-11-11,151.56097412109375
JNJ,2024-11-18,152.7124481201172
JNJ,2024-11-25,152.5549774169922
JNJ,2024-12-02,148.1243133544922
JNJ,2024-12-09,145.45567321777344
JNJ,2024-12-16,143.32275390625
JNJ,2024-12-23,143.8981475830078
JNJ,2024-12-30,143.04498291015625
JNJ,2025-01-06,140.931884765625
JNJ,2025-01-13,145.8624267578125
JNJ,2025-01-20,145.6540985107422
JNJ,2025-01-27,150.94175720214844
JNJ,2025-02-03,151.904052734375
JNJ,2025-02-10,154.91000366210938
JNJ,2025-02-17,161.01116943359375
JNJ,2025-02-24,165.02000427246094
JNJ,2025-03-03,166.69000244140625
JNJ,2025-03-10,162.80999755859375
JNJ,2025-03-17,163.6300048828125
JNJ,2025-03-24,163.7100067138672
JNJ,2025-03-31,153.24000549316406
JPM,2024-03-18,191.0489501953125
JPM,2024-03-25,194.6247100830078
JPM,2024-04-01,191.8554229736328
JPM,2024-04-08,178.64682006835938
JPM,2024-04-15,181.588607788086
JPM,2024-04-22,189.1043243408203
JPM,2024-04-29,186.1918487548828
JPM,2024-05-06,194.2646331787109
JPM,2024-05-13,200.1481475830078
JPM,2024-05-20,196.16065979003903
JPM,2024-05-27,198.03713989257807
JPM,2024-06-03,195.4178771972656
JPM,2024-06-10,189.3877410888672
JPM,2024-06-17,191.85061645507807
JPM,2024-06-24,197.67550659179688
JPM,2024-07-01,200.1481475830078
JPM,2024-07-08,201.4046325683593
JPM,2024-07-15,206.1611175537109
JPM,2024-07-22,208.5786895751953
JPM,2024-07-29,195.7046813964844
JPM,2024-08-05,202.24978637695312
JPM,2024-08-12,210.2788543701172
JPM,2024-08-19,214.54397583007807
JPM,2024-08-26,220.9220123291016
JPM,2024-09-02,208.7949066162109
JPM,2024-09-09,200.7953186035156
JPM,2024-09-16,207.4485321044922
JPM,2024-09-23,206.86871337890625
JPM,2024-09-30,207.5762939453125
JPM,2024-10-07,219.79400634765625
JPM,2024-10-14,222.8394470214844
JPM,2024-10-21,219.8137969970703
JPM,2024-10-28,220.43673706054688
JPM,2024-11-04,234.319076538086
JPM,2024-11-11,242.5555419921875
JPM,2024-11-18,245.75917053222656
JPM,2024-11-25,246.91603088378903
JPM,2024-12-02,244.58251953125
JPM,2024-12-09,237.245849609375
JPM,2024-12-16,234.93212890625
JPM,2024-12-23,238.4620361328125
JPM,2024-12-30,240.54833984375
JPM,2025-01-06,237.17662048339844
JPM,2025-01-13,257.573486328125
JPM,2025-01-20,263.2186889648437
JPM,2025-01-27,265.66363525390625
JPM,2025-02-03,274.1116027832031
JPM,2025-02-10,274.8967590332031
JPM,2025-02-17,262.62237548828125
JPM,2025-02-24,263.02984619140625
JPM,2025-03-03,240.7967987060547
JPM,2025-03-10,231.0170440673828
JPM,2025-03-17,240.1507873535156
JPM,2025-03-24,241.3633270263672
JPM,2025-03-31,210.27999877929688
KO,2024-03-18,58.73336791992188
KO,2024-03-25,59.40332794189453
KO,2024-04-01,57.78182601928711
KO,2024-04-08,56.58754348754883
KO,2024-04-15,58.42265319824219
KO,2024-04-22,59.94706726074219
KO,2024-04-29,60.36457824707031
KO,2024-05-06,61.42292404174805
KO,2024-05-13,61.19960021972656
KO,2024-05-20,60.19951629638672
KO,2024-05-27,61.10251235961914
KO,2024-06-03,62.05405044555664
KO,2024-06-10,60.733543395996094
KO,2024-06-17,61.420066833496094
KO,2024-06-24,62.28114318847656
KO,2024-07-01,62.388771057128906
KO,2024-07-08,62.3300666809082
KO,2024-07-15,63.885868072509766
KO,2024-07-22,65.60802459716797
KO,2024-07-29,67.8389892578125
KO,2024-08-05,67.20296478271484
KO,2024-08-12,67.69221496582031
KO,2024-08-19,68.28909301757812
KO,2024-08-26,70.91145324707031
KO,2024-09-02,69.61006164550781
KO,2024-09-09,69.87425231933594
KO,2024-09-16,70.57988739013672
KO,2024-09-23,70.72766876220703
KO,2024-09-30,69.13162994384766
KO,2024-10-07,68.54051208496094
KO,2024-10-14,69.39763641357422
KO,2024-10-21,65.92972564697266
KO,2024-10-28,64.0479965209961
KO,2024-11-04,62.97412109375
KO,2024-11-11,60.82638168334961
KO,2024-11-18,62.97412109375
KO,2024-11-25,63.13175582885742
KO,2024-12-02,62.07193756103516
KO,2024-12-09,62.65761566162109
KO,2024-12-16,62.09178924560547
KO,2024-12-23,61.99252700805664
KO,2024-12-30,61.29765319824219
KO,2025-01-06,60.62263488769531
KO,2025-01-13,62.25061798095703
KO,2025-01-20,61.46640396118164
KO,2025-01-27,63.01498031616211
KO,2025-02-03,63.37234115600586
KO,2025-02-10,68.36549377441406
KO,2025-02-17,70.82732391357422
KO,2025-02-24,70.6883544921875
KO,2025-03-03,70.90673828125
KO,2025-03-10,68.65337371826172
KO,2025-03-17,68.66999816894531
KO,2025-03-24,70.37000274658203
KO,2025-03-31,69.93000030517578
LCID,2024-03-18,2.7699999809265137
LCID,2024-03-25,2.8499999046325684
LCID,2024-04-01,2.609999895095825
LCID,2024-04-08,2.490000009536743
LCID,2024-04-15,2.450000047683716
LCID,2024-04-22,2.4600000381469727
LCID,2024-04-29,2.7850000858306885
LCID,2024-05-06,2.6600000858306885
LCID,2024-05-13,2.8399999141693115
LCID,2024-05-20,2.7799999713897705
LCID,2024-05-27,2.8399999141693115
LCID,2024-06-03,2.7300000190734863
LCID,2024-06-10,2.5199999809265137
LCID,2024-06-17,2.490000009536743
LCID,2024-06-24,2.609999895095825
LCID,2024-07-01,2.930000066757202
LCID,2024-07-08,4.25
LCID,2024-07-15,3.5
LCID,2024-07-22,3.380000114440918
LCID,2024-07-29,3.119999885559082
LCID,2024-08-05,3.190000057220459
LCID,2024-08-12,3.150000095367432
LCID,2024-08-19,4.199999809265137
LCID,2024-08-26,4.019999980926514
LCID,2024-09-02,3.569999933242798
LCID,2024-09-09,3.940000057220459
LCID,2024-09-16,3.490000009536743
LCID,2024-09-23,3.5899999141693115
LCID,2024-09-30,3.3399999141693115
LCID,2024-10-07,3.400000095367432
LCID,2024-10-14,2.630000114440918
LCID,2024-10-21,2.5
LCID,2024-10-28,2.200000047683716
LCID,2024-11-04,2.2100000381469727
LCID,2024-11-11,2.009999990463257
LCID,2024-11-18,2.0999999046325684
LCID,2024-11-25,2.180000066757202
LCID,2024-12-02,2.299999952316284
LCID,2024-12-09,2.5799999237060547
LCID,2024-12-16,3.0199999809265137
LCID,2024-12-23,3.200000047683716
LCID,2024-12-30,3.289999961853028
LCID,2025-01-06,3.0199999809265137
LCID,2025-01-13,3.069999933242798
LCID,2025-01-20,2.789999961853028
LCID,2025-01-27,2.759999990463257
LCID,2025-02-03,2.8299999237060547
LCID,2025-02-10,3.309999942779541
LCID,2025-02-17,3.059999942779541
LCID,2025-02-24,2.220000028610229
LCID,2025-03-03,2.150000095367432
LCID,2025-03-10,2.0899999141693115
LCID,2025-03-17,2.4200000762939453
LCID,2025-03-24,2.319999933242798
LCID,2025-03-31,2.2799999713897705
LLY,2024-03-18,765.6355590820312
LLY,2024-03-25,772.9381713867188
LLY,2024-04-01,779.1477661132812
LLY,2024-04-08,746.7879638671875
LLY,2024-04-15,721.6214599609375
LLY,2024-04-22,728.7750854492188
LLY,2024-04-29,730.2256469726562
LLY,2024-05-06,755.0940551757812
LLY,2024-05-13,765.0294799804688
LLY,2024-05-20,803.5852661132812
LLY,2024-05-27,816.4337768554688
LLY,2024-06-03,845.942626953125
LLY,2024-06-10,874.26708984375
LLY,2024-06-17,879.6712036132812
LLY,2024-06-24,901.06884765625
LLY,2024-07-01,910.2151489257812
LLY,2024-07-08,943.884033203125
LLY,2024-07-15,853.386962890625
LLY,2024-07-22,800.7886352539062
LLY,2024-07-29,800.62939453125
LLY,2024-08-05,887.43408203125
LLY,2024-08-12,917.7291259765624
LLY,2024-08-19,949.5282592773438
LLY,2024-08-26,956.78369140625
LLY,2024-09-02,899.6669311523438
LLY,2024-09-09,920.5961303710938
LLY,2024-09-16,918.3836059570312
LLY,2024-09-23,874.8308715820312
LLY,2024-09-30,884.1692504882812
LLY,2024-10-07,928.91796875
LLY,2024-10-14,914.8754272460938
LLY,2024-10-21,889.690673828125
LLY,2024-10-28,816.1693115234375
LLY,2024-11-04,828.7367553710938
LLY,2024-11-11,743.6845092773438
LLY,2024-11-18,746.7230834960938
LLY,2024-11-25,793.9815673828125
LLY,2024-12-02,825.2876586914062
LLY,2024-12-09,787.7623291015625
LLY,2024-12-16,766.4390869140625
LLY,2024-12-23,781.8225708007812
LLY,2024-12-30,780.6345825195312
LLY,2025-01-06,798.5238037109375
LLY,2025-01-13,724.4713745117188
LLY,2025-01-20,784.0586547851562
LLY,2025-01-27,809.6845703125
LLY,2025-02-03,876.7988891601562
LLY,2025-02-10,842.8174438476562
LLY,2025-02-17,873.6799926757812
LLY,2025-02-24,920.6300048828124
LLY,2025-03-03,869.5800170898438
LLY,2025-03-10,813.47998046875
LLY,2025-03-17,837.5700073242188
LLY,2025-03-24,822.510009765625
LLY,2025-03-31,738.2100219726562
LMT,2024-03-18,434.4855346679688
LMT,2024-03-25,443.2458190917969
LMT,2024-04-01,443.7427978515625
LMT,2024-04-08,438.8900451660156
LMT,2024-04-15,452.0158081054688
LMT,2024-04-22,449.5017700195313
LMT,2024-04-29,450.1059265136719
LMT,2024-05-06,456.8977966308594
LMT,2024-05-13,454.2862854003906
LMT,2024-05-20,455.4068908691406
LMT,2024-05-27,458.3204956054688
LMT,2024-06-03,458.1158447265625
LMT,2024-06-10,449.6384887695313
LMT,2024-06-17,458.7226867675781
LMT,2024-06-24,458.2322082519531
LMT,2024-07-01,453.3859558105469
LMT,2024-07-08,454.9261779785156
LMT,2024-07-15,465.90374755859375
LMT,2024-07-22,514.8367919921875
LMT,2024-07-29,538.3516845703125
LMT,2024-08-05,541.1083984375
LMT,2024-08-12,549.4960327148438
LMT,2024-08-19,544.4732666015625
LMT,2024-08-26,557.314697265625
LMT,2024-09-02,555.8726806640625
LMT,2024-09-09,562.2076416015625
LMT,2024-09-16,564.1905517578125
LMT,2024-09-23,574.4893798828125
LMT,2024-09-30,596.95166015625
LMT,2024-10-07,596.004638671875
LMT,2024-10-14,603.5414428710938
LMT,2024-10-21,554.6906127929688
LMT,2024-10-28,537.9795532226562
LMT,2024-11-04,556.9299926757812
LMT,2024-11-11,527.6017456054688
LMT,2024-11-18,534.8919067382812
LMT,2024-11-25,522.2550048828125
LMT,2024-12-02,506.0964660644531
LMT,2024-12-09,491.0255432128906
LMT,2024-12-16,485.4367980957031
LMT,2024-12-23,485.3871765136719
LMT,2024-12-30,478.28955078125
LMT,2025-01-06,464.6204223632813
LMT,2025-01-13,486.7272644042969
LMT,2025-01-20,493.318603515625
LMT,2025-01-27,459.5578308105469
LMT,2025-02-03,441.1338195800781
LMT,2025-02-10,420.0891418457031
LMT,2025-02-17,437.4906921386719
LMT,2025-02-24,447.0699768066406
LMT,2025-03-03,470.1794128417969
LMT,2025-03-10,466.1700134277344
LMT,2025-03-17,439.7000122070313
LMT,2025-03-24,441.489990234375
LMT,2025-03-31,432.1499938964844
META,2024-03-18,507.7277221679688
META,2024-03-25,483.8149719238281
META,2024-04-01,525.4232177734375
META,2024-04-08,510.039306640625
META,2024-04-15,479.3213806152344
META,2024-04-22,441.6787109375
META,2024-04-29,450.3171691894531
META,2024-05-06,474.4691162109375
META,2024-05-13,470.1946716308594
META,2024-05-20,476.4817504882813
META,2024-05-27,465.1331176757813
META,2024-06-03,491.1681518554688
META,2024-06-10,502.3274536132813
META,2024-06-17,493.4710083007813
META,2024-06-24,502.8860168457031
META,2024-07-01,538.4815673828125
META,2024-07-08,497.5501708984375
META,2024-07-15,475.5286254882813
META,2024-07-22,464.4679565429688
META,2024-07-29,486.84857177734375
META,2024-08-05,516.4002075195312
META,2024-08-12,526.0245971679688
META,2024-08-19,526.6030883789062
META,2024-08-26,519.9308471679688
META,2024-09-02,498.9464416503906
META,2024-09-09,523.2320556640625
META,2024-09-16,559.8648071289062
META,2024-09-23,566.3988037109375
META,2024-09-30,594.930419921875
META,2024-10-07,588.9505615234375
META,2024-10-14,575.4933471679688
META,2024-10-21,572.27880859375
META,2024-10-28,566.1991577148438
META,2024-11-04,588.3416137695312
META,2024-11-11,553.1412963867188
META,2024-11-18,558.1928100585938
META,2024-11-25,573.3470458984375
META,2024-12-02,622.7132568359375
META,2024-12-09,619.2990112304688
META,2024-12-16,584.258544921875
META,2024-12-23,599.27685546875
META,2024-12-30,604.092529296875
META,2025-01-06,615.3125610351562
META,2025-01-13,612.225341796875
META,2025-01-20,646.9144287109375
META,2025-01-27,688.5673828125
META,2025-02-03,713.8848876953125
META,2025-02-10,736.0151977539062
META,2025-02-17,682.9423828125
META,2025-02-24,667.6060791015625
META,2025-03-03,625.1038208007812
META,2025-03-10,607.0598754882812
META,2025-03-17,596.25
META,2025-03-24,576.739990234375
META,2025-03-31,504.7300109863281
MNST,2024-03-18,59.5
MNST,2024-03-25,59.27999877929688
MNST,2024-04-01,55.900001525878906
MNST,2024-04-08,55.0099983215332
MNST,2024-04-15,53.13999938964844
MNST,2024-04-22,53.369998931884766
MNST,2024-04-29,55.0
MNST,2024-05-06,55.459999084472656
MNST,2024-05-13,54.11000061035156
MNST,2024-05-20,52.70000076293945
MNST,2024-05-27,51.91999816894531
MNST,2024-06-03,52.68999862670898
MNST,2024-06-10,48.02999877929688
MNST,2024-06-17,49.09000015258789
MNST,2024-06-24,49.95000076293945
MNST,2024-07-01,49.75
MNST,2024-07-08,50.83000183105469
MNST,2024-07-15,50.88999938964844
MNST,2024-07-22,51.0
MNST,2024-07-29,51.61000061035156
MNST,2024-08-05,46.060001373291016
MNST,2024-08-12,46.7400016784668
MNST,2024-08-19,46.650001525878906
MNST,2024-08-26,47.130001068115234
MNST,2024-09-02,48.650001525878906
MNST,2024-09-09,50.83000183105469
MNST,2024-09-16,51.18000030517578
MNST,2024-09-23,52.459999084472656
MNST,2024-09-30,50.95000076293945
MNST,2024-10-07,51.310001373291016
MNST,2024-10-14,54.04999923706055
MNST,2024-10-21,53.369998931884766
MNST,2024-10-28,52.29999923706055
MNST,2024-11-04,54.13999938964844
MNST,2024-11-11,52.0
MNST,2024-11-18,54.060001373291016
MNST,2024-11-25,55.130001068115234
MNST,2024-12-02,52.27000045776367
MNST,2024-12-09,52.7599983215332
MNST,2024-12-16,51.720001220703125
MNST,2024-12-23,52.54999923706055
MNST,2024-12-30,52.38999938964844
MNST,2025-01-06,49.7400016784668
MNST,2025-01-13,49.41999816894531
MNST,2025-01-20,48.27999877929688
MNST,2025-01-27,48.709999084472656
MNST,2025-02-03,46.56999969482422
MNST,2025-02-10,49.25
MNST,2025-02-17,53.0
MNST,2025-02-24,54.650001525878906
MNST,2025-03-03,55.06999969482422
MNST,2025-03-10,55.09000015258789
MNST,2025-03-17,57.310001373291016
MNST,2025-03-24,57.86000061035156
MNST,2025-03-31,57.08000183105469
MO,2024-03-18,38.87994766235352
MO,2024-03-25,40.33835220336914
MO,2024-04-01,38.51656723022461
MO,2024-04-08,37.961700439453125
MO,2024-04-15,38.9234619140625
MO,2024-04-22,40.11641311645508
MO,2024-04-29,40.31061172485352
MO,2024-05-06,41.52206039428711
MO,2024-05-13,42.61328506469727
MO,2024-05-20,42.06766891479492
MO,2024-05-27,42.77049255371094
MO,2024-06-03,43.18663787841797
MO,2024-06-10,40.98569107055664
MO,2024-06-17,43.22476959228516
MO,2024-06-24,43.04521942138672
MO,2024-07-01,43.564971923828125
MO,2024-07-08,45.10533905029297
MO,2024-07-15,46.73075485229492
MO,2024-07-22,47.65686798095703
MO,2024-07-29,48.26167297363281
MO,2024-08-05,47.65686798095703
MO,2024-08-12,48.4979248046875
MO,2024-08-19,49.556339263916016
MO,2024-08-26,50.81320190429688
MO,2024-09-02,50.73759841918945
MO,2024-09-09,50.04774475097656
MO,2024-09-16,47.61906814575195
MO,2024-09-23,49.19017028808594
MO,2024-09-30,48.27477645874024
MO,2024-10-07,48.02425003051758
MO,2024-10-14,47.80262756347656
MO,2024-10-21,47.89898681640625
MO,2024-10-28,51.90742874145508
MO,2024-11-04,52.08087158203125
MO,2024-11-11,53.89238357543945
MO,2024-11-18,54.66323471069336
MO,2024-11-25,55.63644409179688
MO,2024-12-02,55.23174285888672
MO,2024-12-09,52.91917419433594
MO,2024-12-16,51.87852478027344
MO,2024-12-23,50.47171401977539
MO,2024-12-30,52.19979476928711
MO,2025-01-06,49.96995544433594
MO,2025-01-13,50.94244384765625
MO,2025-01-20,51.12907791137695
MO,2025-01-27,51.3058967590332
MO,2025-02-03,51.72828674316406
MO,2025-02-10,52.34714126586914
MO,2025-02-17,54.07600021362305
MO,2025-02-24,54.861846923828125
MO,2025-03-03,56.76752471923828
MO,2025-03-10,57.867706298828125
MO,2025-03-17,56.58088302612305
MO,2025-03-24,57.12115478515625
MO,2025-03-31,56.06999969482422
MRNA,2024-03-18,105.43000030517578
MRNA,2024-03-25,106.55999755859376
MRNA,2024-04-01,102.87999725341795
MRNA,2024-04-08,105.13999938964844
MRNA,2024-04-15,101.41000366210938
MRNA,2024-04-22,107.97000122070312
MRNA,2024-04-29,125.0
MRNA,2024-05-06,117.30999755859376
MRNA,2024-05-13,132.89999389648438
MRNA,2024-05-20,166.61000061035156
MRNA,2024-05-27,142.5500030517578
MRNA,2024-06-03,151.00999450683594
MRNA,2024-06-10,140.02999877929688
MRNA,2024-06-17,133.39999389648438
MRNA,2024-06-24,118.75
MRNA,2024-07-01,118.31999969482422
MRNA,2024-07-08,121.45999908447266
MRNA,2024-07-15,121.13999938964844
MRNA,2024-07-22,122.11000061035156
MRNA,2024-07-29,86.58000183105469
MRNA,2024-08-05,84.93000030517578
MRNA,2024-08-12,86.83999633789062
MRNA,2024-08-19,82.44000244140625
MRNA,2024-08-26,77.4000015258789
MRNA,2024-09-02,72.88999938964844
MRNA,2024-09-09,68.27999877929688
MRNA,2024-09-16,65.69000244140625
MRNA,2024-09-23,65.75
MRNA,2024-09-30,60.20000076293945
MRNA,2024-10-07,58.290000915527344
MRNA,2024-10-14,54.09999847412109
MRNA,2024-10-21,53.09000015258789
MRNA,2024-10-28,54.630001068115234
MRNA,2024-11-04,46.83000183105469
MRNA,2024-11-11,36.84999847412109
MRNA,2024-11-18,41.11000061035156
MRNA,2024-11-25,43.060001373291016
MRNA,2024-12-02,44.43999862670898
MRNA,2024-12-09,41.83000183105469
MRNA,2024-12-16,39.38999938964844
MRNA,2024-12-23,40.130001068115234
MRNA,2024-12-30,42.18000030517578
MRNA,2025-01-06,42.25
MRNA,2025-01-13,34.060001373291016
MRNA,2025-01-20,41.40999984741211
MRNA,2025-01-27,39.41999816894531
MRNA,2025-02-03,32.599998474121094
MRNA,2025-02-10,32.9900016784668
MRNA,2025-02-17,35.529998779296875
MRNA,2025-02-24,30.959999084472656
MRNA,2025-03-03,35.61000061035156
MRNA,2025-03-10,34.619998931884766
MRNA,2025-03-17,32.65999984741211
MRNA,2025-03-24,31.1200008392334
MRNA,2025-03-31,25.11000061035156
MSFT,2024-03-18,425.4915161132813
MSFT,2024-03-25,417.53228759765625
MSFT,2024-04-01,422.2959289550781
MSFT,2024-04-08,418.7033386230469
MSFT,2024-04-15,396.095947265625
MSFT,2024-04-22,403.2413940429688
MSFT,2024-04-29,403.5787963867188
MSFT,2024-05-06,411.59759521484375
MSFT,2024-05-13,417.026123046875
MSFT,2024-05-20,427.6707763671875
MSFT,2024-05-27,412.7277526855469
MSFT,2024-06-03,421.3973083496094
MSFT,2024-06-10,440.0089721679688
MSFT,2024-06-17,447.17724609375
MSFT,2024-06-24,444.3636169433594
MSFT,2024-07-01,464.8543395996094
MSFT,2024-07-08,450.9254150390625
MSFT,2024-07-15,434.58056640625
MSFT,2024-07-22,422.8090515136719
MSFT,2024-07-29,406.1261596679688
MSFT,2024-08-05,403.6704406738281
MSFT,2024-08-12,416.0484008789063
MSFT,2024-08-19,415.1250305175781
MSFT,2024-08-26,415.4736328125
MSFT,2024-09-02,400.0953369140625
MSFT,2024-09-09,428.869873046875
MSFT,2024-09-16,433.53118896484375
MSFT,2024-09-23,426.3101501464844
MSFT,2024-09-30,414.39794921875
MSFT,2024-10-07,414.6569213867188
MSFT,2024-10-14,416.4895324707031
MSFT,2024-10-21,426.4396362304688
MSFT,2024-10-28,408.7306518554688
MSFT,2024-11-04,420.85205078125
MSFT,2024-11-11,413.3421936035156
MSFT,2024-11-18,415.3341674804688
MSFT,2024-11-25,422.6126098632813
MSFT,2024-12-02,442.682373046875
MSFT,2024-12-09,446.37493896484375
MSFT,2024-12-16,435.726318359375
MSFT,2024-12-23,429.66845703125
MSFT,2024-12-30,422.5028381347656
MSFT,2025-01-06,418.1116333007813
MSFT,2025-01-13,428.1714782714844
MSFT,2025-01-20,443.17138671875
MSFT,2025-01-27,414.22943115234375
MSFT,2025-02-03,408.9300537109375
MSFT,2025-02-10,407.6126708984375
MSFT,2025-02-17,407.3931274414063
MSFT,2025-02-24,396.989990234375
MSFT,2025-03-03,393.30999755859375
MSFT,2025-03-10,388.55999755859375
MSFT,2025-03-17,391.260009765625
MSFT,2025-03-24,378.7999877929688
MSFT,2025-03-31,359.8399963378906
NFLX,2024-03-18,628.010009765625
NFLX,2024-03-25,607.3300170898438
NFLX,2024-04-01,636.1799926757812
NFLX,2024-04-08,622.8300170898438
NFLX,2024-04-15,555.0399780273438
NFLX,2024-04-22,561.22998046875
NFLX,2024-04-29,579.3400268554688
NFLX,2024-05-06,610.8699951171875
NFLX,2024-05-13,621.0999755859375
NFLX,2024-05-20,646.75
NFLX,2024-05-27,641.6199951171875
NFLX,2024-06-03,641.469970703125
NFLX,2024-06-10,669.3800048828125
NFLX,2024-06-17,686.1199951171875
NFLX,2024-06-24,674.8800048828125
NFLX,2024-07-01,690.6500244140625
NFLX,2024-07-08,647.5999755859375
NFLX,2024-07-15,633.3400268554688
NFLX,2024-07-22,631.3699951171875
NFLX,2024-07-29,613.6400146484375
NFLX,2024-08-05,633.9400024414062
NFLX,2024-08-12,674.0700073242188
NFLX,2024-08-19,686.72998046875
NFLX,2024-08-26,701.3499755859375
NFLX,2024-09-02,665.77001953125
NFLX,2024-09-09,697.0599975585938
NFLX,2024-09-16,701.030029296875
NFLX,2024-09-23,707.3499755859375
NFLX,2024-09-30,719.7000122070312
NFLX,2024-10-07,722.7899780273438
NFLX,2024-10-14,763.8900146484375
NFLX,2024-10-21,754.6799926757812
NFLX,2024-10-28,756.0999755859375
NFLX,2024-11-04,795.0399780273438
NFLX,2024-11-11,823.9600219726562
NFLX,2024-11-18,897.7899780273438
NFLX,2024-11-25,886.8099975585938
NFLX,2024-12-02,934.739990234375
NFLX,2024-12-09,918.8699951171876
NFLX,2024-12-16,909.0499877929688
NFLX,2024-12-23,907.5499877929688
NFLX,2024-12-30,881.0499877929688
NFLX,2025-01-06,837.6900024414062
NFLX,2025-01-13,858.0999755859375
NFLX,2025-01-20,977.5900268554688
NFLX,2025-01-27,976.760009765625
NFLX,2025-02-03,1013.9299926757812
NFLX,2025-02-10,1058.5999755859375
NFLX,2025-02-17,1003.1500244140624
NFLX,2025-02-24,980.5599975585938
NFLX,2025-03-03,891.1099853515625
NFLX,2025-03-10,918.0
NFLX,2025-03-17,960.2899780273438
NFLX,2025-03-24,933.8499755859376
NFLX,2025-03-31,855.8599853515625
NOC,2024-03-18,460.824951171875
NOC,2024-03-25,470.5674133300781
NOC,2024-04-01,446.81591796875
NOC,2024-04-08,448.398681640625
NOC,2024-04-15,454.75927734375
NOC,2024-04-22,472.32720947265625
NOC,2024-04-29,461.15924072265625
NOC,2024-05-06,466.7726745605469
NOC,2024-05-13,462.2701416015625
NOC,2024-05-20,458.5442199707031
NOC,2024-05-27,445.1115417480469
NOC,2024-06-03,434.5162353515625
NOC,2024-06-10,418.7664489746094
NOC,2024-06-17,426.666015625
NOC,2024-06-24,430.4775695800781
NOC,2024-07-01,429.27288818359375
NOC,2024-07-08,426.8141479492188
NOC,2024-07-15,432.4425964355469
NOC,2024-07-22,474.2708435058594
NOC,2024-07-29,488.3419494628906
NOC,2024-08-05,488.1346130371094
NOC,2024-08-12,500.2999267578125
NOC,2024-08-19,502.9463195800781
NOC,2024-08-26,516.6422119140625
NOC,2024-09-02,508.5352783203125
NOC,2024-09-09,515.2840576171875
NOC,2024-09-16,520.5877685546875
NOC,2024-09-23,522.2333984375
NOC,2024-09-30,532.0973510742188
NOC,2024-10-07,524.1268920898438
NOC,2024-10-14,526.1987915039062
NOC,2024-10-21,514.8577270507812
NOC,2024-10-28,502.5650329589844
NOC,2024-11-04,524.4143676757812
NOC,2024-11-11,489.7171325683594
NOC,2024-11-18,492.57220458984375
NOC,2024-11-25,485.4146728515625
NOC,2024-12-02,469.5530700683594
NOC,2024-12-09,477.8585205078125
NOC,2024-12-16,467.4451904296875
NOC,2024-12-23,469.24713134765625
NOC,2024-12-30,465.7328796386719
NOC,2025-01-06,456.6435852050781
NOC,2025-01-13,480.2279052734375
NOC,2025-01-20,494.8025817871094
NOC,2025-01-27,485.0960693359375
NOC,2025-02-03,466.4894714355469
NOC,2025-02-10,436.94189453125
NOC,2025-02-17,445.9614562988281
NOC,2025-02-24,459.6799926757813
NOC,2025-03-03,484.3494262695313
NOC,2025-03-10,484.9299926757813
NOC,2025-03-17,490.7200012207031
NOC,2025-03-24,512.1900024414062
NOC,2025-03-31,485.5199890136719
NVDA,2024-03-18,94.25802612304688
NVDA,2024-03-25,90.3263168334961
NVDA,2024-04-01,87.97908782958984
NVDA,2024-04-08,88.15703582763672
NVDA,2024-04-15,76.17497253417969
NVDA,2024-04-22,87.70619201660156
NVDA,2024-04-29,88.75983428955078
NVDA,2024-05-06,89.84847259521484
NVDA,2024-05-13,92.4486083984375
NVDA,2024-05-20,106.43402862548828
NVDA,2024-05-27,109.59699249267578
NVDA,2024-06-03,120.8482894897461
NVDA,2024-06-10,131.836669921875
NVDA,2024-06-17,126.53881072998048
NVDA,2024-06-24,123.50955963134766
NVDA,2024-07-01,125.79899597167967
NVDA,2024-07-08,129.20816040039062
NVDA,2024-07-15,117.90094757080078
NVDA,2024-07-22,113.03214263916016
NVDA,2024-07-29,107.24356079101562
NVDA,2024-08-05,104.72418975830078
NVDA,2024-08-12,124.54930114746094
NVDA,2024-08-19,129.33811950683594
NVDA,2024-08-26,119.34059143066406
NVDA,2024-09-02,102.8046646118164
NVDA,2024-09-09,119.0706558227539
NVDA,2024-09-16,115.98133850097656
NVDA,2024-09-23,121.38047790527344
NVDA,2024-09-30,124.89990234375
NVDA,2024-10-07,134.7783203125
NVDA,2024-10-14,137.97779846191406
NVDA,2024-10-21,141.51722717285156
NVDA,2024-10-28,135.3782196044922
NVDA,2024-11-04,147.6062469482422
NVDA,2024-11-11,141.9571533203125
NVDA,2024-11-18,141.92715454101562
NVDA,2024-11-25,138.22776794433594
NVDA,2024-12-02,142.41709899902344
NVDA,2024-12-09,134.23765563964844
NVDA,2024-12-16,134.68760681152344
NVDA,2024-12-23,136.9973907470703
NVDA,2024-12-30,144.4567108154297
NVDA,2025-01-06,135.8975067138672
NVDA,2025-01-13,137.6973419189453
NVDA,2025-01-20,142.60687255859375
NVDA,2025-01-27,120.0589599609375
NVDA,2025-02-03,129.8280487060547
NVDA,2025-02-10,138.8372344970703
NVDA,2025-02-17,134.41763305664062
NVDA,2025-02-24,124.90850830078124
NVDA,2025-03-03,112.6796417236328
NVDA,2025-03-10,121.65880584716795
NVDA,2025-03-17,117.6999969482422
NVDA,2025-03-24,109.66999816894533
NVDA,2025-03-31,94.30999755859376
PEP,2024-03-18,166.48239135742188
PEP,2024-03-25,169.37612915039062
PEP,2024-04-01,163.69509887695312
PEP,2024-04-08,162.68856811523438
PEP,2024-04-15,168.5244598388672
PEP,2024-04-22,169.92776489257812
PEP,2024-04-29,170.4794158935547
PEP,2024-05-06,174.0022430419922
PEP,2024-05-13,176.32498168945312
PEP,2024-05-20,172.2602081298828
PEP,2024-05-27,167.33404541015625
PEP,2024-06-03,165.53392028808594
PEP,2024-06-10,159.7867431640625
PEP,2024-06-17,163.1715087890625
PEP,2024-06-24,160.87921142578125
PEP,2024-07-01,160.3524932861328
PEP,2024-07-08,162.2936248779297
PEP,2024-07-15,165.20042419433594
PEP,2024-07-22,168.50717163085938
PEP,2024-07-29,173.667236328125
PEP,2024-08-05,168.156005859375
PEP,2024-08-12,168.38035583496094
PEP,2024-08-19,171.550537109375
PEP,2024-08-26,168.63397216796875
PEP,2024-09-02,172.98443603515625
PEP,2024-09-09,174.32130432128906
PEP,2024-09-16,168.2471923828125
PEP,2024-09-23,167.08741760253906
PEP,2024-09-30,165.09219360351562
PEP,2024-10-07,171.81500244140625
PEP,2024-10-14,172.0607147216797
PEP,2024-10-21,168.84674072265625
PEP,2024-10-28,162.75296020507812
PEP,2024-11-04,162.2812042236328
PEP,2024-11-11,155.9023895263672
PEP,2024-11-18,159.22447204589844
PEP,2024-11-25,160.64962768554688
PEP,2024-12-02,155.08660888671875
PEP,2024-12-09,156.58555603027344
PEP,2024-12-16,151.45094299316406
PEP,2024-12-23,151.55007934570312
PEP,2024-12-30,148.33847045898438
PEP,2025-01-06,141.38990783691406
PEP,2025-01-13,146.95074462890625
PEP,2025-01-20,147.8131103515625
PEP,2025-01-27,149.36935424804688
PEP,2025-02-03,143.3129119873047
PEP,2025-02-10,142.13333129882812
PEP,2025-02-17,152.15472412109375
PEP,2025-02-24,152.125
PEP,2025-03-03,153.0865020751953
PEP,2025-03-10,148.58999633789062
PEP,2025-03-17,145.4499969482422
PEP,2025-03-24,149.27000427246094
PEP,2025-03-31,146.61000061035156
PFE,2024-03-18,25.74626541137696
PFE,2024-03-25,26.113262176513672
PFE,2024-04-01,25.08755111694336
PFE,2024-04-08,24.334735870361328
PFE,2024-04-15,24.46648025512696
PFE,2024-04-22,23.9018669128418
PFE,2024-04-29,26.16971969604492
PFE,2024-05-06,26.35792732238769
PFE,2024-05-13,27.357208251953125
PFE,2024-05-20,27.586456298828125
PFE,2024-05-27,27.37631225585937
PFE,2024-06-03,27.299894332885746
PFE,2024-06-10,26.296924591064453
PFE,2024-06-17,26.49751853942871
PFE,2024-06-24,26.726768493652344
PFE,2024-07-01,26.79363250732422
PFE,2024-07-08,27.62466621398925
PFE,2024-07-15,28.62763786315918
PFE,2024-07-22,29.39180564880371
PFE,2024-07-29,29.47725296020508
PFE,2024-08-05,27.65611267089844
PFE,2024-08-12,27.4139404296875
PFE,2024-08-19,27.99515724182129
PFE,2024-08-26,28.101713180541992
PFE,2024-09-02,27.66580009460449
PFE,2024-09-09,28.353572845458984
PFE,2024-09-16,28.49887466430664
PFE,2024-09-23,28.17920684814453
PFE,2024-09-30,27.6851749420166
PFE,2024-10-07,28.24701690673828
PFE,2024-10-14,28.305137634277344
PFE,2024-10-21,27.559246063232425
PFE,2024-10-28,27.21051597595215
PFE,2024-11-04,25.88340950012207
PFE,2024-11-11,24.396671295166016
PFE,2024-11-18,25.23284721374512
PFE,2024-11-25,25.78373908996582
PFE,2024-12-02,25.3115463256836
PFE,2024-12-09,25.163986206054688
PFE,2024-12-16,25.93130111694336
PFE,2024-12-23,26.18707275390625
PFE,2024-12-30,26.157560348510746
PFE,2025-01-06,26.285446166992188
PFE,2025-01-13,25.872276306152344
PFE,2025-01-20,25.665691375732425
PFE,2025-01-27,26.520000457763672
PFE,2025-02-03,25.739999771118164
PFE,2025-02-10,25.530000686645508
PFE,2025-02-17,26.299999237060547
PFE,2025-02-24,26.43000030517578
PFE,2025-03-03,26.729999542236328
PFE,2025-03-10,25.71999931335449
PFE,2025-03-17,26.280000686645508
PFE,2025-03-24,25.209999084472656
PFE,2025-03-31,22.96999931335449
PG,2024-03-18,157.76730346679688
PG,2024-03-25,158.3430938720703
PG,2024-04-01,152.3411865234375
PG,2024-04-08,151.58973693847656
PG,2024-04-15,154.3320770263672
PG,2024-04-22,158.42259216308594
PG,2024-04-29,161.5362548828125
PG,2024-05-06,163.88375854492188
PG,2024-05-13,164.6597137451172
PG,2024-05-20,162.39077758789062
PG,2024-05-27,161.61480712890625
PG,2024-06-03,164.09002685546875
PG,2024-06-10,163.82481384277344
PG,2024-06-17,165.26869201660156
PG,2024-06-24,161.98805236816406
PG,2024-07-01,162.27291870117188
PG,2024-07-08,163.6480255126953
PG,2024-07-15,164.97402954101562
PG,2024-07-22,167.1025848388672
PG,2024-07-29,168.06106567382812
PG,2024-08-05,168.51560974121094
PG,2024-08-12,165.89706420898438
PG,2024-08-19,167.16188049316406
PG,2024-08-26,169.5037384033203
PG,2024-09-02,173.50564575195312
PG,2024-09-09,172.0135955810547
PG,2024-09-16,172.15191650390625
PG,2024-09-23,171.48988342285156
PG,2024-09-30,166.8753204345703
PG,2024-10-07,169.05906677246094
PG,2024-10-14,169.24681091308594
PG,2024-10-21,167.20045471191406
PG,2024-10-28,164.099365234375
PG,2024-11-04,166.6935577392578
PG,2024-11-11,168.512451171875
PG,2024-11-18,175.21160888671875
PG,2024-11-25,178.1735382080078
PG,2024-12-02,172.7665252685547
PG,2024-12-09,170.0232391357422
PG,2024-12-16,167.0414276123047
PG,2024-12-23,168.5025177001953
PG,2024-12-30,164.12918090820312
PG,2025-01-06,157.5989990234375
PG,2025-01-13,160.15342712402344
PG,2025-01-20,163.12530517578125
PG,2025-01-27,165.99000549316406
PG,2025-02-03,167.97000122070312
PG,2025-02-10,162.88999938964844
PG,2025-02-17,170.22999572753906
PG,2025-02-24,173.83999633789062
PG,2025-03-03,175.9499969482422
PG,2025-03-10,167.97000122070312
PG,2025-03-17,166.69000244140625
PG,2025-03-24,168.02999877929688
PG,2025-03-31,163.75
PSX,2024-03-18,154.1202850341797
PSX,2024-03-25,157.8802490234375
PSX,2024-04-01,165.0425567626953
PSX,2024-04-08,157.05868530273438
PSX,2024-04-15,149.53872680664062
PSX,2024-04-22,146.34902954101562
PSX,2024-04-29,138.8097381591797
PSX,2024-05-06,140.7332305908203
PSX,2024-05-13,142.16375732421875
PSX,2024-05-20,139.00686645507812
PSX,2024-05-27,138.4515380859375
PSX,2024-06-03,134.51556396484375
PSX,2024-06-10,133.23927307128906
PSX,2024-06-17,134.5350341796875
PSX,2024-06-24,137.53573608398438
PSX,2024-07-01,134.83705139160156
PSX,2024-07-08,135.0708770751953
PSX,2024-07-15,134.90524291992188
PSX,2024-07-22,138.54898071289062
PSX,2024-07-29,130.31649780273438
PSX,2024-08-05,131.9240264892578
PSX,2024-08-12,135.3436737060547
PSX,2024-08-19,131.8850555419922
PSX,2024-08-26,137.83546447753906
PSX,2024-09-02,125.8801040649414
PSX,2024-09-09,124.46549224853516
PSX,2024-09-16,127.6778335571289
PSX,2024-09-23,128.73878479003906
PSX,2024-09-30,136.17526245117188
PSX,2024-10-07,133.9453125
PSX,2024-10-14,130.26145935058594
PSX,2024-10-21,125.9095687866211
PSX,2024-10-28,117.89348602294922
PSX,2024-11-04,124.21990203857422
PSX,2024-11-11,128.60125732421875
PSX,2024-11-18,130.9196319580078
PSX,2024-11-25,132.78355407714844
PSX,2024-12-02,127.5308837890625
PSX,2024-12-09,121.62411499023438
PSX,2024-12-16,109.3843994140625
PSX,2024-12-23,111.5845718383789
PSX,2024-12-30,115.05331420898438
PSX,2025-01-06,112.91260528564452
PSX,2025-01-13,119.45366668701172
PSX,2025-01-20,120.77179718017578
PSX,2025-01-27,116.8174285888672
PSX,2025-02-03,119.2257308959961
PSX,2025-02-10,126.89659881591795
PSX,2025-02-17,127.62999725341795
PSX,2025-02-24,128.53187561035156
PSX,2025-03-03,126.18000030517578
PSX,2025-03-10,126.7300033569336
PSX,2025-03-17,125.48999786376952
PSX,2025-03-24,121.76000213623048
PSX,2025-03-31,98.80999755859376
QCOM,2024-03-18,166.7585906982422
QCOM,2024-03-25,165.97430419921875
QCOM,2024-04-01,168.16050720214844
QCOM,2024-04-08,167.9252166748047
QCOM,2024-04-15,154.5335693359375
QCOM,2024-04-22,162.40582275390625
QCOM,2024-04-29,176.1112060546875
QCOM,2024-05-06,178.50326538085938
QCOM,2024-05-13,190.05186462402344
QCOM,2024-05-20,206.2277374267578
QCOM,2024-05-27,200.04168701171875
QCOM,2024-06-03,203.39132690429688
QCOM,2024-06-10,211.96522521972656
QCOM,2024-06-17,209.208984375
QCOM,2024-06-24,196.06759643554688
QCOM,2024-07-01,202.534912109375
QCOM,2024-07-08,199.2667999267578
QCOM,2024-07-15,183.30026245117188
QCOM,2024-07-22,177.23651123046875
QCOM,2024-07-29,156.82058715820312
QCOM,2024-08-05,161.90982055664062
QCOM,2024-08-12,169.48948669433594
QCOM,2024-08-19,170.7888641357422
QCOM,2024-08-26,172.5607452392578
QCOM,2024-09-02,155.71810913085938
QCOM,2024-09-09,165.9622802734375
QCOM,2024-09-16,167.13975524902344
QCOM,2024-09-23,168.3369903564453
QCOM,2024-09-30,167.1199493408203
QCOM,2024-10-07,168.18856811523438
QCOM,2024-10-14,169.11866760253906
QCOM,2024-10-21,168.47552490234375
QCOM,2024-10-28,163.52821350097656
QCOM,2024-11-04,169.10877990722656
QCOM,2024-11-11,158.80848693847656
QCOM,2024-11-18,155.1375732421875
QCOM,2024-11-25,156.85923767089844
QCOM,2024-12-02,157.82891845703125
QCOM,2024-12-09,157.67977905273438
QCOM,2024-12-16,152.07003784179688
QCOM,2024-12-23,156.39671325683594
QCOM,2024-12-30,156.98353576660156
QCOM,2025-01-06,156.13809204101562
QCOM,2025-01-13,163.6774444580078
QCOM,2025-01-20,171.18695068359375
QCOM,2025-01-27,172.00254821777344
QCOM,2025-02-03,167.05921936035156
QCOM,2025-02-10,171.30630493164062
QCOM,2025-02-17,164.5427703857422
QCOM,2025-02-24,156.3270721435547
QCOM,2025-03-03,160.35536193847656
QCOM,2025-03-10,156.5800018310547
QCOM,2025-03-17,156.82000732421875
QCOM,2025-03-24,152.72000122070312
QCOM,2025-03-31,127.45999908447266
RIVN,2024-03-18,10.800000190734863
RIVN,2024-03-25,10.949999809265137
RIVN,2024-04-01,10.100000381469728
RIVN,2024-04-08,9.130000114440918
RIVN,2024-04-15,8.630000114440918
RIVN,2024-04-22,9.039999961853027
RIVN,2024-04-29,10.06999969482422
RIVN,2024-05-06,9.989999771118164
RIVN,2024-05-13,10.5
RIVN,2024-05-20,10.4399995803833
RIVN,2024-05-27,10.920000076293944
RIVN,2024-06-03,11.520000457763672
RIVN,2024-06-10,10.880000114440918
RIVN,2024-06-17,10.31999969482422
RIVN,2024-06-24,13.420000076293944
RIVN,2024-07-01,14.789999961853027
RIVN,2024-07-08,18.11000061035156
RIVN,2024-07-15,16.75
RIVN,2024-07-22,16.209999084472656
RIVN,2024-07-29,14.720000267028809
RIVN,2024-08-05,13.949999809265137
RIVN,2024-08-12,13.210000038146973
RIVN,2024-08-19,13.960000038146973
RIVN,2024-08-26,14.130000114440918
RIVN,2024-09-02,13.229999542236328
RIVN,2024-09-09,13.5
RIVN,2024-09-16,11.710000038146973
RIVN,2024-09-23,11.600000381469728
RIVN,2024-09-30,10.4399995803833
RIVN,2024-10-07,10.5
RIVN,2024-10-14,10.039999961853027
RIVN,2024-10-21,10.449999809265137
RIVN,2024-10-28,10.18000030517578
RIVN,2024-11-04,10.59000015258789
RIVN,2024-11-11,10.0600004196167
RIVN,2024-11-18,10.239999771118164
RIVN,2024-11-25,12.229999542236328
RIVN,2024-12-02,13.0
RIVN,2024-12-09,14.369999885559082
RIVN,2024-12-16,13.829999923706056
RIVN,2024-12-23,13.649999618530272
RIVN,2024-12-30,16.489999771118164
RIVN,2025-01-06,13.850000381469728
RIVN,2025-01-13,14.210000038146973
RIVN,2025-01-20,12.770000457763672
RIVN,2025-01-27,12.5600004196167
RIVN,2025-02-03,12.479999542236328
RIVN,2025-02-10,14.029999732971191
RIVN,2025-02-17,12.970000267028809
RIVN,2025-02-24,11.84000015258789
RIVN,2025-03-03,11.170000076293944
RIVN,2025-03-10,10.75
RIVN,2025-03-17,11.600000381469728
RIVN,2025-03-24,12.40999984741211
RIVN,2025-03-31,11.210000038146973
RTX,2024-03-18,93.48957061767578
RTX,2024-03-25,95.43687438964844
RTX,2024-04-01,99.5075912475586
RTX,2024-04-08,97.95171356201172
RTX,2024-04-15,99.38037872314452
RTX,2024-04-22,99.23360443115234
RTX,2024-04-29,99.22381591796876
RTX,2024-05-06,104.03822326660156
RTX,2024-05-13,101.94415283203124
RTX,2024-05-20,104.61489868164062
RTX,2024-05-27,106.13091278076172
RTX,2024-06-03,106.4262466430664
RTX,2024-06-10,102.60667419433594
RTX,2024-06-17,103.96517944335938
RTX,2024-06-24,98.82648468017578
RTX,2024-07-01,98.80679321289062
RTX,2024-07-08,99.70262145996094
RTX,2024-07-15,101.2087860107422
RTX,2024-07-22,112.17528533935548
RTX,2024-07-29,114.6265106201172
RTX,2024-08-05,114.34102630615234
RTX,2024-08-12,116.11298370361328
RTX,2024-08-19,117.2984619140625
RTX,2024-08-26,122.06878662109376
RTX,2024-09-02,117.21929168701172
RTX,2024-09-09,117.8922882080078
RTX,2024-09-16,116.93228149414062
RTX,2024-09-23,119.1491928100586
RTX,2024-09-30,123.62261199951172
RTX,2024-10-07,122.6527099609375
RTX,2024-10-14,124.6221923828125
RTX,2024-10-21,123.87003326416016
RTX,2024-10-28,117.52609252929688
RTX,2024-11-04,122.27662658691406
RTX,2024-11-11,117.30836486816406
RTX,2024-11-18,120.16184997558594
RTX,2024-11-25,121.21651458740234
RTX,2024-12-02,117.3958511352539
RTX,2024-12-09,117.15705871582033
RTX,2024-12-16,115.8934555053711
RTX,2024-12-23,116.12229919433594
RTX,2024-12-30,115.28652954101562
RTX,2025-01-06,114.53035736083984
RTX,2025-01-13,120.5001449584961
RTX,2025-01-20,124.67898559570312
RTX,2025-01-27,128.3006591796875
RTX,2025-02-03,127.30569458007812
RTX,2025-02-10,121.7936019897461
RTX,2025-02-17,122.6691665649414
RTX,2025-02-24,132.99000549316406
RTX,2025-03-03,128.39999389648438
RTX,2025-03-10,129.99000549316406
RTX,2025-03-17,132.3699951171875
RTX,2025-03-24,131.72000122070312
RTX,2025-03-31,117.4499969482422
SLB,2024-03-18,52.597129821777344
SLB,2024-03-25,53.39598083496094
SLB,2024-04-01,53.61030197143555
SLB,2024-04-08,50.658470153808594
SLB,2024-04-15,48.56393814086914
SLB,2024-04-22,47.93070602416992
SLB,2024-04-29,46.43043518066406
SLB,2024-05-06,47.24876403808594
SLB,2024-05-13,47.3364486694336
SLB,2024-05-20,45.04707717895508
SLB,2024-05-27,44.70609664916992
SLB,2024-06-03,43.40066909790039
SLB,2024-06-10,42.1577262878418
SLB,2024-06-17,44.765621185302734
SLB,2024-06-24,46.2558479309082
SLB,2024-07-01,45.2362174987793
SLB,2024-07-08,45.51073455810547
SLB,2024-07-15,48.69707107543945
SLB,2024-07-22,47.873531341552734
SLB,2024-07-29,44.04991912841797
SLB,2024-08-05,42.69695663452149
SLB,2024-08-12,43.9028549194336
SLB,2024-08-19,44.23619842529297
SLB,2024-08-26,43.12833786010742
SLB,2024-09-02,39.824344635009766
SLB,2024-09-09,39.43370056152344
SLB,2024-09-16,41.85143280029297
SLB,2024-09-23,41.73301315307617
SLB,2024-09-30,44.86125946044922
SLB,2024-10-07,44.190216064453125
SLB,2024-10-14,41.36788177490234
SLB,2024-10-21,41.19025802612305
SLB,2024-10-28,39.23633193969727
SLB,2024-11-04,42.611289978027344
SLB,2024-11-11,42.611289978027344
SLB,2024-11-18,43.6474609375
SLB,2024-11-25,43.36127853393555
SLB,2024-12-02,40.420528411865234
SLB,2024-12-09,39.94191360473633
SLB,2024-12-16,36.57535552978516
SLB,2024-12-23,37.53864669799805
SLB,2024-12-30,38.323184967041016
SLB,2025-01-06,38.35297393798828
SLB,2025-01-13,43.27868270874024
SLB,2025-01-20,41.95787811279297
SLB,2025-01-27,40.00149917602539
SLB,2025-02-03,39.88232803344727
SLB,2025-02-10,41.75
SLB,2025-02-17,41.7400016784668
SLB,2025-02-24,41.65999984741211
SLB,2025-03-03,41.369998931884766
SLB,2025-03-10,41.09999847412109
SLB,2025-03-17,40.9900016784668
SLB,2025-03-24,41.880001068115234
SLB,2025-03-31,34.779998779296875
T,2024-03-18,16.046977996826172
T,2024-03-25,16.632909774780273
T,2024-04-01,16.462800979614258
T,2024-04-08,15.413792610168455
T,2024-04-15,15.85837745666504
T,2024-04-22,16.088905334472656
T,2024-04-29,16.18495750427246
T,2024-05-06,16.492328643798828
T,2024-05-13,16.713247299194336
T,2024-05-20,16.809303283691406
T,2024-05-27,17.500885009765625
T,2024-06-03,17.3856201171875
T,2024-06-10,16.943777084350586
T,2024-06-17,17.67378044128418
T,2024-06-24,18.355758666992188
T,2024-07-01,18.029176712036133
T,2024-07-08,18.067598342895508
T,2024-07-15,18.64101219177246
T,2024-07-22,18.533767700195312
T,2024-07-29,18.88475227355957
T,2024-08-05,19.00174331665039
T,2024-08-12,18.85550308227539
T,2024-08-19,19.23573112487793
T,2024-08-26,19.401472091674805
T,2024-09-02,20.44466781616211
T,2024-09-09,21.097883224487305
T,2024-09-16,21.000389099121094
T,2024-09-23,21.351367950439453
T,2024-09-30,21.361120223999023
T,2024-10-07,20.83464813232422
T,2024-10-14,21.57613754272461
T,2024-10-21,21.55638694763184
T,2024-10-28,21.842754364013672
T,2024-11-04,22.05999565124512
T,2024-11-11,22.395734786987305
T,2024-11-18,22.889467239379883
T,2024-11-25,22.86971664428711
T,2024-12-02,23.58069229125977
T,2024-12-09,23.33382606506348
T,2024-12-16,22.46485710144043
T,2024-12-23,22.57347869873047
T,2024-12-30,22.3858585357666
T,2025-01-06,21.418142318725582
T,2025-01-13,22.290000915527344
T,2025-01-20,22.71999931335449
T,2025-01-27,23.729999542236328
T,2025-02-03,24.540000915527344
T,2025-02-10,25.8700008392334
T,2025-02-17,26.6200008392334
T,2025-02-24,27.40999984741211
T,2025-03-03,27.1200008392334
T,2025-03-10,26.57999992370605
T,2025-03-17,27.020000457763672
T,2025-03-24,28.18000030517578
T,2025-03-31,26.63999938964844
TGT,2024-03-18,163.58937072753906
TGT,2024-03-25,171.9128875732422
TGT,2024-04-01,166.63551330566406
TGT,2024-04-08,161.1543731689453
TGT,2024-04-15,163.2692108154297
TGT,2024-04-22,159.8156280517578
TGT,2024-04-29,153.31590270996094
TGT,2024-05-06,158.25376892089844
TGT,2024-05-13,155.34344482421875
TGT,2024-05-20,141.858642578125
TGT,2024-05-27,152.53492736816406
TGT,2024-06-03,142.61077880859375
TGT,2024-06-10,137.88311767578125
TGT,2024-06-17,142.73776245117188
TGT,2024-06-24,144.60340881347656
TGT,2024-07-01,142.2688751220703
TGT,2024-07-08,149.30177307128906
TGT,2024-07-15,146.25418090820312
TGT,2024-07-22,145.54112243652344
TGT,2024-07-29,135.93931579589844
TGT,2024-08-05,132.35450744628906
TGT,2024-08-12,140.69625854492188
TGT,2024-08-19,154.82058715820312
TGT,2024-08-26,151.22738647460938
TGT,2024-09-02,148.92384338378906
TGT,2024-09-09,149.0026092529297
TGT,2024-09-16,152.33981323242188
TGT,2024-09-23,152.76309204101562
TGT,2024-09-30,150.49893188476562
TGT,2024-10-07,155.9920196533203
TGT,2024-10-14,154.39724731445312
TGT,2024-10-21,148.80572509765625
TGT,2024-10-28,148.49069213867188
TGT,2024-11-04,147.44720458984375
TGT,2024-11-11,149.76060485839844
TGT,2024-11-18,123.06300354003906
TGT,2024-11-25,131.19119262695312
TGT,2024-12-02,131.2705078125
TGT,2024-12-09,133.38250732421875
TGT,2024-12-16,130.36819458007812
TGT,2024-12-23,134.35421752929688
TGT,2024-12-30,134.64175415039062
TGT,2025-01-06,140.42245483398438
TGT,2025-01-13,132.48019409179688
TGT,2025-01-20,136.7239990234375
TGT,2025-01-27,136.74383544921875
TGT,2025-02-03,130.23931884765625
TGT,2025-02-10,126.79864501953124
TGT,2025-02-17,124.2699966430664
TGT,2025-02-24,124.23999786376952
TGT,2025-03-03,115.08000183105467
TGT,2025-03-10,104.6999969482422
TGT,2025-03-17,104.05999755859376
TGT,2025-03-24,103.6500015258789
TGT,2025-03-31,95.72000122070312
TSLA,2024-03-18,170.8300018310547
TSLA,2024-03-25,175.7899932861328
TSLA,2024-04-01,164.89999389648438
TSLA,2024-04-08,171.0500030517578
TSLA,2024-04-15,147.0500030517578
TSLA,2024-04-22,168.2899932861328
TSLA,2024-04-29,181.19000244140625
TSLA,2024-05-06,168.47000122070312
TSLA,2024-05-13,177.4600067138672
TSLA,2024-05-20,179.24000549316406
TSLA,2024-05-27,178.0800018310547
TSLA,2024-06-03,177.47999572753906
TSLA,2024-06-10,178.00999450683594
TSLA,2024-06-17,183.009994506836
TSLA,2024-06-24,197.8800048828125
TSLA,2024-07-01,251.5200042724609
TSLA,2024-07-08,248.22999572753903
TSLA,2024-07-15,239.1999969482422
TSLA,2024-07-22,219.8000030517578
TSLA,2024-07-29,207.6699981689453
TSLA,2024-08-05,200.0
TSLA,2024-08-12,216.1199951171875
TSLA,2024-08-19,220.32000732421875
TSLA,2024-08-26,214.1100006103516
TSLA,2024-09-02,210.72999572753903
TSLA,2024-09-09,230.2899932861328
TSLA,2024-09-16,238.25
TSLA,2024-09-23,260.4599914550781
TSLA,2024-09-30,250.0800018310547
TSLA,2024-10-07,217.8000030517578
TSLA,2024-10-14,220.6999969482422
TSLA,2024-10-21,269.19000244140625
TSLA,2024-10-28,248.97999572753903
TSLA,2024-11-04,321.2200012207031
TSLA,2024-11-11,320.7200012207031
TSLA,2024-11-18,352.5599975585937
TSLA,2024-11-25,345.1600036621094
TSLA,2024-12-02,389.2200012207031
TSLA,2024-12-09,436.2300109863281
TSLA,2024-12-16,421.05999755859375
TSLA,2024-12-23,431.6600036621094
TSLA,2024-12-30,410.4400024414063
TSLA,2025-01-06,394.739990234375
TSLA,2025-01-13,426.5
TSLA,2025-01-20,406.5799865722656
TSLA,2025-01-27,404.6000061035156
TSLA,2025-02-03,361.6199951171875
TSLA,2025-02-10,355.8399963378906
TSLA,2025-02-17,337.79998779296875
TSLA,2025-02-24,292.9800109863281
TSLA,2025-03-03,262.6700134277344
TSLA,2025-03-10,249.97999572753903
TSLA,2025-03-17,248.7100067138672
TSLA,2025-03-24,263.54998779296875
TSLA,2025-03-31,239.42999267578125
TSM,2024-03-18,138.0404052734375
TSM,2024-03-25,134.17291259765625
TSM,2024-04-01,139.40963745117188
TSM,2024-04-08,140.5536651611328
TSM,2024-04-15,125.9381103515625
TSM,2024-04-22,136.39187622070312
TSM,2024-04-29,139.6068878173828
TSM,2024-05-06,147.20066833496094
TSM,2024-05-13,149.58724975585938
TSM,2024-05-20,157.79249572753906
TSM,2024-05-27,148.95606994628906
TSM,2024-06-03,162.1219024658203
TSM,2024-06-10,170.12986755371094
TSM,2024-06-17,172.10110473632812
TSM,2024-06-24,171.95269775390625
TSM,2024-07-01,182.02392578125
TSM,2024-07-08,185.3480224609375
TSM,2024-07-15,163.9986114501953
TSM,2024-07-22,160.2095489501953
TSM,2024-07-29,148.25863647460938
TSM,2024-08-05,165.33416748046875
TSM,2024-08-12,172.67489624023438
TSM,2024-08-19,169.44973754882812
TSM,2024-08-26,169.865234375
TSM,2024-09-02,155.14425659179688
TSM,2024-09-09,170.6566925048828
TSM,2024-09-16,172.85548400878906
TSM,2024-09-23,176.71810913085938
TSM,2024-09-30,179.88568115234375
TSM,2024-10-07,189.46778869628903
TSM,2024-10-14,199.3676605224609
TSM,2024-10-21,202.0089569091797
TSM,2024-10-28,191.5927276611328
TSM,2024-11-04,199.78468322753903
TSM,2024-11-11,184.70155334472656
TSM,2024-11-18,188.742919921875
TSM,2024-11-25,183.36105346679688
TSM,2024-12-02,201.59190368652344
TSM,2024-12-09,199.57618713378903
TSM,2024-12-16,196.44461059570312
TSM,2024-12-23,200.8474578857422
TSM,2024-12-30,207.8003692626953
TSM,2025-01-06,207.5612945556641
TSM,2025-01-13,210.6791534423828
TSM,2025-01-20,221.01885986328125
TSM,2025-01-27,208.5076141357422
TSM,2025-02-03,205.3200225830078
TSM,2025-02-10,203.108642578125
TSM,2025-02-17,197.4706115722656
TSM,2025-02-24,179.829345703125
TSM,2025-03-03,176.41265869140625
TSM,2025-03-10,173.41433715820312
TSM,2025-03-17,176.04408264160156
TSM,2025-03-24,165.25
TSM,2025-03-31,146.8000030517578
UNH,2024-03-18,482.3560485839844
UNH,2024-03-25,486.9132080078125
UNH,2024-04-01,448.56640625
UNH,2024-04-08,432.2867736816406
UNH,2024-04-15,493.2419738769531
UNH,2024-04-22,487.552978515625
UNH,2024-04-29,484.6986083984375
UNH,2024-05-06,504.7381286621094
UNH,2024-05-13,516.3720703125
UNH,2024-05-20,500.1712036132813
UNH,2024-05-27,487.5726318359375
UNH,2024-06-03,482.9662780761719
UNH,2024-06-10,489.2951049804688
UNH,2024-06-17,474.9938049316406
UNH,2024-06-24,503.3703918457031
UNH,2024-07-01,482.3661804199219
UNH,2024-07-08,505.6141662597656
UNH,2024-07-15,558.7919921875
UNH,2024-07-22,563.1311645507812
UNH,2024-07-29,583.0086059570312
UNH,2024-08-05,552.2979125976562
UNH,2024-08-12,570.9991455078125
UNH,2024-08-19,577.7501831054688
UNH,2024-08-26,583.3743286132812
UNH,2024-09-02,589.9771118164062
UNH,2024-09-09,587.4466552734375
UNH,2024-09-16,568.3501586914062
UNH,2024-09-23,577.1602172851562
UNH,2024-09-30,586.4349365234375
UNH,2024-10-07,593.2296752929688
UNH,2024-10-14,565.0189208984375
UNH,2024-10-21,560.0095825195312
UNH,2024-10-28,562.9854125976562
UNH,2024-11-04,610.8465576171875
UNH,2024-11-11,587.45654296875
UNH,2024-11-18,586.1075439453125
UNH,2024-11-25,605.28173828125
UNH,2024-12-02,545.1900024414062
UNH,2024-12-09,516.284912109375
UNH,2024-12-16,498.001708984375
UNH,2024-12-23,507.8197326660156
UNH,2024-12-30,510.8169555664063
UNH,2025-01-06,518.4742431640625
UNH,2025-01-13,507.5907287597656
UNH,2025-01-20,530.2439575195312
UNH,2025-01-27,540.1814575195312
UNH,2025-02-03,524.7872924804688
UNH,2025-02-10,521.2822265625
UNH,2025-02-17,464.4351806640625
UNH,2025-02-24,472.9388122558594
UNH,2025-03-03,491.3800048828125
UNH,2025-03-10,486.570556640625
UNH,2025-03-17,516.8499755859375
UNH,2025-03-24,516.0399780273438
UNH,2025-03-31,525.0499877929688
VZ,2024-03-18,37.81611251831055
VZ,2024-03-25,39.30552673339844
VZ,2024-04-01,39.45540237426758
VZ,2024-04-08,37.20723724365234
VZ,2024-04-15,38.542728424072266
VZ,2024-04-22,37.77168273925781
VZ,2024-04-29,37.019676208496094
VZ,2024-05-06,38.45705795288086
VZ,2024-05-13,38.1334114074707
VZ,2024-05-20,37.828800201416016
VZ,2024-05-27,39.170989990234375
VZ,2024-06-03,38.97108459472656
VZ,2024-06-10,37.76216506958008
VZ,2024-06-17,38.30475616455078
VZ,2024-06-24,39.25666427612305
VZ,2024-07-01,39.28521728515625
VZ,2024-07-08,39.4375228881836
VZ,2024-07-15,40.266746520996094
VZ,2024-07-22,38.78649520874024
VZ,2024-07-29,39.637882232666016
VZ,2024-08-05,39.4250373840332
VZ,2024-08-12,39.289588928222656
VZ,2024-08-19,39.87007522583008
VZ,2024-08-26,40.42154693603516
VZ,2024-09-02,39.81203079223633
VZ,2024-09-09,42.985382080078125
VZ,2024-09-16,42.88863754272461
VZ,2024-09-23,43.430423736572266
VZ,2024-09-30,42.74351119995117
VZ,2024-10-07,41.60187911987305
VZ,2024-10-14,43.22407531738281
VZ,2024-10-21,40.659515380859375
VZ,2024-10-28,40.63986587524414
VZ,2024-11-04,39.775184631347656
VZ,2024-11-11,40.9248161315918
VZ,2024-11-18,42.39870071411133
VZ,2024-11-25,43.56797790527344
VZ,2024-12-02,41.63227844238281
VZ,2024-12-09,41.54384613037109
VZ,2024-12-16,39.23476409912109
VZ,2024-12-23,39.22493362426758
VZ,2024-12-30,39.55901336669922
VZ,2025-01-06,37.15167617797852
VZ,2025-01-13,38.77999877929688
VZ,2025-01-20,39.540000915527344
VZ,2025-01-27,39.38999938964844
VZ,2025-02-03,39.880001068115234
VZ,2025-02-10,40.9900016784668
VZ,2025-02-17,42.7599983215332
VZ,2025-02-24,43.09999847412109
VZ,2025-03-03,46.060001373291016
VZ,2025-03-10,43.56999969482422
VZ,2025-03-17,43.9900016784668
VZ,2025-03-24,44.93000030517578
VZ,2025-03-31,43.02999877929688
WFC,2024-03-18,55.77446365356445
WFC,2024-03-25,56.58476638793945
WFC,2024-04-01,56.03805923461914
WFC,2024-04-08,55.13012313842773
WFC,2024-04-15,58.91805648803711
WFC,2024-04-22,58.48849868774414
WFC,2024-04-29,58.51778411865234
WFC,2024-05-06,60.4215202331543
WFC,2024-05-13,59.97355651855469
WFC,2024-05-20,59.11931228637695
WFC,2024-05-27,58.83456802368164
WFC,2024-06-03,57.302825927734375
WFC,2024-06-10,56.3602180480957
WFC,2024-06-17,57.04753494262695
WFC,2024-06-24,58.31416702270508
WFC,2024-07-01,58.54000473022461
WFC,2024-07-08,55.51580047607422
WFC,2024-07-15,58.15706634521485
WFC,2024-07-22,59.29605865478516
WFC,2024-07-29,52.29521560668945
WFC,2024-08-05,51.80427169799805
WFC,2024-08-12,54.74274826049805
WFC,2024-08-19,56.09820556640625
WFC,2024-08-26,57.84941864013672
WFC,2024-09-02,53.42686080932617
WFC,2024-09-09,52.21981048583984
WFC,2024-09-16,55.69255828857422
WFC,2024-09-23,55.30669784545898
WFC,2024-09-30,56.355445861816406
WFC,2024-10-07,60.34267425537109
WFC,2024-10-14,63.676902770996094
WFC,2024-10-21,63.8451042175293
WFC,2024-10-28,63.99350738525391
WFC,2024-11-04,69.29662322998047
WFC,2024-11-11,73.97477722167969
WFC,2024-11-18,75.58682250976562
WFC,2024-11-25,75.79579162597656
WFC,2024-12-02,73.96483612060547
WFC,2024-12-09,70.09394836425781
WFC,2024-12-16,69.99443054199219
WFC,2024-12-23,70.76065063476562
WFC,2024-12-30,70.95966339111328
WFC,2025-01-06,69.61630249023438
WFC,2025-01-13,76.70132446289062
WFC,2025-01-20,76.94013977050781
WFC,2025-01-27,78.41287231445312
WFC,2025-02-03,80.273681640625
WFC,2025-02-10,79.9800033569336
WFC,2025-02-17,77.5
WFC,2025-02-24,78.31999969482422
WFC,2025-03-03,71.05000305175781
WFC,2025-03-10,70.8499984741211
WFC,2025-03-17,72.5199966430664
WFC,2025-03-24,70.69000244140625
WFC,2025-03-31,60.97999954223633
WMT,2024-03-18,60.18861389160156
WMT,2024-03-25,59.49644470214844
WMT,2024-04-01,59.18003082275391
WMT,2024-04-08,59.4667854309082
WMT,2024-04-15,58.863616943359375
WMT,2024-04-22,59.4865608215332
WMT,2024-04-29,59.150367736816406
WMT,2024-05-06,59.802978515625
WMT,2024-05-13,64.1475830078125
WMT,2024-05-20,64.87189483642578
WMT,2024-05-27,65.24894714355469
WMT,2024-06-03,65.36801147460938
WMT,2024-06-10,66.49915313720703
WMT,2024-06-17,67.38224029541016
WMT,2024-06-24,67.18379211425781
WMT,2024-07-01,69.49568176269531
WMT,2024-07-08,68.701904296875
WMT,2024-07-15,70.20016479492188
WMT,2024-07-22,69.23770141601562
WMT,2024-07-29,67.92796325683594
WMT,2024-08-05,67.42192077636719
WMT,2024-08-12,72.87918090820312
WMT,2024-08-19,75.32579040527344
WMT,2024-08-26,76.84823608398438
WMT,2024-09-02,76.26115417480469
WMT,2024-09-09,80.20156860351562
WMT,2024-09-16,78.66918182373047
WMT,2024-09-23,79.38562774658203
WMT,2024-09-30,80.5398941040039
WMT,2024-10-07,79.70404815673828
WMT,2024-10-14,80.90806579589844
WMT,2024-10-21,82.10214233398438
WMT,2024-10-28,81.78372192382812
WMT,2024-11-04,84.4106674194336
WMT,2024-11-11,83.83353424072266
WMT,2024-11-18,89.99293518066406
WMT,2024-11-25,92.04275512695312
WMT,2024-12-02,95.2269287109375
WMT,2024-12-09,93.78410339355467
WMT,2024-12-16,91.98738861083984
WMT,2024-12-23,91.4089813232422
WMT,2024-12-30,90.53138732910156
WMT,2025-01-06,92.74530792236328
WMT,2025-01-13,91.68821716308594
WMT,2025-01-20,94.50049591064452
WMT,2025-01-27,97.89118194580078
WMT,2025-02-03,100.87299346923828
WMT,2025-02-10,103.7550811767578
WMT,2025-02-17,94.52043151855467
WMT,2025-02-24,98.33995056152344
WMT,2025-03-03,91.46881866455078
WMT,2025-03-10,85.11625671386719
WMT,2025-03-17,85.74453735351562
WMT,2025-03-24,85.1500015258789
WMT,2025-03-31,83.19000244140625
XOM,2024-03-18,109.78434753417967
XOM,2024-03-25,112.4445571899414
XOM,2024-04-01,117.40705871582033
XOM,2024-04-08,116.43970489501952
XOM,2024-04-15,115.9656982421875
XOM,2024-04-22,114.1083984375
XOM,2024-04-29,112.21239471435548
XOM,2024-05-06,114.1083984375
XOM,2024-05-13,115.73353576660156
XOM,2024-05-20,110.60780334472656
XOM,2024-05-27,114.35260009765624
XOM,2024-06-03,109.95441436767578
XOM,2024-06-10,106.4046630859375
XOM,2024-06-17,108.01375579833984
XOM,2024-06-24,112.26565551757812
XOM,2024-07-01,110.55904388427734
XOM,2024-07-08,110.4615249633789
XOM,2024-07-15,113.1920928955078
XOM,2024-07-22,114.4208526611328
XOM,2024-07-29,113.98200988769533
XOM,2024-08-05,115.90316772460938
XOM,2024-08-12,115.24002075195312
XOM,2024-08-19,114.34915161132812
XOM,2024-08-26,115.94171142578124
XOM,2024-09-02,110.73149871826172
XOM,2024-09-09,109.2667465209961
XOM,2024-09-16,113.3169403076172
XOM,2024-09-23,113.8576202392578
XOM,2024-09-30,122.7149658203125
XOM,2024-10-07,121.51564025878906
XOM,2024-10-14,117.97663116455078
XOM,2024-10-21,117.46543884277344
XOM,2024-10-28,113.00236511230467
XOM,2024-11-04,119.05799102783205
XOM,2024-11-11,117.28849029541016
XOM,2024-11-18,120.71028137207033
XOM,2024-11-25,116.91423797607422
XOM,2024-12-02,112.56315612792967
XOM,2024-12-09,109.85735321044922
XOM,2024-12-16,104.9314193725586
XOM,2024-12-23,105.5360107421875
XOM,2024-12-30,106.90377807617188
XOM,2025-01-06,105.5954818725586
XOM,2025-01-13,111.32423400878906
XOM,2025-01-20,107.69668579101562
XOM,2025-01-27,105.8829116821289
XOM,2025-02-03,107.92464447021484
XOM,2025-02-10,107.28040313720705
XOM,2025-02-17,110.69000244140624
XOM,2025-02-24,111.33000183105467
XOM,2025-03-03,109.0199966430664
XOM,2025-03-10,111.9000015258789
XOM,2025-03-17,115.5
XOM,2025-03-24,117.7300033569336
XOM,2025-03-31,104.33999633789062
AAPL,2025-04-06,188.38
MSFT,2025-04-06,359.84
GOOGL,2025-04-06,145.6
NVDA,2025-04-06,94.31
META,2025-04-06,504.73
JPM,2025-04-06,210.28
BAC,2025-04-06,34.39
WFC,2025-04-06,60.98
C,2025-04-06,58.13
GS,2025-04-06,470.81
PG,2025-04-06,163.75
KO,2025-04-06,69.93
PEP,2025-04-06,146.61
MO,2025-04-06,56.07
MNST,2025-04-06,57.08
JNJ,2025-04-06,153.24
PFE,2025-04-06,22.97
MRNA,2025-04-06,25.11
LLY,2025-04-06,738.21
UNH,2025-04-06,525.05
XOM,2025-04-06,104.34
CVX,2025-04-06,143.28
COP,2025-04-06,86.29
PSX,2025-04-06,98.81
SLB,2025-04-06,34.78
TSLA,2025-04-06,239.43
F,2025-04-06,9.58
GM,2025-04-06,44.18
RIVN,2025-04-06,11.21
LCID,2025-04-06,2.28
AMZN,2025-04-06,171.0
WMT,2025-04-06,83.19
COST,2025-04-06,916.48
TGT,2025-04-06,95.72
HD,2025-04-06,353.9
BA,2025-04-06,136.59
LMT,2025-04-06,432.15
NOC,2025-04-06,485.52
GD,2025-04-06,250.01
RTX,2025-04-06,117.45
VZ,2025-04-06,43.03
T,2025-04-06,26.64
DIS,2025-04-06,83.53
NFLX,2025-04-06,855.86
CMCSA,2025-04-06,33.38
AMD,2025-04-06,85.76
TSM,2025-04-06,146.8
INTC,2025-04-06,19.85
AVGO,2025-04-06,146.29
QCOM,2025-04-06,127.46
